condition,strategy,epoch,model_label,provider,model,code,failure_type
Type 2 Diabetes Mellitus,zero_shot,1,MedGemma 1.0-27B,ollama,medgemma:27b,314903002,generation_failure
Type 2 Diabetes Mellitus,zero_shot,1,MedGemma 1.0-27B,ollama,medgemma:27b,190390000,generation_failure
Type 2 Diabetes Mellitus,zero_shot,1,MedGemma 1.0-27B,ollama,medgemma:27b,420715001,generation_failure
Type 2 Diabetes Mellitus,zero_shot,1,MedGemma 1.0-27B,ollama,medgemma:27b,314904008,generation_failure
Type 2 Diabetes Mellitus,zero_shot,1,MedGemma 1.0-27B,ollama,medgemma:27b,421750000,generation_failure
Type 2 Diabetes Mellitus,zero_shot,1,MedGemma 1.0-27B,ollama,medgemma:27b,789569005,retrieval_failure
Type 2 Diabetes Mellitus,zero_shot,1,MedGemma 1.0-27B,ollama,medgemma:27b,237599002,generation_failure
Type 2 Diabetes Mellitus,zero_shot,1,MedGemma 1.0-27B,ollama,medgemma:27b,703136005,retrieval_failure
Type 2 Diabetes Mellitus,zero_shot,1,MedGemma 1.0-27B,ollama,medgemma:27b,421847006,generation_failure
Type 2 Diabetes Mellitus,zero_shot,1,MedGemma 1.0-27B,ollama,medgemma:27b,140381000119104,generation_failure
Type 2 Diabetes Mellitus,zero_shot,1,MedGemma 1.0-27B,ollama,medgemma:27b,140531000119105,generation_failure
Type 2 Diabetes Mellitus,zero_shot,1,MedGemma 1.0-27B,ollama,medgemma:27b,395204000,generation_failure
Type 2 Diabetes Mellitus,zero_shot,1,MedGemma 1.0-27B,ollama,medgemma:27b,1196922005,retrieval_failure
Type 2 Diabetes Mellitus,zero_shot,1,MedGemma 1.0-27B,ollama,medgemma:27b,1481000119100,generation_failure
Type 2 Diabetes Mellitus,zero_shot,1,MedGemma 1.0-27B,ollama,medgemma:27b,190389009,generation_failure
Type 2 Diabetes Mellitus (Audit),zero_shot,1,MedGemma 1.0-27B,ollama,medgemma:27b,97621000119107,generation_failure
Type 2 Diabetes Mellitus (Audit),zero_shot,1,MedGemma 1.0-27B,ollama,medgemma:27b,97331000119101,generation_failure
Type 2 Diabetes Mellitus (Audit),zero_shot,1,MedGemma 1.0-27B,ollama,medgemma:27b,140381000119104,generation_failure
Type 2 Diabetes Mellitus (Audit),zero_shot,1,MedGemma 1.0-27B,ollama,medgemma:27b,140121000119100,retrieval_failure
Type 2 Diabetes Mellitus (Audit),zero_shot,1,MedGemma 1.0-27B,ollama,medgemma:27b,368581000119106,generation_failure
Type 2 Diabetes Mellitus (Audit),zero_shot,1,MedGemma 1.0-27B,ollama,medgemma:27b,16747141000119104,generation_failure
Type 2 Diabetes Mellitus (Audit),zero_shot,1,MedGemma 1.0-27B,ollama,medgemma:27b,140521000119107,generation_failure
Type 2 Diabetes Mellitus (Audit),zero_shot,1,MedGemma 1.0-27B,ollama,medgemma:27b,427027005,generation_failure
Type 2 Diabetes Mellitus (Audit),zero_shot,1,MedGemma 1.0-27B,ollama,medgemma:27b,16746261000119108,generation_failure
Type 2 Diabetes Mellitus (Audit),zero_shot,1,MedGemma 1.0-27B,ollama,medgemma:27b,10661671000119102,generation_failure
Type 2 Diabetes Mellitus (Audit),zero_shot,1,MedGemma 1.0-27B,ollama,medgemma:27b,712883005,generation_failure
Type 2 Diabetes Mellitus (Audit),zero_shot,1,MedGemma 1.0-27B,ollama,medgemma:27b,719216001,generation_failure
Type 2 Diabetes Mellitus (Audit),zero_shot,1,MedGemma 1.0-27B,ollama,medgemma:27b,16745051000119107,generation_failure
Type 2 Diabetes Mellitus (Audit),zero_shot,1,MedGemma 1.0-27B,ollama,medgemma:27b,789569005,retrieval_failure
Type 2 Diabetes Mellitus (Audit),zero_shot,1,MedGemma 1.0-27B,ollama,medgemma:27b,421779007,generation_failure
Type 2 Diabetes Mellitus (Audit),zero_shot,1,MedGemma 1.0-27B,ollama,medgemma:27b,15936501000119100,generation_failure
Type 2 Diabetes Mellitus (Audit),zero_shot,1,MedGemma 1.0-27B,ollama,medgemma:27b,761000119102,generation_failure
Type 2 Diabetes Mellitus (Audit),zero_shot,1,MedGemma 1.0-27B,ollama,medgemma:27b,1481000119100,generation_failure
Type 2 Diabetes Mellitus (Audit),zero_shot,1,MedGemma 1.0-27B,ollama,medgemma:27b,16745651000119101,retrieval_failure
Type 2 Diabetes Mellitus (Audit),zero_shot,1,MedGemma 1.0-27B,ollama,medgemma:27b,104961000119108,generation_failure
Type 2 Diabetes Mellitus (Audit),zero_shot,1,MedGemma 1.0-27B,ollama,medgemma:27b,422099009,generation_failure
Type 2 Diabetes Mellitus (Audit),zero_shot,1,MedGemma 1.0-27B,ollama,medgemma:27b,82541000119100,generation_failure
Type 2 Diabetes Mellitus (Audit),zero_shot,1,MedGemma 1.0-27B,ollama,medgemma:27b,16746131000119105,generation_failure
Type 2 Diabetes Mellitus (Audit),zero_shot,1,MedGemma 1.0-27B,ollama,medgemma:27b,190331003,generation_failure
Type 2 Diabetes Mellitus (Audit),zero_shot,1,MedGemma 1.0-27B,ollama,medgemma:27b,140391000119101,generation_failure
Type 2 Diabetes Mellitus (Audit),zero_shot,1,MedGemma 1.0-27B,ollama,medgemma:27b,190389009,generation_failure
Type 2 Diabetes Mellitus (Audit),zero_shot,1,MedGemma 1.0-27B,ollama,medgemma:27b,16747021000119109,generation_failure
Type 2 Diabetes Mellitus (Audit),zero_shot,1,MedGemma 1.0-27B,ollama,medgemma:27b,721284006,generation_failure
Type 2 Diabetes Mellitus (Audit),zero_shot,1,MedGemma 1.0-27B,ollama,medgemma:27b,16745931000119102,retrieval_failure
Type 2 Diabetes Mellitus (Audit),zero_shot,1,MedGemma 1.0-27B,ollama,medgemma:27b,237599002,generation_failure
Type 2 Diabetes Mellitus (Audit),zero_shot,1,MedGemma 1.0-27B,ollama,medgemma:27b,140131000119102,generation_failure
Type 2 Diabetes Mellitus (Audit),zero_shot,1,MedGemma 1.0-27B,ollama,medgemma:27b,60951000119105,generation_failure
Type 2 Diabetes Mellitus (Audit),zero_shot,1,MedGemma 1.0-27B,ollama,medgemma:27b,110171000119107,generation_failure
Type 2 Diabetes Mellitus (Audit),zero_shot,1,MedGemma 1.0-27B,ollama,medgemma:27b,110181000119105,generation_failure
Type 2 Diabetes Mellitus (Audit),zero_shot,1,MedGemma 1.0-27B,ollama,medgemma:27b,1196922005,retrieval_failure
Type 2 Diabetes Mellitus (Audit),zero_shot,1,MedGemma 1.0-27B,ollama,medgemma:27b,422034002,generation_failure
Type 2 Diabetes Mellitus (Audit),zero_shot,1,MedGemma 1.0-27B,ollama,medgemma:27b,701000119103,generation_failure
Type 2 Diabetes Mellitus (Audit),zero_shot,1,MedGemma 1.0-27B,ollama,medgemma:27b,421847006,generation_failure
Type 2 Diabetes Mellitus (Audit),zero_shot,1,MedGemma 1.0-27B,ollama,medgemma:27b,1551000119108,generation_failure
Type 2 Diabetes Mellitus (Audit),zero_shot,1,MedGemma 1.0-27B,ollama,medgemma:27b,1511000119107,generation_failure
Type 2 Diabetes Mellitus (Audit),zero_shot,1,MedGemma 1.0-27B,ollama,medgemma:27b,314904008,generation_failure
Type 2 Diabetes Mellitus (Audit),zero_shot,1,MedGemma 1.0-27B,ollama,medgemma:27b,87451000119102,generation_failure
Type 2 Diabetes Mellitus (Audit),zero_shot,1,MedGemma 1.0-27B,ollama,medgemma:27b,9859006,retrieval_failure
Type 2 Diabetes Mellitus (Audit),zero_shot,1,MedGemma 1.0-27B,ollama,medgemma:27b,789567007,retrieval_failure
Type 2 Diabetes Mellitus (Audit),zero_shot,1,MedGemma 1.0-27B,ollama,medgemma:27b,87461000119100,generation_failure
Type 2 Diabetes Mellitus (Audit),zero_shot,1,MedGemma 1.0-27B,ollama,medgemma:27b,789570006,retrieval_failure
Type 2 Diabetes Mellitus (Audit),zero_shot,1,MedGemma 1.0-27B,ollama,medgemma:27b,368591000119109,generation_failure
Type 2 Diabetes Mellitus (Audit),zero_shot,1,MedGemma 1.0-27B,ollama,medgemma:27b,420436000,generation_failure
Type 2 Diabetes Mellitus (Audit),zero_shot,1,MedGemma 1.0-27B,ollama,medgemma:27b,16745531000119108,retrieval_failure
Type 2 Diabetes Mellitus (Audit),zero_shot,1,MedGemma 1.0-27B,ollama,medgemma:27b,87921000119104,generation_failure
Type 2 Diabetes Mellitus (Audit),zero_shot,1,MedGemma 1.0-27B,ollama,medgemma:27b,731000119105,generation_failure
Type 2 Diabetes Mellitus (Audit),zero_shot,1,MedGemma 1.0-27B,ollama,medgemma:27b,140531000119105,generation_failure
Type 2 Diabetes Mellitus (Audit),zero_shot,1,MedGemma 1.0-27B,ollama,medgemma:27b,157141000119108,generation_failure
Type 2 Diabetes Mellitus (Audit),zero_shot,1,MedGemma 1.0-27B,ollama,medgemma:27b,279321000000104,generation_failure
Type 2 Diabetes Mellitus (Audit),zero_shot,1,MedGemma 1.0-27B,ollama,medgemma:27b,24471000000103,generation_failure
Type 2 Diabetes Mellitus (Audit),zero_shot,1,MedGemma 1.0-27B,ollama,medgemma:27b,201000119106,generation_failure
Type 2 Diabetes Mellitus (Audit),zero_shot,1,MedGemma 1.0-27B,ollama,medgemma:27b,16747661000119109,generation_failure
Type 2 Diabetes Mellitus (Audit),zero_shot,1,MedGemma 1.0-27B,ollama,medgemma:27b,791000119109,generation_failure
Type 2 Diabetes Mellitus (Audit),zero_shot,1,MedGemma 1.0-27B,ollama,medgemma:27b,90791000119104,generation_failure
Type 2 Diabetes Mellitus (Audit),zero_shot,1,MedGemma 1.0-27B,ollama,medgemma:27b,721000119107,generation_failure
Type 2 Diabetes Mellitus (Audit),zero_shot,1,MedGemma 1.0-27B,ollama,medgemma:27b,16749661000119102,generation_failure
Type 2 Diabetes Mellitus (Audit),zero_shot,1,MedGemma 1.0-27B,ollama,medgemma:27b,24481000000101,generation_failure
Type 2 Diabetes Mellitus (Audit),zero_shot,1,MedGemma 1.0-27B,ollama,medgemma:27b,10656271000119102,retrieval_failure
Type 2 Diabetes Mellitus (Audit),zero_shot,1,MedGemma 1.0-27B,ollama,medgemma:27b,72051000119101,generation_failure
Type 2 Diabetes Mellitus (Audit),zero_shot,1,MedGemma 1.0-27B,ollama,medgemma:27b,137931000119102,generation_failure
Type 2 Diabetes Mellitus (Audit),zero_shot,1,MedGemma 1.0-27B,ollama,medgemma:27b,427134009,generation_failure
Type 2 Diabetes Mellitus (Audit),zero_shot,1,MedGemma 1.0-27B,ollama,medgemma:27b,395204000,generation_failure
Type 2 Diabetes Mellitus (Audit),zero_shot,1,MedGemma 1.0-27B,ollama,medgemma:27b,140101000119109,retrieval_failure
Type 2 Diabetes Mellitus (Audit),zero_shot,1,MedGemma 1.0-27B,ollama,medgemma:27b,119831000119106,generation_failure
Type 2 Diabetes Mellitus (Audit),zero_shot,1,MedGemma 1.0-27B,ollama,medgemma:27b,190390000,generation_failure
Type 2 Diabetes Mellitus (Audit),zero_shot,1,MedGemma 1.0-27B,ollama,medgemma:27b,754121000000107,generation_failure
Type 2 Diabetes Mellitus (Audit),zero_shot,1,MedGemma 1.0-27B,ollama,medgemma:27b,84361000119102,generation_failure
Type 2 Diabetes Mellitus (Audit),zero_shot,1,MedGemma 1.0-27B,ollama,medgemma:27b,90781000119102,generation_failure
Type 2 Diabetes Mellitus (Audit),zero_shot,1,MedGemma 1.0-27B,ollama,medgemma:27b,420756003,generation_failure
Type 2 Diabetes Mellitus (Audit),zero_shot,1,MedGemma 1.0-27B,ollama,medgemma:27b,87441000119104,generation_failure
Type 2 Diabetes Mellitus (Audit),zero_shot,1,MedGemma 1.0-27B,ollama,medgemma:27b,421631007,generation_failure
Type 2 Diabetes Mellitus (Audit),zero_shot,1,MedGemma 1.0-27B,ollama,medgemma:27b,16747901000119104,retrieval_failure
Type 2 Diabetes Mellitus (Audit),zero_shot,1,MedGemma 1.0-27B,ollama,medgemma:27b,108791000119108,generation_failure
Type 2 Diabetes Mellitus (Audit),zero_shot,1,MedGemma 1.0-27B,ollama,medgemma:27b,421750000,generation_failure
Type 2 Diabetes Mellitus (Audit),zero_shot,1,MedGemma 1.0-27B,ollama,medgemma:27b,16746341000119103,generation_failure
Type 2 Diabetes Mellitus (Audit),zero_shot,1,MedGemma 1.0-27B,ollama,medgemma:27b,41911000119107,generation_failure
Type 2 Diabetes Mellitus (Audit),zero_shot,1,MedGemma 1.0-27B,ollama,medgemma:27b,420279001,generation_failure
Type 2 Diabetes Mellitus (Audit),zero_shot,1,MedGemma 1.0-27B,ollama,medgemma:27b,108781000119105,generation_failure
Type 2 Diabetes Mellitus (Audit),zero_shot,1,MedGemma 1.0-27B,ollama,medgemma:27b,781000119106,generation_failure
Type 2 Diabetes Mellitus (Audit),zero_shot,1,MedGemma 1.0-27B,ollama,medgemma:27b,111231000119109,retrieval_failure
Type 2 Diabetes Mellitus (Audit),zero_shot,1,MedGemma 1.0-27B,ollama,medgemma:27b,138921000119104,generation_failure
Type 2 Diabetes Mellitus (Audit),zero_shot,1,MedGemma 1.0-27B,ollama,medgemma:27b,711000119100,generation_failure
Type 2 Diabetes Mellitus (Audit),zero_shot,1,MedGemma 1.0-27B,ollama,medgemma:27b,422166005,generation_failure
Type 2 Diabetes Mellitus (Audit),zero_shot,1,MedGemma 1.0-27B,ollama,medgemma:27b,741000119101,generation_failure
Type 2 Diabetes Mellitus (Audit),zero_shot,1,MedGemma 1.0-27B,ollama,medgemma:27b,1144894004,retrieval_failure
Type 2 Diabetes Mellitus (Audit),zero_shot,1,MedGemma 1.0-27B,ollama,medgemma:27b,71441000119104,generation_failure
Type 2 Diabetes Mellitus (Audit),zero_shot,1,MedGemma 1.0-27B,ollama,medgemma:27b,1521000119100,generation_failure
Type 2 Diabetes Mellitus (Audit),zero_shot,1,MedGemma 1.0-27B,ollama,medgemma:27b,421326000,generation_failure
Type 2 Diabetes Mellitus (Audit),zero_shot,1,MedGemma 1.0-27B,ollama,medgemma:27b,1531000119102,generation_failure
Type 2 Diabetes Mellitus (Audit),zero_shot,1,MedGemma 1.0-27B,ollama,medgemma:27b,771000119108,generation_failure
Type 2 Diabetes Mellitus (Audit),zero_shot,1,MedGemma 1.0-27B,ollama,medgemma:27b,164971000119101,generation_failure
Type 2 Diabetes Mellitus (Audit),zero_shot,1,MedGemma 1.0-27B,ollama,medgemma:27b,16746901000119101,generation_failure
Type 2 Diabetes Mellitus (Audit),zero_shot,1,MedGemma 1.0-27B,ollama,medgemma:27b,713703005,generation_failure
Type 2 Diabetes Mellitus (Audit),zero_shot,1,MedGemma 1.0-27B,ollama,medgemma:27b,140111000119107,retrieval_failure
Type 2 Diabetes Mellitus (Audit),zero_shot,1,MedGemma 1.0-27B,ollama,medgemma:27b,1003605004,generation_failure
Type 2 Diabetes Mellitus (Audit),zero_shot,1,MedGemma 1.0-27B,ollama,medgemma:27b,609567009,generation_failure
Type 2 Diabetes Mellitus (Audit),zero_shot,1,MedGemma 1.0-27B,ollama,medgemma:27b,127991000119101,retrieval_failure
Type 2 Diabetes Mellitus (Audit),zero_shot,1,MedGemma 1.0-27B,ollama,medgemma:27b,314903002,generation_failure
Type 2 Diabetes Mellitus (Audit),zero_shot,1,MedGemma 1.0-27B,ollama,medgemma:27b,368051000119109,generation_failure
Type 2 Diabetes Mellitus (Audit),zero_shot,1,MedGemma 1.0-27B,ollama,medgemma:27b,421986006,generation_failure
Type 2 Diabetes Mellitus (Audit),zero_shot,1,MedGemma 1.0-27B,ollama,medgemma:27b,97341000119105,generation_failure
Type 2 Diabetes Mellitus (Audit),zero_shot,1,MedGemma 1.0-27B,ollama,medgemma:27b,16745131000119100,generation_failure
Type 2 Diabetes Mellitus (Audit),zero_shot,1,MedGemma 1.0-27B,ollama,medgemma:27b,420715001,generation_failure
Type 2 Diabetes Mellitus (Audit),zero_shot,1,MedGemma 1.0-27B,ollama,medgemma:27b,1501000119109,retrieval_failure
Type 2 Diabetes Mellitus (Audit),zero_shot,1,MedGemma 1.0-27B,ollama,medgemma:27b,28331000119107,generation_failure
Type 2 Diabetes Mellitus (Audit),zero_shot,1,MedGemma 1.0-27B,ollama,medgemma:27b,1491000119102,retrieval_failure
Type 2 Diabetes Mellitus (Audit),zero_shot,1,MedGemma 1.0-27B,ollama,medgemma:27b,237627000,generation_failure
Type 2 Diabetes Mellitus (Audit),zero_shot,1,MedGemma 1.0-27B,ollama,medgemma:27b,10660471000119109,generation_failure
Type 2 Diabetes Mellitus (Audit),zero_shot,1,MedGemma 1.0-27B,ollama,medgemma:27b,102621000119101,generation_failure
Type 2 Diabetes Mellitus,zero_shot,2,MedGemma 1.0-27B,ollama,medgemma:27b,314903002,generation_failure
Type 2 Diabetes Mellitus,zero_shot,2,MedGemma 1.0-27B,ollama,medgemma:27b,190390000,generation_failure
Type 2 Diabetes Mellitus,zero_shot,2,MedGemma 1.0-27B,ollama,medgemma:27b,420715001,generation_failure
Type 2 Diabetes Mellitus,zero_shot,2,MedGemma 1.0-27B,ollama,medgemma:27b,314904008,generation_failure
Type 2 Diabetes Mellitus,zero_shot,2,MedGemma 1.0-27B,ollama,medgemma:27b,421750000,generation_failure
Type 2 Diabetes Mellitus,zero_shot,2,MedGemma 1.0-27B,ollama,medgemma:27b,445353002,generation_failure
Type 2 Diabetes Mellitus,zero_shot,2,MedGemma 1.0-27B,ollama,medgemma:27b,789569005,retrieval_failure
Type 2 Diabetes Mellitus,zero_shot,2,MedGemma 1.0-27B,ollama,medgemma:27b,703136005,retrieval_failure
Type 2 Diabetes Mellitus,zero_shot,2,MedGemma 1.0-27B,ollama,medgemma:27b,421847006,generation_failure
Type 2 Diabetes Mellitus,zero_shot,2,MedGemma 1.0-27B,ollama,medgemma:27b,140381000119104,generation_failure
Type 2 Diabetes Mellitus,zero_shot,2,MedGemma 1.0-27B,ollama,medgemma:27b,140531000119105,generation_failure
Type 2 Diabetes Mellitus,zero_shot,2,MedGemma 1.0-27B,ollama,medgemma:27b,314902007,generation_failure
Type 2 Diabetes Mellitus,zero_shot,2,MedGemma 1.0-27B,ollama,medgemma:27b,1196922005,retrieval_failure
Type 2 Diabetes Mellitus,zero_shot,2,MedGemma 1.0-27B,ollama,medgemma:27b,1481000119100,generation_failure
Type 2 Diabetes Mellitus (Audit),zero_shot,2,MedGemma 1.0-27B,ollama,medgemma:27b,140381000119104,generation_failure
Type 2 Diabetes Mellitus (Audit),zero_shot,2,MedGemma 1.0-27B,ollama,medgemma:27b,140121000119100,retrieval_failure
Type 2 Diabetes Mellitus (Audit),zero_shot,2,MedGemma 1.0-27B,ollama,medgemma:27b,16747141000119104,generation_failure
Type 2 Diabetes Mellitus (Audit),zero_shot,2,MedGemma 1.0-27B,ollama,medgemma:27b,140521000119107,generation_failure
Type 2 Diabetes Mellitus (Audit),zero_shot,2,MedGemma 1.0-27B,ollama,medgemma:27b,16746261000119108,generation_failure
Type 2 Diabetes Mellitus (Audit),zero_shot,2,MedGemma 1.0-27B,ollama,medgemma:27b,10661671000119102,generation_failure
Type 2 Diabetes Mellitus (Audit),zero_shot,2,MedGemma 1.0-27B,ollama,medgemma:27b,719216001,generation_failure
Type 2 Diabetes Mellitus (Audit),zero_shot,2,MedGemma 1.0-27B,ollama,medgemma:27b,16745051000119107,generation_failure
Type 2 Diabetes Mellitus (Audit),zero_shot,2,MedGemma 1.0-27B,ollama,medgemma:27b,789569005,retrieval_failure
Type 2 Diabetes Mellitus (Audit),zero_shot,2,MedGemma 1.0-27B,ollama,medgemma:27b,421779007,generation_failure
Type 2 Diabetes Mellitus (Audit),zero_shot,2,MedGemma 1.0-27B,ollama,medgemma:27b,15936501000119100,generation_failure
Type 2 Diabetes Mellitus (Audit),zero_shot,2,MedGemma 1.0-27B,ollama,medgemma:27b,761000119102,generation_failure
Type 2 Diabetes Mellitus (Audit),zero_shot,2,MedGemma 1.0-27B,ollama,medgemma:27b,1481000119100,generation_failure
Type 2 Diabetes Mellitus (Audit),zero_shot,2,MedGemma 1.0-27B,ollama,medgemma:27b,16745651000119101,retrieval_failure
Type 2 Diabetes Mellitus (Audit),zero_shot,2,MedGemma 1.0-27B,ollama,medgemma:27b,104961000119108,generation_failure
Type 2 Diabetes Mellitus (Audit),zero_shot,2,MedGemma 1.0-27B,ollama,medgemma:27b,82541000119100,generation_failure
Type 2 Diabetes Mellitus (Audit),zero_shot,2,MedGemma 1.0-27B,ollama,medgemma:27b,16746131000119105,generation_failure
Type 2 Diabetes Mellitus (Audit),zero_shot,2,MedGemma 1.0-27B,ollama,medgemma:27b,190331003,generation_failure
Type 2 Diabetes Mellitus (Audit),zero_shot,2,MedGemma 1.0-27B,ollama,medgemma:27b,140391000119101,generation_failure
Type 2 Diabetes Mellitus (Audit),zero_shot,2,MedGemma 1.0-27B,ollama,medgemma:27b,72061000119104,generation_failure
Type 2 Diabetes Mellitus (Audit),zero_shot,2,MedGemma 1.0-27B,ollama,medgemma:27b,16747021000119109,generation_failure
Type 2 Diabetes Mellitus (Audit),zero_shot,2,MedGemma 1.0-27B,ollama,medgemma:27b,16745931000119102,retrieval_failure
Type 2 Diabetes Mellitus (Audit),zero_shot,2,MedGemma 1.0-27B,ollama,medgemma:27b,140131000119102,generation_failure
Type 2 Diabetes Mellitus (Audit),zero_shot,2,MedGemma 1.0-27B,ollama,medgemma:27b,110171000119107,generation_failure
Type 2 Diabetes Mellitus (Audit),zero_shot,2,MedGemma 1.0-27B,ollama,medgemma:27b,110181000119105,generation_failure
Type 2 Diabetes Mellitus (Audit),zero_shot,2,MedGemma 1.0-27B,ollama,medgemma:27b,1196922005,retrieval_failure
Type 2 Diabetes Mellitus (Audit),zero_shot,2,MedGemma 1.0-27B,ollama,medgemma:27b,422034002,generation_failure
Type 2 Diabetes Mellitus (Audit),zero_shot,2,MedGemma 1.0-27B,ollama,medgemma:27b,701000119103,generation_failure
Type 2 Diabetes Mellitus (Audit),zero_shot,2,MedGemma 1.0-27B,ollama,medgemma:27b,421847006,generation_failure
Type 2 Diabetes Mellitus (Audit),zero_shot,2,MedGemma 1.0-27B,ollama,medgemma:27b,120731000119103,generation_failure
Type 2 Diabetes Mellitus (Audit),zero_shot,2,MedGemma 1.0-27B,ollama,medgemma:27b,1511000119107,generation_failure
Type 2 Diabetes Mellitus (Audit),zero_shot,2,MedGemma 1.0-27B,ollama,medgemma:27b,1551000119108,generation_failure
Type 2 Diabetes Mellitus (Audit),zero_shot,2,MedGemma 1.0-27B,ollama,medgemma:27b,314904008,generation_failure
Type 2 Diabetes Mellitus (Audit),zero_shot,2,MedGemma 1.0-27B,ollama,medgemma:27b,87451000119102,generation_failure
Type 2 Diabetes Mellitus (Audit),zero_shot,2,MedGemma 1.0-27B,ollama,medgemma:27b,9859006,retrieval_failure
Type 2 Diabetes Mellitus (Audit),zero_shot,2,MedGemma 1.0-27B,ollama,medgemma:27b,789567007,retrieval_failure
Type 2 Diabetes Mellitus (Audit),zero_shot,2,MedGemma 1.0-27B,ollama,medgemma:27b,81531005,generation_failure
Type 2 Diabetes Mellitus (Audit),zero_shot,2,MedGemma 1.0-27B,ollama,medgemma:27b,87461000119100,generation_failure
Type 2 Diabetes Mellitus (Audit),zero_shot,2,MedGemma 1.0-27B,ollama,medgemma:27b,789570006,retrieval_failure
Type 2 Diabetes Mellitus (Audit),zero_shot,2,MedGemma 1.0-27B,ollama,medgemma:27b,368591000119109,generation_failure
Type 2 Diabetes Mellitus (Audit),zero_shot,2,MedGemma 1.0-27B,ollama,medgemma:27b,420436000,generation_failure
Type 2 Diabetes Mellitus (Audit),zero_shot,2,MedGemma 1.0-27B,ollama,medgemma:27b,16745531000119108,retrieval_failure
Type 2 Diabetes Mellitus (Audit),zero_shot,2,MedGemma 1.0-27B,ollama,medgemma:27b,87921000119104,generation_failure
Type 2 Diabetes Mellitus (Audit),zero_shot,2,MedGemma 1.0-27B,ollama,medgemma:27b,731000119105,generation_failure
Type 2 Diabetes Mellitus (Audit),zero_shot,2,MedGemma 1.0-27B,ollama,medgemma:27b,140531000119105,generation_failure
Type 2 Diabetes Mellitus (Audit),zero_shot,2,MedGemma 1.0-27B,ollama,medgemma:27b,157141000119108,generation_failure
Type 2 Diabetes Mellitus (Audit),zero_shot,2,MedGemma 1.0-27B,ollama,medgemma:27b,279321000000104,generation_failure
Type 2 Diabetes Mellitus (Audit),zero_shot,2,MedGemma 1.0-27B,ollama,medgemma:27b,24471000000103,generation_failure
Type 2 Diabetes Mellitus (Audit),zero_shot,2,MedGemma 1.0-27B,ollama,medgemma:27b,201000119106,generation_failure
Type 2 Diabetes Mellitus (Audit),zero_shot,2,MedGemma 1.0-27B,ollama,medgemma:27b,314902007,generation_failure
Type 2 Diabetes Mellitus (Audit),zero_shot,2,MedGemma 1.0-27B,ollama,medgemma:27b,16747661000119109,generation_failure
Type 2 Diabetes Mellitus (Audit),zero_shot,2,MedGemma 1.0-27B,ollama,medgemma:27b,791000119109,generation_failure
Type 2 Diabetes Mellitus (Audit),zero_shot,2,MedGemma 1.0-27B,ollama,medgemma:27b,90791000119104,generation_failure
Type 2 Diabetes Mellitus (Audit),zero_shot,2,MedGemma 1.0-27B,ollama,medgemma:27b,721000119107,generation_failure
Type 2 Diabetes Mellitus (Audit),zero_shot,2,MedGemma 1.0-27B,ollama,medgemma:27b,71421000119105,generation_failure
Type 2 Diabetes Mellitus (Audit),zero_shot,2,MedGemma 1.0-27B,ollama,medgemma:27b,24481000000101,generation_failure
Type 2 Diabetes Mellitus (Audit),zero_shot,2,MedGemma 1.0-27B,ollama,medgemma:27b,10656271000119102,retrieval_failure
Type 2 Diabetes Mellitus (Audit),zero_shot,2,MedGemma 1.0-27B,ollama,medgemma:27b,72051000119101,generation_failure
Type 2 Diabetes Mellitus (Audit),zero_shot,2,MedGemma 1.0-27B,ollama,medgemma:27b,137931000119102,generation_failure
Type 2 Diabetes Mellitus (Audit),zero_shot,2,MedGemma 1.0-27B,ollama,medgemma:27b,427134009,generation_failure
Type 2 Diabetes Mellitus (Audit),zero_shot,2,MedGemma 1.0-27B,ollama,medgemma:27b,140101000119109,retrieval_failure
Type 2 Diabetes Mellitus (Audit),zero_shot,2,MedGemma 1.0-27B,ollama,medgemma:27b,119831000119106,generation_failure
Type 2 Diabetes Mellitus (Audit),zero_shot,2,MedGemma 1.0-27B,ollama,medgemma:27b,190390000,generation_failure
Type 2 Diabetes Mellitus (Audit),zero_shot,2,MedGemma 1.0-27B,ollama,medgemma:27b,713706002,generation_failure
Type 2 Diabetes Mellitus (Audit),zero_shot,2,MedGemma 1.0-27B,ollama,medgemma:27b,90781000119102,generation_failure
Type 2 Diabetes Mellitus (Audit),zero_shot,2,MedGemma 1.0-27B,ollama,medgemma:27b,420756003,generation_failure
Type 2 Diabetes Mellitus (Audit),zero_shot,2,MedGemma 1.0-27B,ollama,medgemma:27b,87441000119104,generation_failure
Type 2 Diabetes Mellitus (Audit),zero_shot,2,MedGemma 1.0-27B,ollama,medgemma:27b,16747901000119104,retrieval_failure
Type 2 Diabetes Mellitus (Audit),zero_shot,2,MedGemma 1.0-27B,ollama,medgemma:27b,108791000119108,generation_failure
Type 2 Diabetes Mellitus (Audit),zero_shot,2,MedGemma 1.0-27B,ollama,medgemma:27b,421750000,generation_failure
Type 2 Diabetes Mellitus (Audit),zero_shot,2,MedGemma 1.0-27B,ollama,medgemma:27b,16746341000119103,generation_failure
Type 2 Diabetes Mellitus (Audit),zero_shot,2,MedGemma 1.0-27B,ollama,medgemma:27b,41911000119107,generation_failure
Type 2 Diabetes Mellitus (Audit),zero_shot,2,MedGemma 1.0-27B,ollama,medgemma:27b,420279001,generation_failure
Type 2 Diabetes Mellitus (Audit),zero_shot,2,MedGemma 1.0-27B,ollama,medgemma:27b,108781000119105,generation_failure
Type 2 Diabetes Mellitus (Audit),zero_shot,2,MedGemma 1.0-27B,ollama,medgemma:27b,781000119106,generation_failure
Type 2 Diabetes Mellitus (Audit),zero_shot,2,MedGemma 1.0-27B,ollama,medgemma:27b,111231000119109,retrieval_failure
Type 2 Diabetes Mellitus (Audit),zero_shot,2,MedGemma 1.0-27B,ollama,medgemma:27b,711000119100,generation_failure
Type 2 Diabetes Mellitus (Audit),zero_shot,2,MedGemma 1.0-27B,ollama,medgemma:27b,422166005,generation_failure
Type 2 Diabetes Mellitus (Audit),zero_shot,2,MedGemma 1.0-27B,ollama,medgemma:27b,428007007,generation_failure
Type 2 Diabetes Mellitus (Audit),zero_shot,2,MedGemma 1.0-27B,ollama,medgemma:27b,741000119101,generation_failure
Type 2 Diabetes Mellitus (Audit),zero_shot,2,MedGemma 1.0-27B,ollama,medgemma:27b,1144894004,retrieval_failure
Type 2 Diabetes Mellitus (Audit),zero_shot,2,MedGemma 1.0-27B,ollama,medgemma:27b,71441000119104,generation_failure
Type 2 Diabetes Mellitus (Audit),zero_shot,2,MedGemma 1.0-27B,ollama,medgemma:27b,16891151000119103,generation_failure
Type 2 Diabetes Mellitus (Audit),zero_shot,2,MedGemma 1.0-27B,ollama,medgemma:27b,1521000119100,generation_failure
Type 2 Diabetes Mellitus (Audit),zero_shot,2,MedGemma 1.0-27B,ollama,medgemma:27b,421326000,generation_failure
Type 2 Diabetes Mellitus (Audit),zero_shot,2,MedGemma 1.0-27B,ollama,medgemma:27b,1531000119102,generation_failure
Type 2 Diabetes Mellitus (Audit),zero_shot,2,MedGemma 1.0-27B,ollama,medgemma:27b,771000119108,generation_failure
Type 2 Diabetes Mellitus (Audit),zero_shot,2,MedGemma 1.0-27B,ollama,medgemma:27b,164971000119101,generation_failure
Type 2 Diabetes Mellitus (Audit),zero_shot,2,MedGemma 1.0-27B,ollama,medgemma:27b,16746901000119101,generation_failure
Type 2 Diabetes Mellitus (Audit),zero_shot,2,MedGemma 1.0-27B,ollama,medgemma:27b,140111000119107,retrieval_failure
Type 2 Diabetes Mellitus (Audit),zero_shot,2,MedGemma 1.0-27B,ollama,medgemma:27b,1003605004,generation_failure
Type 2 Diabetes Mellitus (Audit),zero_shot,2,MedGemma 1.0-27B,ollama,medgemma:27b,127991000119101,retrieval_failure
Type 2 Diabetes Mellitus (Audit),zero_shot,2,MedGemma 1.0-27B,ollama,medgemma:27b,314903002,generation_failure
Type 2 Diabetes Mellitus (Audit),zero_shot,2,MedGemma 1.0-27B,ollama,medgemma:27b,368051000119109,generation_failure
Type 2 Diabetes Mellitus (Audit),zero_shot,2,MedGemma 1.0-27B,ollama,medgemma:27b,138911000119106,generation_failure
Type 2 Diabetes Mellitus (Audit),zero_shot,2,MedGemma 1.0-27B,ollama,medgemma:27b,421986006,generation_failure
Type 2 Diabetes Mellitus (Audit),zero_shot,2,MedGemma 1.0-27B,ollama,medgemma:27b,97341000119105,generation_failure
Type 2 Diabetes Mellitus (Audit),zero_shot,2,MedGemma 1.0-27B,ollama,medgemma:27b,16745131000119100,generation_failure
Type 2 Diabetes Mellitus (Audit),zero_shot,2,MedGemma 1.0-27B,ollama,medgemma:27b,420715001,generation_failure
Type 2 Diabetes Mellitus (Audit),zero_shot,2,MedGemma 1.0-27B,ollama,medgemma:27b,1501000119109,retrieval_failure
Type 2 Diabetes Mellitus (Audit),zero_shot,2,MedGemma 1.0-27B,ollama,medgemma:27b,28331000119107,generation_failure
Type 2 Diabetes Mellitus (Audit),zero_shot,2,MedGemma 1.0-27B,ollama,medgemma:27b,1491000119102,retrieval_failure
Type 2 Diabetes Mellitus (Audit),zero_shot,2,MedGemma 1.0-27B,ollama,medgemma:27b,237627000,generation_failure
Type 2 Diabetes Mellitus (Audit),zero_shot,2,MedGemma 1.0-27B,ollama,medgemma:27b,10660471000119109,generation_failure
Type 2 Diabetes Mellitus (Audit),zero_shot,2,MedGemma 1.0-27B,ollama,medgemma:27b,445353002,generation_failure
Type 2 Diabetes Mellitus (Audit),zero_shot,2,MedGemma 1.0-27B,ollama,medgemma:27b,102621000119101,generation_failure
Type 2 Diabetes Mellitus,zero_shot,3,MedGemma 1.0-27B,ollama,medgemma:27b,314903002,generation_failure
Type 2 Diabetes Mellitus,zero_shot,3,MedGemma 1.0-27B,ollama,medgemma:27b,190390000,generation_failure
Type 2 Diabetes Mellitus,zero_shot,3,MedGemma 1.0-27B,ollama,medgemma:27b,314904008,generation_failure
Type 2 Diabetes Mellitus,zero_shot,3,MedGemma 1.0-27B,ollama,medgemma:27b,421750000,generation_failure
Type 2 Diabetes Mellitus,zero_shot,3,MedGemma 1.0-27B,ollama,medgemma:27b,445353002,generation_failure
Type 2 Diabetes Mellitus,zero_shot,3,MedGemma 1.0-27B,ollama,medgemma:27b,789569005,retrieval_failure
Type 2 Diabetes Mellitus,zero_shot,3,MedGemma 1.0-27B,ollama,medgemma:27b,703136005,retrieval_failure
Type 2 Diabetes Mellitus,zero_shot,3,MedGemma 1.0-27B,ollama,medgemma:27b,421847006,generation_failure
Type 2 Diabetes Mellitus,zero_shot,3,MedGemma 1.0-27B,ollama,medgemma:27b,140381000119104,generation_failure
Type 2 Diabetes Mellitus,zero_shot,3,MedGemma 1.0-27B,ollama,medgemma:27b,140531000119105,generation_failure
Type 2 Diabetes Mellitus,zero_shot,3,MedGemma 1.0-27B,ollama,medgemma:27b,314902007,generation_failure
Type 2 Diabetes Mellitus,zero_shot,3,MedGemma 1.0-27B,ollama,medgemma:27b,1196922005,retrieval_failure
Type 2 Diabetes Mellitus,zero_shot,3,MedGemma 1.0-27B,ollama,medgemma:27b,1481000119100,generation_failure
Type 2 Diabetes Mellitus,zero_shot,3,MedGemma 1.0-27B,ollama,medgemma:27b,190389009,generation_failure
Type 2 Diabetes Mellitus (Audit),zero_shot,3,MedGemma 1.0-27B,ollama,medgemma:27b,390716007,generation_failure
Type 2 Diabetes Mellitus (Audit),zero_shot,3,MedGemma 1.0-27B,ollama,medgemma:27b,97621000119107,generation_failure
Type 2 Diabetes Mellitus (Audit),zero_shot,3,MedGemma 1.0-27B,ollama,medgemma:27b,97331000119101,generation_failure
Type 2 Diabetes Mellitus (Audit),zero_shot,3,MedGemma 1.0-27B,ollama,medgemma:27b,140381000119104,generation_failure
Type 2 Diabetes Mellitus (Audit),zero_shot,3,MedGemma 1.0-27B,ollama,medgemma:27b,140121000119100,retrieval_failure
Type 2 Diabetes Mellitus (Audit),zero_shot,3,MedGemma 1.0-27B,ollama,medgemma:27b,368581000119106,generation_failure
Type 2 Diabetes Mellitus (Audit),zero_shot,3,MedGemma 1.0-27B,ollama,medgemma:27b,16747141000119104,generation_failure
Type 2 Diabetes Mellitus (Audit),zero_shot,3,MedGemma 1.0-27B,ollama,medgemma:27b,140521000119107,generation_failure
Type 2 Diabetes Mellitus (Audit),zero_shot,3,MedGemma 1.0-27B,ollama,medgemma:27b,427027005,generation_failure
Type 2 Diabetes Mellitus (Audit),zero_shot,3,MedGemma 1.0-27B,ollama,medgemma:27b,16746261000119108,generation_failure
Type 2 Diabetes Mellitus (Audit),zero_shot,3,MedGemma 1.0-27B,ollama,medgemma:27b,10661671000119102,generation_failure
Type 2 Diabetes Mellitus (Audit),zero_shot,3,MedGemma 1.0-27B,ollama,medgemma:27b,712883005,generation_failure
Type 2 Diabetes Mellitus (Audit),zero_shot,3,MedGemma 1.0-27B,ollama,medgemma:27b,719216001,generation_failure
Type 2 Diabetes Mellitus (Audit),zero_shot,3,MedGemma 1.0-27B,ollama,medgemma:27b,16745051000119107,generation_failure
Type 2 Diabetes Mellitus (Audit),zero_shot,3,MedGemma 1.0-27B,ollama,medgemma:27b,789569005,retrieval_failure
Type 2 Diabetes Mellitus (Audit),zero_shot,3,MedGemma 1.0-27B,ollama,medgemma:27b,421779007,generation_failure
Type 2 Diabetes Mellitus (Audit),zero_shot,3,MedGemma 1.0-27B,ollama,medgemma:27b,15936501000119100,generation_failure
Type 2 Diabetes Mellitus (Audit),zero_shot,3,MedGemma 1.0-27B,ollama,medgemma:27b,761000119102,generation_failure
Type 2 Diabetes Mellitus (Audit),zero_shot,3,MedGemma 1.0-27B,ollama,medgemma:27b,1481000119100,generation_failure
Type 2 Diabetes Mellitus (Audit),zero_shot,3,MedGemma 1.0-27B,ollama,medgemma:27b,16745651000119101,retrieval_failure
Type 2 Diabetes Mellitus (Audit),zero_shot,3,MedGemma 1.0-27B,ollama,medgemma:27b,104961000119108,generation_failure
Type 2 Diabetes Mellitus (Audit),zero_shot,3,MedGemma 1.0-27B,ollama,medgemma:27b,422099009,generation_failure
Type 2 Diabetes Mellitus (Audit),zero_shot,3,MedGemma 1.0-27B,ollama,medgemma:27b,82541000119100,generation_failure
Type 2 Diabetes Mellitus (Audit),zero_shot,3,MedGemma 1.0-27B,ollama,medgemma:27b,16746131000119105,generation_failure
Type 2 Diabetes Mellitus (Audit),zero_shot,3,MedGemma 1.0-27B,ollama,medgemma:27b,190331003,generation_failure
Type 2 Diabetes Mellitus (Audit),zero_shot,3,MedGemma 1.0-27B,ollama,medgemma:27b,140391000119101,generation_failure
Type 2 Diabetes Mellitus (Audit),zero_shot,3,MedGemma 1.0-27B,ollama,medgemma:27b,72061000119104,generation_failure
Type 2 Diabetes Mellitus (Audit),zero_shot,3,MedGemma 1.0-27B,ollama,medgemma:27b,190389009,generation_failure
Type 2 Diabetes Mellitus (Audit),zero_shot,3,MedGemma 1.0-27B,ollama,medgemma:27b,16747021000119109,generation_failure
Type 2 Diabetes Mellitus (Audit),zero_shot,3,MedGemma 1.0-27B,ollama,medgemma:27b,721284006,generation_failure
Type 2 Diabetes Mellitus (Audit),zero_shot,3,MedGemma 1.0-27B,ollama,medgemma:27b,16745931000119102,retrieval_failure
Type 2 Diabetes Mellitus (Audit),zero_shot,3,MedGemma 1.0-27B,ollama,medgemma:27b,140131000119102,generation_failure
Type 2 Diabetes Mellitus (Audit),zero_shot,3,MedGemma 1.0-27B,ollama,medgemma:27b,60951000119105,generation_failure
Type 2 Diabetes Mellitus (Audit),zero_shot,3,MedGemma 1.0-27B,ollama,medgemma:27b,110171000119107,generation_failure
Type 2 Diabetes Mellitus (Audit),zero_shot,3,MedGemma 1.0-27B,ollama,medgemma:27b,110181000119105,generation_failure
Type 2 Diabetes Mellitus (Audit),zero_shot,3,MedGemma 1.0-27B,ollama,medgemma:27b,1196922005,retrieval_failure
Type 2 Diabetes Mellitus (Audit),zero_shot,3,MedGemma 1.0-27B,ollama,medgemma:27b,701000119103,generation_failure
Type 2 Diabetes Mellitus (Audit),zero_shot,3,MedGemma 1.0-27B,ollama,medgemma:27b,421847006,generation_failure
Type 2 Diabetes Mellitus (Audit),zero_shot,3,MedGemma 1.0-27B,ollama,medgemma:27b,120731000119103,generation_failure
Type 2 Diabetes Mellitus (Audit),zero_shot,3,MedGemma 1.0-27B,ollama,medgemma:27b,1511000119107,generation_failure
Type 2 Diabetes Mellitus (Audit),zero_shot,3,MedGemma 1.0-27B,ollama,medgemma:27b,1551000119108,generation_failure
Type 2 Diabetes Mellitus (Audit),zero_shot,3,MedGemma 1.0-27B,ollama,medgemma:27b,314904008,generation_failure
Type 2 Diabetes Mellitus (Audit),zero_shot,3,MedGemma 1.0-27B,ollama,medgemma:27b,87451000119102,generation_failure
Type 2 Diabetes Mellitus (Audit),zero_shot,3,MedGemma 1.0-27B,ollama,medgemma:27b,9859006,retrieval_failure
Type 2 Diabetes Mellitus (Audit),zero_shot,3,MedGemma 1.0-27B,ollama,medgemma:27b,789567007,retrieval_failure
Type 2 Diabetes Mellitus (Audit),zero_shot,3,MedGemma 1.0-27B,ollama,medgemma:27b,87461000119100,generation_failure
Type 2 Diabetes Mellitus (Audit),zero_shot,3,MedGemma 1.0-27B,ollama,medgemma:27b,789570006,retrieval_failure
Type 2 Diabetes Mellitus (Audit),zero_shot,3,MedGemma 1.0-27B,ollama,medgemma:27b,368591000119109,generation_failure
Type 2 Diabetes Mellitus (Audit),zero_shot,3,MedGemma 1.0-27B,ollama,medgemma:27b,420436000,generation_failure
Type 2 Diabetes Mellitus (Audit),zero_shot,3,MedGemma 1.0-27B,ollama,medgemma:27b,16745531000119108,retrieval_failure
Type 2 Diabetes Mellitus (Audit),zero_shot,3,MedGemma 1.0-27B,ollama,medgemma:27b,87921000119104,generation_failure
Type 2 Diabetes Mellitus (Audit),zero_shot,3,MedGemma 1.0-27B,ollama,medgemma:27b,731000119105,generation_failure
Type 2 Diabetes Mellitus (Audit),zero_shot,3,MedGemma 1.0-27B,ollama,medgemma:27b,140531000119105,generation_failure
Type 2 Diabetes Mellitus (Audit),zero_shot,3,MedGemma 1.0-27B,ollama,medgemma:27b,157141000119108,generation_failure
Type 2 Diabetes Mellitus (Audit),zero_shot,3,MedGemma 1.0-27B,ollama,medgemma:27b,279321000000104,generation_failure
Type 2 Diabetes Mellitus (Audit),zero_shot,3,MedGemma 1.0-27B,ollama,medgemma:27b,24471000000103,generation_failure
Type 2 Diabetes Mellitus (Audit),zero_shot,3,MedGemma 1.0-27B,ollama,medgemma:27b,201000119106,generation_failure
Type 2 Diabetes Mellitus (Audit),zero_shot,3,MedGemma 1.0-27B,ollama,medgemma:27b,314902007,generation_failure
Type 2 Diabetes Mellitus (Audit),zero_shot,3,MedGemma 1.0-27B,ollama,medgemma:27b,16747661000119109,generation_failure
Type 2 Diabetes Mellitus (Audit),zero_shot,3,MedGemma 1.0-27B,ollama,medgemma:27b,791000119109,generation_failure
Type 2 Diabetes Mellitus (Audit),zero_shot,3,MedGemma 1.0-27B,ollama,medgemma:27b,90791000119104,generation_failure
Type 2 Diabetes Mellitus (Audit),zero_shot,3,MedGemma 1.0-27B,ollama,medgemma:27b,721000119107,generation_failure
Type 2 Diabetes Mellitus (Audit),zero_shot,3,MedGemma 1.0-27B,ollama,medgemma:27b,71421000119105,generation_failure
Type 2 Diabetes Mellitus (Audit),zero_shot,3,MedGemma 1.0-27B,ollama,medgemma:27b,24481000000101,generation_failure
Type 2 Diabetes Mellitus (Audit),zero_shot,3,MedGemma 1.0-27B,ollama,medgemma:27b,10656271000119102,retrieval_failure
Type 2 Diabetes Mellitus (Audit),zero_shot,3,MedGemma 1.0-27B,ollama,medgemma:27b,72051000119101,generation_failure
Type 2 Diabetes Mellitus (Audit),zero_shot,3,MedGemma 1.0-27B,ollama,medgemma:27b,137931000119102,generation_failure
Type 2 Diabetes Mellitus (Audit),zero_shot,3,MedGemma 1.0-27B,ollama,medgemma:27b,140101000119109,retrieval_failure
Type 2 Diabetes Mellitus (Audit),zero_shot,3,MedGemma 1.0-27B,ollama,medgemma:27b,444110003,generation_failure
Type 2 Diabetes Mellitus (Audit),zero_shot,3,MedGemma 1.0-27B,ollama,medgemma:27b,119831000119106,generation_failure
Type 2 Diabetes Mellitus (Audit),zero_shot,3,MedGemma 1.0-27B,ollama,medgemma:27b,190390000,generation_failure
Type 2 Diabetes Mellitus (Audit),zero_shot,3,MedGemma 1.0-27B,ollama,medgemma:27b,713706002,generation_failure
Type 2 Diabetes Mellitus (Audit),zero_shot,3,MedGemma 1.0-27B,ollama,medgemma:27b,754121000000107,generation_failure
Type 2 Diabetes Mellitus (Audit),zero_shot,3,MedGemma 1.0-27B,ollama,medgemma:27b,84361000119102,generation_failure
Type 2 Diabetes Mellitus (Audit),zero_shot,3,MedGemma 1.0-27B,ollama,medgemma:27b,90781000119102,generation_failure
Type 2 Diabetes Mellitus (Audit),zero_shot,3,MedGemma 1.0-27B,ollama,medgemma:27b,87441000119104,generation_failure
Type 2 Diabetes Mellitus (Audit),zero_shot,3,MedGemma 1.0-27B,ollama,medgemma:27b,751000119104,generation_failure
Type 2 Diabetes Mellitus (Audit),zero_shot,3,MedGemma 1.0-27B,ollama,medgemma:27b,421631007,generation_failure
Type 2 Diabetes Mellitus (Audit),zero_shot,3,MedGemma 1.0-27B,ollama,medgemma:27b,16747901000119104,retrieval_failure
Type 2 Diabetes Mellitus (Audit),zero_shot,3,MedGemma 1.0-27B,ollama,medgemma:27b,108791000119108,generation_failure
Type 2 Diabetes Mellitus (Audit),zero_shot,3,MedGemma 1.0-27B,ollama,medgemma:27b,421750000,generation_failure
Type 2 Diabetes Mellitus (Audit),zero_shot,3,MedGemma 1.0-27B,ollama,medgemma:27b,16746341000119103,generation_failure
Type 2 Diabetes Mellitus (Audit),zero_shot,3,MedGemma 1.0-27B,ollama,medgemma:27b,41911000119107,generation_failure
Type 2 Diabetes Mellitus (Audit),zero_shot,3,MedGemma 1.0-27B,ollama,medgemma:27b,16748141000119100,generation_failure
Type 2 Diabetes Mellitus (Audit),zero_shot,3,MedGemma 1.0-27B,ollama,medgemma:27b,420279001,generation_failure
Type 2 Diabetes Mellitus (Audit),zero_shot,3,MedGemma 1.0-27B,ollama,medgemma:27b,108781000119105,generation_failure
Type 2 Diabetes Mellitus (Audit),zero_shot,3,MedGemma 1.0-27B,ollama,medgemma:27b,781000119106,generation_failure
Type 2 Diabetes Mellitus (Audit),zero_shot,3,MedGemma 1.0-27B,ollama,medgemma:27b,111231000119109,retrieval_failure
Type 2 Diabetes Mellitus (Audit),zero_shot,3,MedGemma 1.0-27B,ollama,medgemma:27b,138921000119104,generation_failure
Type 2 Diabetes Mellitus (Audit),zero_shot,3,MedGemma 1.0-27B,ollama,medgemma:27b,711000119100,generation_failure
Type 2 Diabetes Mellitus (Audit),zero_shot,3,MedGemma 1.0-27B,ollama,medgemma:27b,422166005,generation_failure
Type 2 Diabetes Mellitus (Audit),zero_shot,3,MedGemma 1.0-27B,ollama,medgemma:27b,428007007,generation_failure
Type 2 Diabetes Mellitus (Audit),zero_shot,3,MedGemma 1.0-27B,ollama,medgemma:27b,741000119101,generation_failure
Type 2 Diabetes Mellitus (Audit),zero_shot,3,MedGemma 1.0-27B,ollama,medgemma:27b,1144894004,retrieval_failure
Type 2 Diabetes Mellitus (Audit),zero_shot,3,MedGemma 1.0-27B,ollama,medgemma:27b,71441000119104,generation_failure
Type 2 Diabetes Mellitus (Audit),zero_shot,3,MedGemma 1.0-27B,ollama,medgemma:27b,16891151000119103,generation_failure
Type 2 Diabetes Mellitus (Audit),zero_shot,3,MedGemma 1.0-27B,ollama,medgemma:27b,1521000119100,generation_failure
Type 2 Diabetes Mellitus (Audit),zero_shot,3,MedGemma 1.0-27B,ollama,medgemma:27b,421326000,generation_failure
Type 2 Diabetes Mellitus (Audit),zero_shot,3,MedGemma 1.0-27B,ollama,medgemma:27b,1531000119102,generation_failure
Type 2 Diabetes Mellitus (Audit),zero_shot,3,MedGemma 1.0-27B,ollama,medgemma:27b,771000119108,generation_failure
Type 2 Diabetes Mellitus (Audit),zero_shot,3,MedGemma 1.0-27B,ollama,medgemma:27b,164971000119101,generation_failure
Type 2 Diabetes Mellitus (Audit),zero_shot,3,MedGemma 1.0-27B,ollama,medgemma:27b,16746901000119101,generation_failure
Type 2 Diabetes Mellitus (Audit),zero_shot,3,MedGemma 1.0-27B,ollama,medgemma:27b,713703005,generation_failure
Type 2 Diabetes Mellitus (Audit),zero_shot,3,MedGemma 1.0-27B,ollama,medgemma:27b,140111000119107,retrieval_failure
Type 2 Diabetes Mellitus (Audit),zero_shot,3,MedGemma 1.0-27B,ollama,medgemma:27b,1003605004,generation_failure
Type 2 Diabetes Mellitus (Audit),zero_shot,3,MedGemma 1.0-27B,ollama,medgemma:27b,82551000119103,generation_failure
Type 2 Diabetes Mellitus (Audit),zero_shot,3,MedGemma 1.0-27B,ollama,medgemma:27b,609567009,generation_failure
Type 2 Diabetes Mellitus (Audit),zero_shot,3,MedGemma 1.0-27B,ollama,medgemma:27b,127991000119101,retrieval_failure
Type 2 Diabetes Mellitus (Audit),zero_shot,3,MedGemma 1.0-27B,ollama,medgemma:27b,314903002,generation_failure
Type 2 Diabetes Mellitus (Audit),zero_shot,3,MedGemma 1.0-27B,ollama,medgemma:27b,368051000119109,generation_failure
Type 2 Diabetes Mellitus (Audit),zero_shot,3,MedGemma 1.0-27B,ollama,medgemma:27b,138911000119106,generation_failure
Type 2 Diabetes Mellitus (Audit),zero_shot,3,MedGemma 1.0-27B,ollama,medgemma:27b,421986006,generation_failure
Type 2 Diabetes Mellitus (Audit),zero_shot,3,MedGemma 1.0-27B,ollama,medgemma:27b,97341000119105,generation_failure
Type 2 Diabetes Mellitus (Audit),zero_shot,3,MedGemma 1.0-27B,ollama,medgemma:27b,16745131000119100,generation_failure
Type 2 Diabetes Mellitus (Audit),zero_shot,3,MedGemma 1.0-27B,ollama,medgemma:27b,1501000119109,retrieval_failure
Type 2 Diabetes Mellitus (Audit),zero_shot,3,MedGemma 1.0-27B,ollama,medgemma:27b,1491000119102,retrieval_failure
Type 2 Diabetes Mellitus (Audit),zero_shot,3,MedGemma 1.0-27B,ollama,medgemma:27b,237627000,generation_failure
Type 2 Diabetes Mellitus (Audit),zero_shot,3,MedGemma 1.0-27B,ollama,medgemma:27b,10660471000119109,generation_failure
Type 2 Diabetes Mellitus (Audit),zero_shot,3,MedGemma 1.0-27B,ollama,medgemma:27b,445353002,generation_failure
Type 2 Diabetes Mellitus (Audit),zero_shot,3,MedGemma 1.0-27B,ollama,medgemma:27b,102621000119101,generation_failure
Type 2 Diabetes Mellitus,few_shot,1,MedGemma 1.0-27B,ollama,medgemma:27b,314903002,generation_failure
Type 2 Diabetes Mellitus,few_shot,1,MedGemma 1.0-27B,ollama,medgemma:27b,420715001,generation_failure
Type 2 Diabetes Mellitus,few_shot,1,MedGemma 1.0-27B,ollama,medgemma:27b,314904008,generation_failure
Type 2 Diabetes Mellitus,few_shot,1,MedGemma 1.0-27B,ollama,medgemma:27b,421750000,generation_failure
Type 2 Diabetes Mellitus,few_shot,1,MedGemma 1.0-27B,ollama,medgemma:27b,443694000,generation_failure
Type 2 Diabetes Mellitus,few_shot,1,MedGemma 1.0-27B,ollama,medgemma:27b,789569005,retrieval_failure
Type 2 Diabetes Mellitus,few_shot,1,MedGemma 1.0-27B,ollama,medgemma:27b,140381000119104,generation_failure
Type 2 Diabetes Mellitus,few_shot,1,MedGemma 1.0-27B,ollama,medgemma:27b,140531000119105,generation_failure
Type 2 Diabetes Mellitus,few_shot,1,MedGemma 1.0-27B,ollama,medgemma:27b,314902007,generation_failure
Type 2 Diabetes Mellitus,few_shot,1,MedGemma 1.0-27B,ollama,medgemma:27b,1196922005,retrieval_failure
Type 2 Diabetes Mellitus,few_shot,1,MedGemma 1.0-27B,ollama,medgemma:27b,445353002,generation_failure
Type 2 Diabetes Mellitus,few_shot,1,MedGemma 1.0-27B,ollama,medgemma:27b,190388001,generation_failure
Type 2 Diabetes Mellitus,few_shot,1,MedGemma 1.0-27B,ollama,medgemma:27b,395204000,generation_failure
Type 2 Diabetes Mellitus,few_shot,1,MedGemma 1.0-27B,ollama,medgemma:27b,422014003,generation_failure
Type 2 Diabetes Mellitus,few_shot,1,MedGemma 1.0-27B,ollama,medgemma:27b,1481000119100,generation_failure
Type 2 Diabetes Mellitus,few_shot,1,MedGemma 1.0-27B,ollama,medgemma:27b,190389009,generation_failure
Type 2 Diabetes Mellitus,few_shot,1,MedGemma 1.0-27B,ollama,medgemma:27b,237599002,generation_failure
Type 2 Diabetes Mellitus,few_shot,1,MedGemma 1.0-27B,ollama,medgemma:27b,703136005,retrieval_failure
Type 2 Diabetes Mellitus,few_shot,1,MedGemma 1.0-27B,ollama,medgemma:27b,421847006,generation_failure
Type 2 Diabetes Mellitus,few_shot,1,MedGemma 1.0-27B,ollama,medgemma:27b,703138006,generation_failure
Type 2 Diabetes Mellitus,few_shot,1,MedGemma 1.0-27B,ollama,medgemma:27b,190390000,generation_failure
Type 2 Diabetes Mellitus (Audit),few_shot,1,MedGemma 1.0-27B,ollama,medgemma:27b,390716007,generation_failure
Type 2 Diabetes Mellitus (Audit),few_shot,1,MedGemma 1.0-27B,ollama,medgemma:27b,97621000119107,generation_failure
Type 2 Diabetes Mellitus (Audit),few_shot,1,MedGemma 1.0-27B,ollama,medgemma:27b,472969004,generation_failure
Type 2 Diabetes Mellitus (Audit),few_shot,1,MedGemma 1.0-27B,ollama,medgemma:27b,97331000119101,generation_failure
Type 2 Diabetes Mellitus (Audit),few_shot,1,MedGemma 1.0-27B,ollama,medgemma:27b,140381000119104,generation_failure
Type 2 Diabetes Mellitus (Audit),few_shot,1,MedGemma 1.0-27B,ollama,medgemma:27b,140121000119100,retrieval_failure
Type 2 Diabetes Mellitus (Audit),few_shot,1,MedGemma 1.0-27B,ollama,medgemma:27b,368581000119106,generation_failure
Type 2 Diabetes Mellitus (Audit),few_shot,1,MedGemma 1.0-27B,ollama,medgemma:27b,16747141000119104,generation_failure
Type 2 Diabetes Mellitus (Audit),few_shot,1,MedGemma 1.0-27B,ollama,medgemma:27b,140521000119107,generation_failure
Type 2 Diabetes Mellitus (Audit),few_shot,1,MedGemma 1.0-27B,ollama,medgemma:27b,427027005,generation_failure
Type 2 Diabetes Mellitus (Audit),few_shot,1,MedGemma 1.0-27B,ollama,medgemma:27b,16746261000119108,generation_failure
Type 2 Diabetes Mellitus (Audit),few_shot,1,MedGemma 1.0-27B,ollama,medgemma:27b,10661671000119102,generation_failure
Type 2 Diabetes Mellitus (Audit),few_shot,1,MedGemma 1.0-27B,ollama,medgemma:27b,422014003,generation_failure
Type 2 Diabetes Mellitus (Audit),few_shot,1,MedGemma 1.0-27B,ollama,medgemma:27b,712883005,generation_failure
Type 2 Diabetes Mellitus (Audit),few_shot,1,MedGemma 1.0-27B,ollama,medgemma:27b,719216001,generation_failure
Type 2 Diabetes Mellitus (Audit),few_shot,1,MedGemma 1.0-27B,ollama,medgemma:27b,16745051000119107,generation_failure
Type 2 Diabetes Mellitus (Audit),few_shot,1,MedGemma 1.0-27B,ollama,medgemma:27b,789569005,retrieval_failure
Type 2 Diabetes Mellitus (Audit),few_shot,1,MedGemma 1.0-27B,ollama,medgemma:27b,421779007,generation_failure
Type 2 Diabetes Mellitus (Audit),few_shot,1,MedGemma 1.0-27B,ollama,medgemma:27b,703138006,generation_failure
Type 2 Diabetes Mellitus (Audit),few_shot,1,MedGemma 1.0-27B,ollama,medgemma:27b,15936501000119100,generation_failure
Type 2 Diabetes Mellitus (Audit),few_shot,1,MedGemma 1.0-27B,ollama,medgemma:27b,761000119102,generation_failure
Type 2 Diabetes Mellitus (Audit),few_shot,1,MedGemma 1.0-27B,ollama,medgemma:27b,1481000119100,generation_failure
Type 2 Diabetes Mellitus (Audit),few_shot,1,MedGemma 1.0-27B,ollama,medgemma:27b,16745651000119101,retrieval_failure
Type 2 Diabetes Mellitus (Audit),few_shot,1,MedGemma 1.0-27B,ollama,medgemma:27b,104961000119108,generation_failure
Type 2 Diabetes Mellitus (Audit),few_shot,1,MedGemma 1.0-27B,ollama,medgemma:27b,422099009,generation_failure
Type 2 Diabetes Mellitus (Audit),few_shot,1,MedGemma 1.0-27B,ollama,medgemma:27b,82541000119100,generation_failure
Type 2 Diabetes Mellitus (Audit),few_shot,1,MedGemma 1.0-27B,ollama,medgemma:27b,16746131000119105,generation_failure
Type 2 Diabetes Mellitus (Audit),few_shot,1,MedGemma 1.0-27B,ollama,medgemma:27b,190331003,generation_failure
Type 2 Diabetes Mellitus (Audit),few_shot,1,MedGemma 1.0-27B,ollama,medgemma:27b,140391000119101,generation_failure
Type 2 Diabetes Mellitus (Audit),few_shot,1,MedGemma 1.0-27B,ollama,medgemma:27b,72061000119104,generation_failure
Type 2 Diabetes Mellitus (Audit),few_shot,1,MedGemma 1.0-27B,ollama,medgemma:27b,190389009,generation_failure
Type 2 Diabetes Mellitus (Audit),few_shot,1,MedGemma 1.0-27B,ollama,medgemma:27b,16747021000119109,generation_failure
Type 2 Diabetes Mellitus (Audit),few_shot,1,MedGemma 1.0-27B,ollama,medgemma:27b,443694000,generation_failure
Type 2 Diabetes Mellitus (Audit),few_shot,1,MedGemma 1.0-27B,ollama,medgemma:27b,721284006,generation_failure
Type 2 Diabetes Mellitus (Audit),few_shot,1,MedGemma 1.0-27B,ollama,medgemma:27b,16745931000119102,retrieval_failure
Type 2 Diabetes Mellitus (Audit),few_shot,1,MedGemma 1.0-27B,ollama,medgemma:27b,237599002,generation_failure
Type 2 Diabetes Mellitus (Audit),few_shot,1,MedGemma 1.0-27B,ollama,medgemma:27b,140131000119102,generation_failure
Type 2 Diabetes Mellitus (Audit),few_shot,1,MedGemma 1.0-27B,ollama,medgemma:27b,60951000119105,generation_failure
Type 2 Diabetes Mellitus (Audit),few_shot,1,MedGemma 1.0-27B,ollama,medgemma:27b,110171000119107,generation_failure
Type 2 Diabetes Mellitus (Audit),few_shot,1,MedGemma 1.0-27B,ollama,medgemma:27b,110181000119105,generation_failure
Type 2 Diabetes Mellitus (Audit),few_shot,1,MedGemma 1.0-27B,ollama,medgemma:27b,1196922005,retrieval_failure
Type 2 Diabetes Mellitus (Audit),few_shot,1,MedGemma 1.0-27B,ollama,medgemma:27b,422034002,generation_failure
Type 2 Diabetes Mellitus (Audit),few_shot,1,MedGemma 1.0-27B,ollama,medgemma:27b,701000119103,generation_failure
Type 2 Diabetes Mellitus (Audit),few_shot,1,MedGemma 1.0-27B,ollama,medgemma:27b,421847006,generation_failure
Type 2 Diabetes Mellitus (Audit),few_shot,1,MedGemma 1.0-27B,ollama,medgemma:27b,120731000119103,generation_failure
Type 2 Diabetes Mellitus (Audit),few_shot,1,MedGemma 1.0-27B,ollama,medgemma:27b,1511000119107,generation_failure
Type 2 Diabetes Mellitus (Audit),few_shot,1,MedGemma 1.0-27B,ollama,medgemma:27b,1551000119108,generation_failure
Type 2 Diabetes Mellitus (Audit),few_shot,1,MedGemma 1.0-27B,ollama,medgemma:27b,314904008,generation_failure
Type 2 Diabetes Mellitus (Audit),few_shot,1,MedGemma 1.0-27B,ollama,medgemma:27b,87451000119102,generation_failure
Type 2 Diabetes Mellitus (Audit),few_shot,1,MedGemma 1.0-27B,ollama,medgemma:27b,9859006,retrieval_failure
Type 2 Diabetes Mellitus (Audit),few_shot,1,MedGemma 1.0-27B,ollama,medgemma:27b,789567007,retrieval_failure
Type 2 Diabetes Mellitus (Audit),few_shot,1,MedGemma 1.0-27B,ollama,medgemma:27b,87461000119100,generation_failure
Type 2 Diabetes Mellitus (Audit),few_shot,1,MedGemma 1.0-27B,ollama,medgemma:27b,789570006,retrieval_failure
Type 2 Diabetes Mellitus (Audit),few_shot,1,MedGemma 1.0-27B,ollama,medgemma:27b,368591000119109,generation_failure
Type 2 Diabetes Mellitus (Audit),few_shot,1,MedGemma 1.0-27B,ollama,medgemma:27b,420436000,generation_failure
Type 2 Diabetes Mellitus (Audit),few_shot,1,MedGemma 1.0-27B,ollama,medgemma:27b,16745531000119108,retrieval_failure
Type 2 Diabetes Mellitus (Audit),few_shot,1,MedGemma 1.0-27B,ollama,medgemma:27b,87921000119104,generation_failure
Type 2 Diabetes Mellitus (Audit),few_shot,1,MedGemma 1.0-27B,ollama,medgemma:27b,731000119105,generation_failure
Type 2 Diabetes Mellitus (Audit),few_shot,1,MedGemma 1.0-27B,ollama,medgemma:27b,140531000119105,generation_failure
Type 2 Diabetes Mellitus (Audit),few_shot,1,MedGemma 1.0-27B,ollama,medgemma:27b,157141000119108,generation_failure
Type 2 Diabetes Mellitus (Audit),few_shot,1,MedGemma 1.0-27B,ollama,medgemma:27b,279321000000104,generation_failure
Type 2 Diabetes Mellitus (Audit),few_shot,1,MedGemma 1.0-27B,ollama,medgemma:27b,24471000000103,generation_failure
Type 2 Diabetes Mellitus (Audit),few_shot,1,MedGemma 1.0-27B,ollama,medgemma:27b,201000119106,generation_failure
Type 2 Diabetes Mellitus (Audit),few_shot,1,MedGemma 1.0-27B,ollama,medgemma:27b,314902007,generation_failure
Type 2 Diabetes Mellitus (Audit),few_shot,1,MedGemma 1.0-27B,ollama,medgemma:27b,16747661000119109,generation_failure
Type 2 Diabetes Mellitus (Audit),few_shot,1,MedGemma 1.0-27B,ollama,medgemma:27b,12811000119100,generation_failure
Type 2 Diabetes Mellitus (Audit),few_shot,1,MedGemma 1.0-27B,ollama,medgemma:27b,791000119109,generation_failure
Type 2 Diabetes Mellitus (Audit),few_shot,1,MedGemma 1.0-27B,ollama,medgemma:27b,90791000119104,generation_failure
Type 2 Diabetes Mellitus (Audit),few_shot,1,MedGemma 1.0-27B,ollama,medgemma:27b,721000119107,generation_failure
Type 2 Diabetes Mellitus (Audit),few_shot,1,MedGemma 1.0-27B,ollama,medgemma:27b,71421000119105,generation_failure
Type 2 Diabetes Mellitus (Audit),few_shot,1,MedGemma 1.0-27B,ollama,medgemma:27b,16749661000119102,generation_failure
Type 2 Diabetes Mellitus (Audit),few_shot,1,MedGemma 1.0-27B,ollama,medgemma:27b,24481000000101,generation_failure
Type 2 Diabetes Mellitus (Audit),few_shot,1,MedGemma 1.0-27B,ollama,medgemma:27b,10656271000119102,retrieval_failure
Type 2 Diabetes Mellitus (Audit),few_shot,1,MedGemma 1.0-27B,ollama,medgemma:27b,72051000119101,generation_failure
Type 2 Diabetes Mellitus (Audit),few_shot,1,MedGemma 1.0-27B,ollama,medgemma:27b,137931000119102,generation_failure
Type 2 Diabetes Mellitus (Audit),few_shot,1,MedGemma 1.0-27B,ollama,medgemma:27b,427134009,generation_failure
Type 2 Diabetes Mellitus (Audit),few_shot,1,MedGemma 1.0-27B,ollama,medgemma:27b,395204000,generation_failure
Type 2 Diabetes Mellitus (Audit),few_shot,1,MedGemma 1.0-27B,ollama,medgemma:27b,140101000119109,retrieval_failure
Type 2 Diabetes Mellitus (Audit),few_shot,1,MedGemma 1.0-27B,ollama,medgemma:27b,119831000119106,generation_failure
Type 2 Diabetes Mellitus (Audit),few_shot,1,MedGemma 1.0-27B,ollama,medgemma:27b,190390000,generation_failure
Type 2 Diabetes Mellitus (Audit),few_shot,1,MedGemma 1.0-27B,ollama,medgemma:27b,713706002,generation_failure
Type 2 Diabetes Mellitus (Audit),few_shot,1,MedGemma 1.0-27B,ollama,medgemma:27b,754121000000107,generation_failure
Type 2 Diabetes Mellitus (Audit),few_shot,1,MedGemma 1.0-27B,ollama,medgemma:27b,84361000119102,generation_failure
Type 2 Diabetes Mellitus (Audit),few_shot,1,MedGemma 1.0-27B,ollama,medgemma:27b,90781000119102,generation_failure
Type 2 Diabetes Mellitus (Audit),few_shot,1,MedGemma 1.0-27B,ollama,medgemma:27b,420756003,generation_failure
Type 2 Diabetes Mellitus (Audit),few_shot,1,MedGemma 1.0-27B,ollama,medgemma:27b,87441000119104,generation_failure
Type 2 Diabetes Mellitus (Audit),few_shot,1,MedGemma 1.0-27B,ollama,medgemma:27b,751000119104,generation_failure
Type 2 Diabetes Mellitus (Audit),few_shot,1,MedGemma 1.0-27B,ollama,medgemma:27b,421631007,generation_failure
Type 2 Diabetes Mellitus (Audit),few_shot,1,MedGemma 1.0-27B,ollama,medgemma:27b,16747901000119104,retrieval_failure
Type 2 Diabetes Mellitus (Audit),few_shot,1,MedGemma 1.0-27B,ollama,medgemma:27b,199230006,generation_failure
Type 2 Diabetes Mellitus (Audit),few_shot,1,MedGemma 1.0-27B,ollama,medgemma:27b,108791000119108,generation_failure
Type 2 Diabetes Mellitus (Audit),few_shot,1,MedGemma 1.0-27B,ollama,medgemma:27b,421750000,generation_failure
Type 2 Diabetes Mellitus (Audit),few_shot,1,MedGemma 1.0-27B,ollama,medgemma:27b,16746341000119103,generation_failure
Type 2 Diabetes Mellitus (Audit),few_shot,1,MedGemma 1.0-27B,ollama,medgemma:27b,41911000119107,generation_failure
Type 2 Diabetes Mellitus (Audit),few_shot,1,MedGemma 1.0-27B,ollama,medgemma:27b,16748141000119100,generation_failure
Type 2 Diabetes Mellitus (Audit),few_shot,1,MedGemma 1.0-27B,ollama,medgemma:27b,420279001,generation_failure
Type 2 Diabetes Mellitus (Audit),few_shot,1,MedGemma 1.0-27B,ollama,medgemma:27b,108781000119105,generation_failure
Type 2 Diabetes Mellitus (Audit),few_shot,1,MedGemma 1.0-27B,ollama,medgemma:27b,781000119106,generation_failure
Type 2 Diabetes Mellitus (Audit),few_shot,1,MedGemma 1.0-27B,ollama,medgemma:27b,111231000119109,retrieval_failure
Type 2 Diabetes Mellitus (Audit),few_shot,1,MedGemma 1.0-27B,ollama,medgemma:27b,138921000119104,generation_failure
Type 2 Diabetes Mellitus (Audit),few_shot,1,MedGemma 1.0-27B,ollama,medgemma:27b,711000119100,generation_failure
Type 2 Diabetes Mellitus (Audit),few_shot,1,MedGemma 1.0-27B,ollama,medgemma:27b,422166005,generation_failure
Type 2 Diabetes Mellitus (Audit),few_shot,1,MedGemma 1.0-27B,ollama,medgemma:27b,428007007,generation_failure
Type 2 Diabetes Mellitus (Audit),few_shot,1,MedGemma 1.0-27B,ollama,medgemma:27b,741000119101,generation_failure
Type 2 Diabetes Mellitus (Audit),few_shot,1,MedGemma 1.0-27B,ollama,medgemma:27b,1144894004,retrieval_failure
Type 2 Diabetes Mellitus (Audit),few_shot,1,MedGemma 1.0-27B,ollama,medgemma:27b,71441000119104,generation_failure
Type 2 Diabetes Mellitus (Audit),few_shot,1,MedGemma 1.0-27B,ollama,medgemma:27b,16891151000119103,generation_failure
Type 2 Diabetes Mellitus (Audit),few_shot,1,MedGemma 1.0-27B,ollama,medgemma:27b,1521000119100,generation_failure
Type 2 Diabetes Mellitus (Audit),few_shot,1,MedGemma 1.0-27B,ollama,medgemma:27b,421326000,generation_failure
Type 2 Diabetes Mellitus (Audit),few_shot,1,MedGemma 1.0-27B,ollama,medgemma:27b,1531000119102,generation_failure
Type 2 Diabetes Mellitus (Audit),few_shot,1,MedGemma 1.0-27B,ollama,medgemma:27b,771000119108,generation_failure
Type 2 Diabetes Mellitus (Audit),few_shot,1,MedGemma 1.0-27B,ollama,medgemma:27b,164971000119101,generation_failure
Type 2 Diabetes Mellitus (Audit),few_shot,1,MedGemma 1.0-27B,ollama,medgemma:27b,16746901000119101,generation_failure
Type 2 Diabetes Mellitus (Audit),few_shot,1,MedGemma 1.0-27B,ollama,medgemma:27b,713703005,generation_failure
Type 2 Diabetes Mellitus (Audit),few_shot,1,MedGemma 1.0-27B,ollama,medgemma:27b,140111000119107,retrieval_failure
Type 2 Diabetes Mellitus (Audit),few_shot,1,MedGemma 1.0-27B,ollama,medgemma:27b,1003605004,generation_failure
Type 2 Diabetes Mellitus (Audit),few_shot,1,MedGemma 1.0-27B,ollama,medgemma:27b,82551000119103,generation_failure
Type 2 Diabetes Mellitus (Audit),few_shot,1,MedGemma 1.0-27B,ollama,medgemma:27b,609567009,generation_failure
Type 2 Diabetes Mellitus (Audit),few_shot,1,MedGemma 1.0-27B,ollama,medgemma:27b,359642000,generation_failure
Type 2 Diabetes Mellitus (Audit),few_shot,1,MedGemma 1.0-27B,ollama,medgemma:27b,127991000119101,retrieval_failure
Type 2 Diabetes Mellitus (Audit),few_shot,1,MedGemma 1.0-27B,ollama,medgemma:27b,314903002,generation_failure
Type 2 Diabetes Mellitus (Audit),few_shot,1,MedGemma 1.0-27B,ollama,medgemma:27b,368051000119109,generation_failure
Type 2 Diabetes Mellitus (Audit),few_shot,1,MedGemma 1.0-27B,ollama,medgemma:27b,138911000119106,generation_failure
Type 2 Diabetes Mellitus (Audit),few_shot,1,MedGemma 1.0-27B,ollama,medgemma:27b,190388001,generation_failure
Type 2 Diabetes Mellitus (Audit),few_shot,1,MedGemma 1.0-27B,ollama,medgemma:27b,421986006,generation_failure
Type 2 Diabetes Mellitus (Audit),few_shot,1,MedGemma 1.0-27B,ollama,medgemma:27b,97341000119105,generation_failure
Type 2 Diabetes Mellitus (Audit),few_shot,1,MedGemma 1.0-27B,ollama,medgemma:27b,16745131000119100,generation_failure
Type 2 Diabetes Mellitus (Audit),few_shot,1,MedGemma 1.0-27B,ollama,medgemma:27b,420715001,generation_failure
Type 2 Diabetes Mellitus (Audit),few_shot,1,MedGemma 1.0-27B,ollama,medgemma:27b,1501000119109,retrieval_failure
Type 2 Diabetes Mellitus (Audit),few_shot,1,MedGemma 1.0-27B,ollama,medgemma:27b,28331000119107,generation_failure
Type 2 Diabetes Mellitus (Audit),few_shot,1,MedGemma 1.0-27B,ollama,medgemma:27b,1491000119102,retrieval_failure
Type 2 Diabetes Mellitus (Audit),few_shot,1,MedGemma 1.0-27B,ollama,medgemma:27b,237627000,generation_failure
Type 2 Diabetes Mellitus (Audit),few_shot,1,MedGemma 1.0-27B,ollama,medgemma:27b,10660471000119109,generation_failure
Type 2 Diabetes Mellitus (Audit),few_shot,1,MedGemma 1.0-27B,ollama,medgemma:27b,445353002,generation_failure
Type 2 Diabetes Mellitus (Audit),few_shot,1,MedGemma 1.0-27B,ollama,medgemma:27b,102621000119101,generation_failure
Type 2 Diabetes Mellitus,few_shot,2,MedGemma 1.0-27B,ollama,medgemma:27b,314903002,generation_failure
Type 2 Diabetes Mellitus,few_shot,2,MedGemma 1.0-27B,ollama,medgemma:27b,420715001,generation_failure
Type 2 Diabetes Mellitus,few_shot,2,MedGemma 1.0-27B,ollama,medgemma:27b,314904008,generation_failure
Type 2 Diabetes Mellitus,few_shot,2,MedGemma 1.0-27B,ollama,medgemma:27b,421750000,generation_failure
Type 2 Diabetes Mellitus,few_shot,2,MedGemma 1.0-27B,ollama,medgemma:27b,443694000,generation_failure
Type 2 Diabetes Mellitus,few_shot,2,MedGemma 1.0-27B,ollama,medgemma:27b,789569005,retrieval_failure
Type 2 Diabetes Mellitus,few_shot,2,MedGemma 1.0-27B,ollama,medgemma:27b,140381000119104,generation_failure
Type 2 Diabetes Mellitus,few_shot,2,MedGemma 1.0-27B,ollama,medgemma:27b,140531000119105,generation_failure
Type 2 Diabetes Mellitus,few_shot,2,MedGemma 1.0-27B,ollama,medgemma:27b,1196922005,retrieval_failure
Type 2 Diabetes Mellitus,few_shot,2,MedGemma 1.0-27B,ollama,medgemma:27b,190388001,generation_failure
Type 2 Diabetes Mellitus,few_shot,2,MedGemma 1.0-27B,ollama,medgemma:27b,395204000,generation_failure
Type 2 Diabetes Mellitus,few_shot,2,MedGemma 1.0-27B,ollama,medgemma:27b,422014003,generation_failure
Type 2 Diabetes Mellitus,few_shot,2,MedGemma 1.0-27B,ollama,medgemma:27b,1481000119100,generation_failure
Type 2 Diabetes Mellitus,few_shot,2,MedGemma 1.0-27B,ollama,medgemma:27b,190389009,generation_failure
Type 2 Diabetes Mellitus,few_shot,2,MedGemma 1.0-27B,ollama,medgemma:27b,237599002,generation_failure
Type 2 Diabetes Mellitus,few_shot,2,MedGemma 1.0-27B,ollama,medgemma:27b,703136005,retrieval_failure
Type 2 Diabetes Mellitus,few_shot,2,MedGemma 1.0-27B,ollama,medgemma:27b,421847006,generation_failure
Type 2 Diabetes Mellitus,few_shot,2,MedGemma 1.0-27B,ollama,medgemma:27b,703138006,generation_failure
Type 2 Diabetes Mellitus,few_shot,2,MedGemma 1.0-27B,ollama,medgemma:27b,190390000,generation_failure
Type 2 Diabetes Mellitus (Audit),few_shot,2,MedGemma 1.0-27B,ollama,medgemma:27b,390716007,generation_failure
Type 2 Diabetes Mellitus (Audit),few_shot,2,MedGemma 1.0-27B,ollama,medgemma:27b,97621000119107,generation_failure
Type 2 Diabetes Mellitus (Audit),few_shot,2,MedGemma 1.0-27B,ollama,medgemma:27b,97331000119101,generation_failure
Type 2 Diabetes Mellitus (Audit),few_shot,2,MedGemma 1.0-27B,ollama,medgemma:27b,140381000119104,generation_failure
Type 2 Diabetes Mellitus (Audit),few_shot,2,MedGemma 1.0-27B,ollama,medgemma:27b,140121000119100,retrieval_failure
Type 2 Diabetes Mellitus (Audit),few_shot,2,MedGemma 1.0-27B,ollama,medgemma:27b,368581000119106,generation_failure
Type 2 Diabetes Mellitus (Audit),few_shot,2,MedGemma 1.0-27B,ollama,medgemma:27b,16747141000119104,generation_failure
Type 2 Diabetes Mellitus (Audit),few_shot,2,MedGemma 1.0-27B,ollama,medgemma:27b,140521000119107,generation_failure
Type 2 Diabetes Mellitus (Audit),few_shot,2,MedGemma 1.0-27B,ollama,medgemma:27b,427027005,generation_failure
Type 2 Diabetes Mellitus (Audit),few_shot,2,MedGemma 1.0-27B,ollama,medgemma:27b,16746261000119108,generation_failure
Type 2 Diabetes Mellitus (Audit),few_shot,2,MedGemma 1.0-27B,ollama,medgemma:27b,10661671000119102,generation_failure
Type 2 Diabetes Mellitus (Audit),few_shot,2,MedGemma 1.0-27B,ollama,medgemma:27b,422014003,generation_failure
Type 2 Diabetes Mellitus (Audit),few_shot,2,MedGemma 1.0-27B,ollama,medgemma:27b,712883005,generation_failure
Type 2 Diabetes Mellitus (Audit),few_shot,2,MedGemma 1.0-27B,ollama,medgemma:27b,719216001,generation_failure
Type 2 Diabetes Mellitus (Audit),few_shot,2,MedGemma 1.0-27B,ollama,medgemma:27b,16745051000119107,generation_failure
Type 2 Diabetes Mellitus (Audit),few_shot,2,MedGemma 1.0-27B,ollama,medgemma:27b,789569005,retrieval_failure
Type 2 Diabetes Mellitus (Audit),few_shot,2,MedGemma 1.0-27B,ollama,medgemma:27b,421779007,generation_failure
Type 2 Diabetes Mellitus (Audit),few_shot,2,MedGemma 1.0-27B,ollama,medgemma:27b,703138006,generation_failure
Type 2 Diabetes Mellitus (Audit),few_shot,2,MedGemma 1.0-27B,ollama,medgemma:27b,15936501000119100,generation_failure
Type 2 Diabetes Mellitus (Audit),few_shot,2,MedGemma 1.0-27B,ollama,medgemma:27b,761000119102,generation_failure
Type 2 Diabetes Mellitus (Audit),few_shot,2,MedGemma 1.0-27B,ollama,medgemma:27b,1481000119100,generation_failure
Type 2 Diabetes Mellitus (Audit),few_shot,2,MedGemma 1.0-27B,ollama,medgemma:27b,16745651000119101,retrieval_failure
Type 2 Diabetes Mellitus (Audit),few_shot,2,MedGemma 1.0-27B,ollama,medgemma:27b,104961000119108,generation_failure
Type 2 Diabetes Mellitus (Audit),few_shot,2,MedGemma 1.0-27B,ollama,medgemma:27b,422099009,generation_failure
Type 2 Diabetes Mellitus (Audit),few_shot,2,MedGemma 1.0-27B,ollama,medgemma:27b,82541000119100,generation_failure
Type 2 Diabetes Mellitus (Audit),few_shot,2,MedGemma 1.0-27B,ollama,medgemma:27b,16746131000119105,generation_failure
Type 2 Diabetes Mellitus (Audit),few_shot,2,MedGemma 1.0-27B,ollama,medgemma:27b,190331003,generation_failure
Type 2 Diabetes Mellitus (Audit),few_shot,2,MedGemma 1.0-27B,ollama,medgemma:27b,72061000119104,generation_failure
Type 2 Diabetes Mellitus (Audit),few_shot,2,MedGemma 1.0-27B,ollama,medgemma:27b,190389009,generation_failure
Type 2 Diabetes Mellitus (Audit),few_shot,2,MedGemma 1.0-27B,ollama,medgemma:27b,16747021000119109,generation_failure
Type 2 Diabetes Mellitus (Audit),few_shot,2,MedGemma 1.0-27B,ollama,medgemma:27b,443694000,generation_failure
Type 2 Diabetes Mellitus (Audit),few_shot,2,MedGemma 1.0-27B,ollama,medgemma:27b,721284006,generation_failure
Type 2 Diabetes Mellitus (Audit),few_shot,2,MedGemma 1.0-27B,ollama,medgemma:27b,16745931000119102,retrieval_failure
Type 2 Diabetes Mellitus (Audit),few_shot,2,MedGemma 1.0-27B,ollama,medgemma:27b,237599002,generation_failure
Type 2 Diabetes Mellitus (Audit),few_shot,2,MedGemma 1.0-27B,ollama,medgemma:27b,140131000119102,generation_failure
Type 2 Diabetes Mellitus (Audit),few_shot,2,MedGemma 1.0-27B,ollama,medgemma:27b,60951000119105,generation_failure
Type 2 Diabetes Mellitus (Audit),few_shot,2,MedGemma 1.0-27B,ollama,medgemma:27b,110171000119107,generation_failure
Type 2 Diabetes Mellitus (Audit),few_shot,2,MedGemma 1.0-27B,ollama,medgemma:27b,1196922005,retrieval_failure
Type 2 Diabetes Mellitus (Audit),few_shot,2,MedGemma 1.0-27B,ollama,medgemma:27b,422034002,generation_failure
Type 2 Diabetes Mellitus (Audit),few_shot,2,MedGemma 1.0-27B,ollama,medgemma:27b,421847006,generation_failure
Type 2 Diabetes Mellitus (Audit),few_shot,2,MedGemma 1.0-27B,ollama,medgemma:27b,120731000119103,generation_failure
Type 2 Diabetes Mellitus (Audit),few_shot,2,MedGemma 1.0-27B,ollama,medgemma:27b,1511000119107,generation_failure
Type 2 Diabetes Mellitus (Audit),few_shot,2,MedGemma 1.0-27B,ollama,medgemma:27b,1551000119108,generation_failure
Type 2 Diabetes Mellitus (Audit),few_shot,2,MedGemma 1.0-27B,ollama,medgemma:27b,314904008,generation_failure
Type 2 Diabetes Mellitus (Audit),few_shot,2,MedGemma 1.0-27B,ollama,medgemma:27b,87451000119102,generation_failure
Type 2 Diabetes Mellitus (Audit),few_shot,2,MedGemma 1.0-27B,ollama,medgemma:27b,9859006,retrieval_failure
Type 2 Diabetes Mellitus (Audit),few_shot,2,MedGemma 1.0-27B,ollama,medgemma:27b,789567007,retrieval_failure
Type 2 Diabetes Mellitus (Audit),few_shot,2,MedGemma 1.0-27B,ollama,medgemma:27b,87461000119100,generation_failure
Type 2 Diabetes Mellitus (Audit),few_shot,2,MedGemma 1.0-27B,ollama,medgemma:27b,789570006,retrieval_failure
Type 2 Diabetes Mellitus (Audit),few_shot,2,MedGemma 1.0-27B,ollama,medgemma:27b,368591000119109,generation_failure
Type 2 Diabetes Mellitus (Audit),few_shot,2,MedGemma 1.0-27B,ollama,medgemma:27b,420436000,generation_failure
Type 2 Diabetes Mellitus (Audit),few_shot,2,MedGemma 1.0-27B,ollama,medgemma:27b,16745531000119108,retrieval_failure
Type 2 Diabetes Mellitus (Audit),few_shot,2,MedGemma 1.0-27B,ollama,medgemma:27b,87921000119104,generation_failure
Type 2 Diabetes Mellitus (Audit),few_shot,2,MedGemma 1.0-27B,ollama,medgemma:27b,731000119105,generation_failure
Type 2 Diabetes Mellitus (Audit),few_shot,2,MedGemma 1.0-27B,ollama,medgemma:27b,140531000119105,generation_failure
Type 2 Diabetes Mellitus (Audit),few_shot,2,MedGemma 1.0-27B,ollama,medgemma:27b,157141000119108,generation_failure
Type 2 Diabetes Mellitus (Audit),few_shot,2,MedGemma 1.0-27B,ollama,medgemma:27b,279321000000104,generation_failure
Type 2 Diabetes Mellitus (Audit),few_shot,2,MedGemma 1.0-27B,ollama,medgemma:27b,24471000000103,generation_failure
Type 2 Diabetes Mellitus (Audit),few_shot,2,MedGemma 1.0-27B,ollama,medgemma:27b,201000119106,generation_failure
Type 2 Diabetes Mellitus (Audit),few_shot,2,MedGemma 1.0-27B,ollama,medgemma:27b,16747661000119109,generation_failure
Type 2 Diabetes Mellitus (Audit),few_shot,2,MedGemma 1.0-27B,ollama,medgemma:27b,12811000119100,generation_failure
Type 2 Diabetes Mellitus (Audit),few_shot,2,MedGemma 1.0-27B,ollama,medgemma:27b,791000119109,generation_failure
Type 2 Diabetes Mellitus (Audit),few_shot,2,MedGemma 1.0-27B,ollama,medgemma:27b,90791000119104,generation_failure
Type 2 Diabetes Mellitus (Audit),few_shot,2,MedGemma 1.0-27B,ollama,medgemma:27b,721000119107,generation_failure
Type 2 Diabetes Mellitus (Audit),few_shot,2,MedGemma 1.0-27B,ollama,medgemma:27b,71421000119105,generation_failure
Type 2 Diabetes Mellitus (Audit),few_shot,2,MedGemma 1.0-27B,ollama,medgemma:27b,16749661000119102,generation_failure
Type 2 Diabetes Mellitus (Audit),few_shot,2,MedGemma 1.0-27B,ollama,medgemma:27b,24481000000101,generation_failure
Type 2 Diabetes Mellitus (Audit),few_shot,2,MedGemma 1.0-27B,ollama,medgemma:27b,10656271000119102,retrieval_failure
Type 2 Diabetes Mellitus (Audit),few_shot,2,MedGemma 1.0-27B,ollama,medgemma:27b,72051000119101,generation_failure
Type 2 Diabetes Mellitus (Audit),few_shot,2,MedGemma 1.0-27B,ollama,medgemma:27b,427134009,generation_failure
Type 2 Diabetes Mellitus (Audit),few_shot,2,MedGemma 1.0-27B,ollama,medgemma:27b,395204000,generation_failure
Type 2 Diabetes Mellitus (Audit),few_shot,2,MedGemma 1.0-27B,ollama,medgemma:27b,140101000119109,retrieval_failure
Type 2 Diabetes Mellitus (Audit),few_shot,2,MedGemma 1.0-27B,ollama,medgemma:27b,119831000119106,generation_failure
Type 2 Diabetes Mellitus (Audit),few_shot,2,MedGemma 1.0-27B,ollama,medgemma:27b,190390000,generation_failure
Type 2 Diabetes Mellitus (Audit),few_shot,2,MedGemma 1.0-27B,ollama,medgemma:27b,713706002,generation_failure
Type 2 Diabetes Mellitus (Audit),few_shot,2,MedGemma 1.0-27B,ollama,medgemma:27b,754121000000107,generation_failure
Type 2 Diabetes Mellitus (Audit),few_shot,2,MedGemma 1.0-27B,ollama,medgemma:27b,84361000119102,generation_failure
Type 2 Diabetes Mellitus (Audit),few_shot,2,MedGemma 1.0-27B,ollama,medgemma:27b,90781000119102,generation_failure
Type 2 Diabetes Mellitus (Audit),few_shot,2,MedGemma 1.0-27B,ollama,medgemma:27b,420756003,generation_failure
Type 2 Diabetes Mellitus (Audit),few_shot,2,MedGemma 1.0-27B,ollama,medgemma:27b,87441000119104,generation_failure
Type 2 Diabetes Mellitus (Audit),few_shot,2,MedGemma 1.0-27B,ollama,medgemma:27b,751000119104,generation_failure
Type 2 Diabetes Mellitus (Audit),few_shot,2,MedGemma 1.0-27B,ollama,medgemma:27b,421631007,generation_failure
Type 2 Diabetes Mellitus (Audit),few_shot,2,MedGemma 1.0-27B,ollama,medgemma:27b,16747901000119104,retrieval_failure
Type 2 Diabetes Mellitus (Audit),few_shot,2,MedGemma 1.0-27B,ollama,medgemma:27b,199230006,generation_failure
Type 2 Diabetes Mellitus (Audit),few_shot,2,MedGemma 1.0-27B,ollama,medgemma:27b,108791000119108,generation_failure
Type 2 Diabetes Mellitus (Audit),few_shot,2,MedGemma 1.0-27B,ollama,medgemma:27b,421750000,generation_failure
Type 2 Diabetes Mellitus (Audit),few_shot,2,MedGemma 1.0-27B,ollama,medgemma:27b,16746341000119103,generation_failure
Type 2 Diabetes Mellitus (Audit),few_shot,2,MedGemma 1.0-27B,ollama,medgemma:27b,41911000119107,generation_failure
Type 2 Diabetes Mellitus (Audit),few_shot,2,MedGemma 1.0-27B,ollama,medgemma:27b,16748141000119100,generation_failure
Type 2 Diabetes Mellitus (Audit),few_shot,2,MedGemma 1.0-27B,ollama,medgemma:27b,420279001,generation_failure
Type 2 Diabetes Mellitus (Audit),few_shot,2,MedGemma 1.0-27B,ollama,medgemma:27b,108781000119105,generation_failure
Type 2 Diabetes Mellitus (Audit),few_shot,2,MedGemma 1.0-27B,ollama,medgemma:27b,781000119106,generation_failure
Type 2 Diabetes Mellitus (Audit),few_shot,2,MedGemma 1.0-27B,ollama,medgemma:27b,111231000119109,retrieval_failure
Type 2 Diabetes Mellitus (Audit),few_shot,2,MedGemma 1.0-27B,ollama,medgemma:27b,138921000119104,generation_failure
Type 2 Diabetes Mellitus (Audit),few_shot,2,MedGemma 1.0-27B,ollama,medgemma:27b,711000119100,generation_failure
Type 2 Diabetes Mellitus (Audit),few_shot,2,MedGemma 1.0-27B,ollama,medgemma:27b,422166005,generation_failure
Type 2 Diabetes Mellitus (Audit),few_shot,2,MedGemma 1.0-27B,ollama,medgemma:27b,428007007,generation_failure
Type 2 Diabetes Mellitus (Audit),few_shot,2,MedGemma 1.0-27B,ollama,medgemma:27b,1144894004,retrieval_failure
Type 2 Diabetes Mellitus (Audit),few_shot,2,MedGemma 1.0-27B,ollama,medgemma:27b,71441000119104,generation_failure
Type 2 Diabetes Mellitus (Audit),few_shot,2,MedGemma 1.0-27B,ollama,medgemma:27b,1521000119100,generation_failure
Type 2 Diabetes Mellitus (Audit),few_shot,2,MedGemma 1.0-27B,ollama,medgemma:27b,421326000,generation_failure
Type 2 Diabetes Mellitus (Audit),few_shot,2,MedGemma 1.0-27B,ollama,medgemma:27b,1531000119102,generation_failure
Type 2 Diabetes Mellitus (Audit),few_shot,2,MedGemma 1.0-27B,ollama,medgemma:27b,771000119108,generation_failure
Type 2 Diabetes Mellitus (Audit),few_shot,2,MedGemma 1.0-27B,ollama,medgemma:27b,16746901000119101,generation_failure
Type 2 Diabetes Mellitus (Audit),few_shot,2,MedGemma 1.0-27B,ollama,medgemma:27b,713703005,generation_failure
Type 2 Diabetes Mellitus (Audit),few_shot,2,MedGemma 1.0-27B,ollama,medgemma:27b,140111000119107,retrieval_failure
Type 2 Diabetes Mellitus (Audit),few_shot,2,MedGemma 1.0-27B,ollama,medgemma:27b,1003605004,generation_failure
Type 2 Diabetes Mellitus (Audit),few_shot,2,MedGemma 1.0-27B,ollama,medgemma:27b,82551000119103,generation_failure
Type 2 Diabetes Mellitus (Audit),few_shot,2,MedGemma 1.0-27B,ollama,medgemma:27b,609567009,generation_failure
Type 2 Diabetes Mellitus (Audit),few_shot,2,MedGemma 1.0-27B,ollama,medgemma:27b,127991000119101,retrieval_failure
Type 2 Diabetes Mellitus (Audit),few_shot,2,MedGemma 1.0-27B,ollama,medgemma:27b,314903002,generation_failure
Type 2 Diabetes Mellitus (Audit),few_shot,2,MedGemma 1.0-27B,ollama,medgemma:27b,368051000119109,generation_failure
Type 2 Diabetes Mellitus (Audit),few_shot,2,MedGemma 1.0-27B,ollama,medgemma:27b,138911000119106,generation_failure
Type 2 Diabetes Mellitus (Audit),few_shot,2,MedGemma 1.0-27B,ollama,medgemma:27b,190388001,generation_failure
Type 2 Diabetes Mellitus (Audit),few_shot,2,MedGemma 1.0-27B,ollama,medgemma:27b,421986006,generation_failure
Type 2 Diabetes Mellitus (Audit),few_shot,2,MedGemma 1.0-27B,ollama,medgemma:27b,97341000119105,generation_failure
Type 2 Diabetes Mellitus (Audit),few_shot,2,MedGemma 1.0-27B,ollama,medgemma:27b,16745131000119100,generation_failure
Type 2 Diabetes Mellitus (Audit),few_shot,2,MedGemma 1.0-27B,ollama,medgemma:27b,420715001,generation_failure
Type 2 Diabetes Mellitus (Audit),few_shot,2,MedGemma 1.0-27B,ollama,medgemma:27b,1501000119109,retrieval_failure
Type 2 Diabetes Mellitus (Audit),few_shot,2,MedGemma 1.0-27B,ollama,medgemma:27b,28331000119107,generation_failure
Type 2 Diabetes Mellitus (Audit),few_shot,2,MedGemma 1.0-27B,ollama,medgemma:27b,1491000119102,retrieval_failure
Type 2 Diabetes Mellitus (Audit),few_shot,2,MedGemma 1.0-27B,ollama,medgemma:27b,237627000,generation_failure
Type 2 Diabetes Mellitus (Audit),few_shot,2,MedGemma 1.0-27B,ollama,medgemma:27b,10660471000119109,generation_failure
Type 2 Diabetes Mellitus (Audit),few_shot,2,MedGemma 1.0-27B,ollama,medgemma:27b,102621000119101,generation_failure
Type 2 Diabetes Mellitus,few_shot,3,MedGemma 1.0-27B,ollama,medgemma:27b,314903002,generation_failure
Type 2 Diabetes Mellitus,few_shot,3,MedGemma 1.0-27B,ollama,medgemma:27b,190390000,generation_failure
Type 2 Diabetes Mellitus,few_shot,3,MedGemma 1.0-27B,ollama,medgemma:27b,420715001,generation_failure
Type 2 Diabetes Mellitus,few_shot,3,MedGemma 1.0-27B,ollama,medgemma:27b,314904008,generation_failure
Type 2 Diabetes Mellitus,few_shot,3,MedGemma 1.0-27B,ollama,medgemma:27b,421750000,generation_failure
Type 2 Diabetes Mellitus,few_shot,3,MedGemma 1.0-27B,ollama,medgemma:27b,443694000,generation_failure
Type 2 Diabetes Mellitus,few_shot,3,MedGemma 1.0-27B,ollama,medgemma:27b,395204000,generation_failure
Type 2 Diabetes Mellitus,few_shot,3,MedGemma 1.0-27B,ollama,medgemma:27b,703138006,generation_failure
Type 2 Diabetes Mellitus,few_shot,3,MedGemma 1.0-27B,ollama,medgemma:27b,789569005,retrieval_failure
Type 2 Diabetes Mellitus,few_shot,3,MedGemma 1.0-27B,ollama,medgemma:27b,703136005,retrieval_failure
Type 2 Diabetes Mellitus,few_shot,3,MedGemma 1.0-27B,ollama,medgemma:27b,421847006,generation_failure
Type 2 Diabetes Mellitus,few_shot,3,MedGemma 1.0-27B,ollama,medgemma:27b,140381000119104,generation_failure
Type 2 Diabetes Mellitus,few_shot,3,MedGemma 1.0-27B,ollama,medgemma:27b,140531000119105,generation_failure
Type 2 Diabetes Mellitus,few_shot,3,MedGemma 1.0-27B,ollama,medgemma:27b,314902007,generation_failure
Type 2 Diabetes Mellitus,few_shot,3,MedGemma 1.0-27B,ollama,medgemma:27b,1196922005,retrieval_failure
Type 2 Diabetes Mellitus,few_shot,3,MedGemma 1.0-27B,ollama,medgemma:27b,190389009,generation_failure
Type 2 Diabetes Mellitus (Audit),few_shot,3,MedGemma 1.0-27B,ollama,medgemma:27b,390716007,generation_failure
Type 2 Diabetes Mellitus (Audit),few_shot,3,MedGemma 1.0-27B,ollama,medgemma:27b,97331000119101,generation_failure
Type 2 Diabetes Mellitus (Audit),few_shot,3,MedGemma 1.0-27B,ollama,medgemma:27b,140381000119104,generation_failure
Type 2 Diabetes Mellitus (Audit),few_shot,3,MedGemma 1.0-27B,ollama,medgemma:27b,140121000119100,retrieval_failure
Type 2 Diabetes Mellitus (Audit),few_shot,3,MedGemma 1.0-27B,ollama,medgemma:27b,368581000119106,generation_failure
Type 2 Diabetes Mellitus (Audit),few_shot,3,MedGemma 1.0-27B,ollama,medgemma:27b,16747141000119104,generation_failure
Type 2 Diabetes Mellitus (Audit),few_shot,3,MedGemma 1.0-27B,ollama,medgemma:27b,140521000119107,generation_failure
Type 2 Diabetes Mellitus (Audit),few_shot,3,MedGemma 1.0-27B,ollama,medgemma:27b,16746261000119108,generation_failure
Type 2 Diabetes Mellitus (Audit),few_shot,3,MedGemma 1.0-27B,ollama,medgemma:27b,10661671000119102,generation_failure
Type 2 Diabetes Mellitus (Audit),few_shot,3,MedGemma 1.0-27B,ollama,medgemma:27b,712883005,generation_failure
Type 2 Diabetes Mellitus (Audit),few_shot,3,MedGemma 1.0-27B,ollama,medgemma:27b,719216001,generation_failure
Type 2 Diabetes Mellitus (Audit),few_shot,3,MedGemma 1.0-27B,ollama,medgemma:27b,16745051000119107,generation_failure
Type 2 Diabetes Mellitus (Audit),few_shot,3,MedGemma 1.0-27B,ollama,medgemma:27b,789569005,retrieval_failure
Type 2 Diabetes Mellitus (Audit),few_shot,3,MedGemma 1.0-27B,ollama,medgemma:27b,421779007,generation_failure
Type 2 Diabetes Mellitus (Audit),few_shot,3,MedGemma 1.0-27B,ollama,medgemma:27b,703138006,generation_failure
Type 2 Diabetes Mellitus (Audit),few_shot,3,MedGemma 1.0-27B,ollama,medgemma:27b,761000119102,generation_failure
Type 2 Diabetes Mellitus (Audit),few_shot,3,MedGemma 1.0-27B,ollama,medgemma:27b,16745651000119101,retrieval_failure
Type 2 Diabetes Mellitus (Audit),few_shot,3,MedGemma 1.0-27B,ollama,medgemma:27b,104961000119108,generation_failure
Type 2 Diabetes Mellitus (Audit),few_shot,3,MedGemma 1.0-27B,ollama,medgemma:27b,16746131000119105,generation_failure
Type 2 Diabetes Mellitus (Audit),few_shot,3,MedGemma 1.0-27B,ollama,medgemma:27b,190331003,generation_failure
Type 2 Diabetes Mellitus (Audit),few_shot,3,MedGemma 1.0-27B,ollama,medgemma:27b,140391000119101,generation_failure
Type 2 Diabetes Mellitus (Audit),few_shot,3,MedGemma 1.0-27B,ollama,medgemma:27b,72061000119104,generation_failure
Type 2 Diabetes Mellitus (Audit),few_shot,3,MedGemma 1.0-27B,ollama,medgemma:27b,190389009,generation_failure
Type 2 Diabetes Mellitus (Audit),few_shot,3,MedGemma 1.0-27B,ollama,medgemma:27b,16747021000119109,generation_failure
Type 2 Diabetes Mellitus (Audit),few_shot,3,MedGemma 1.0-27B,ollama,medgemma:27b,443694000,generation_failure
Type 2 Diabetes Mellitus (Audit),few_shot,3,MedGemma 1.0-27B,ollama,medgemma:27b,721284006,generation_failure
Type 2 Diabetes Mellitus (Audit),few_shot,3,MedGemma 1.0-27B,ollama,medgemma:27b,16745931000119102,retrieval_failure
Type 2 Diabetes Mellitus (Audit),few_shot,3,MedGemma 1.0-27B,ollama,medgemma:27b,140131000119102,generation_failure
Type 2 Diabetes Mellitus (Audit),few_shot,3,MedGemma 1.0-27B,ollama,medgemma:27b,1196922005,retrieval_failure
Type 2 Diabetes Mellitus (Audit),few_shot,3,MedGemma 1.0-27B,ollama,medgemma:27b,422034002,generation_failure
Type 2 Diabetes Mellitus (Audit),few_shot,3,MedGemma 1.0-27B,ollama,medgemma:27b,421847006,generation_failure
Type 2 Diabetes Mellitus (Audit),few_shot,3,MedGemma 1.0-27B,ollama,medgemma:27b,120731000119103,generation_failure
Type 2 Diabetes Mellitus (Audit),few_shot,3,MedGemma 1.0-27B,ollama,medgemma:27b,1511000119107,generation_failure
Type 2 Diabetes Mellitus (Audit),few_shot,3,MedGemma 1.0-27B,ollama,medgemma:27b,1551000119108,generation_failure
Type 2 Diabetes Mellitus (Audit),few_shot,3,MedGemma 1.0-27B,ollama,medgemma:27b,314904008,generation_failure
Type 2 Diabetes Mellitus (Audit),few_shot,3,MedGemma 1.0-27B,ollama,medgemma:27b,87451000119102,generation_failure
Type 2 Diabetes Mellitus (Audit),few_shot,3,MedGemma 1.0-27B,ollama,medgemma:27b,9859006,retrieval_failure
Type 2 Diabetes Mellitus (Audit),few_shot,3,MedGemma 1.0-27B,ollama,medgemma:27b,789567007,retrieval_failure
Type 2 Diabetes Mellitus (Audit),few_shot,3,MedGemma 1.0-27B,ollama,medgemma:27b,87461000119100,generation_failure
Type 2 Diabetes Mellitus (Audit),few_shot,3,MedGemma 1.0-27B,ollama,medgemma:27b,789570006,retrieval_failure
Type 2 Diabetes Mellitus (Audit),few_shot,3,MedGemma 1.0-27B,ollama,medgemma:27b,368591000119109,generation_failure
Type 2 Diabetes Mellitus (Audit),few_shot,3,MedGemma 1.0-27B,ollama,medgemma:27b,420436000,generation_failure
Type 2 Diabetes Mellitus (Audit),few_shot,3,MedGemma 1.0-27B,ollama,medgemma:27b,16745531000119108,retrieval_failure
Type 2 Diabetes Mellitus (Audit),few_shot,3,MedGemma 1.0-27B,ollama,medgemma:27b,87921000119104,generation_failure
Type 2 Diabetes Mellitus (Audit),few_shot,3,MedGemma 1.0-27B,ollama,medgemma:27b,140531000119105,generation_failure
Type 2 Diabetes Mellitus (Audit),few_shot,3,MedGemma 1.0-27B,ollama,medgemma:27b,157141000119108,generation_failure
Type 2 Diabetes Mellitus (Audit),few_shot,3,MedGemma 1.0-27B,ollama,medgemma:27b,279321000000104,generation_failure
Type 2 Diabetes Mellitus (Audit),few_shot,3,MedGemma 1.0-27B,ollama,medgemma:27b,24471000000103,generation_failure
Type 2 Diabetes Mellitus (Audit),few_shot,3,MedGemma 1.0-27B,ollama,medgemma:27b,201000119106,generation_failure
Type 2 Diabetes Mellitus (Audit),few_shot,3,MedGemma 1.0-27B,ollama,medgemma:27b,314902007,generation_failure
Type 2 Diabetes Mellitus (Audit),few_shot,3,MedGemma 1.0-27B,ollama,medgemma:27b,16747661000119109,generation_failure
Type 2 Diabetes Mellitus (Audit),few_shot,3,MedGemma 1.0-27B,ollama,medgemma:27b,791000119109,generation_failure
Type 2 Diabetes Mellitus (Audit),few_shot,3,MedGemma 1.0-27B,ollama,medgemma:27b,71421000119105,generation_failure
Type 2 Diabetes Mellitus (Audit),few_shot,3,MedGemma 1.0-27B,ollama,medgemma:27b,16749661000119102,generation_failure
Type 2 Diabetes Mellitus (Audit),few_shot,3,MedGemma 1.0-27B,ollama,medgemma:27b,24481000000101,generation_failure
Type 2 Diabetes Mellitus (Audit),few_shot,3,MedGemma 1.0-27B,ollama,medgemma:27b,10656271000119102,retrieval_failure
Type 2 Diabetes Mellitus (Audit),few_shot,3,MedGemma 1.0-27B,ollama,medgemma:27b,72051000119101,generation_failure
Type 2 Diabetes Mellitus (Audit),few_shot,3,MedGemma 1.0-27B,ollama,medgemma:27b,137931000119102,generation_failure
Type 2 Diabetes Mellitus (Audit),few_shot,3,MedGemma 1.0-27B,ollama,medgemma:27b,427134009,generation_failure
Type 2 Diabetes Mellitus (Audit),few_shot,3,MedGemma 1.0-27B,ollama,medgemma:27b,395204000,generation_failure
Type 2 Diabetes Mellitus (Audit),few_shot,3,MedGemma 1.0-27B,ollama,medgemma:27b,140101000119109,retrieval_failure
Type 2 Diabetes Mellitus (Audit),few_shot,3,MedGemma 1.0-27B,ollama,medgemma:27b,119831000119106,generation_failure
Type 2 Diabetes Mellitus (Audit),few_shot,3,MedGemma 1.0-27B,ollama,medgemma:27b,190390000,generation_failure
Type 2 Diabetes Mellitus (Audit),few_shot,3,MedGemma 1.0-27B,ollama,medgemma:27b,713706002,generation_failure
Type 2 Diabetes Mellitus (Audit),few_shot,3,MedGemma 1.0-27B,ollama,medgemma:27b,90781000119102,generation_failure
Type 2 Diabetes Mellitus (Audit),few_shot,3,MedGemma 1.0-27B,ollama,medgemma:27b,420756003,generation_failure
Type 2 Diabetes Mellitus (Audit),few_shot,3,MedGemma 1.0-27B,ollama,medgemma:27b,87441000119104,generation_failure
Type 2 Diabetes Mellitus (Audit),few_shot,3,MedGemma 1.0-27B,ollama,medgemma:27b,16747901000119104,retrieval_failure
Type 2 Diabetes Mellitus (Audit),few_shot,3,MedGemma 1.0-27B,ollama,medgemma:27b,199230006,generation_failure
Type 2 Diabetes Mellitus (Audit),few_shot,3,MedGemma 1.0-27B,ollama,medgemma:27b,108791000119108,generation_failure
Type 2 Diabetes Mellitus (Audit),few_shot,3,MedGemma 1.0-27B,ollama,medgemma:27b,421750000,generation_failure
Type 2 Diabetes Mellitus (Audit),few_shot,3,MedGemma 1.0-27B,ollama,medgemma:27b,16746341000119103,generation_failure
Type 2 Diabetes Mellitus (Audit),few_shot,3,MedGemma 1.0-27B,ollama,medgemma:27b,41911000119107,generation_failure
Type 2 Diabetes Mellitus (Audit),few_shot,3,MedGemma 1.0-27B,ollama,medgemma:27b,16748141000119100,generation_failure
Type 2 Diabetes Mellitus (Audit),few_shot,3,MedGemma 1.0-27B,ollama,medgemma:27b,108781000119105,generation_failure
Type 2 Diabetes Mellitus (Audit),few_shot,3,MedGemma 1.0-27B,ollama,medgemma:27b,781000119106,generation_failure
Type 2 Diabetes Mellitus (Audit),few_shot,3,MedGemma 1.0-27B,ollama,medgemma:27b,111231000119109,retrieval_failure
Type 2 Diabetes Mellitus (Audit),few_shot,3,MedGemma 1.0-27B,ollama,medgemma:27b,138921000119104,generation_failure
Type 2 Diabetes Mellitus (Audit),few_shot,3,MedGemma 1.0-27B,ollama,medgemma:27b,711000119100,generation_failure
Type 2 Diabetes Mellitus (Audit),few_shot,3,MedGemma 1.0-27B,ollama,medgemma:27b,422166005,generation_failure
Type 2 Diabetes Mellitus (Audit),few_shot,3,MedGemma 1.0-27B,ollama,medgemma:27b,741000119101,generation_failure
Type 2 Diabetes Mellitus (Audit),few_shot,3,MedGemma 1.0-27B,ollama,medgemma:27b,1144894004,retrieval_failure
Type 2 Diabetes Mellitus (Audit),few_shot,3,MedGemma 1.0-27B,ollama,medgemma:27b,71441000119104,generation_failure
Type 2 Diabetes Mellitus (Audit),few_shot,3,MedGemma 1.0-27B,ollama,medgemma:27b,1521000119100,generation_failure
Type 2 Diabetes Mellitus (Audit),few_shot,3,MedGemma 1.0-27B,ollama,medgemma:27b,421326000,generation_failure
Type 2 Diabetes Mellitus (Audit),few_shot,3,MedGemma 1.0-27B,ollama,medgemma:27b,1531000119102,generation_failure
Type 2 Diabetes Mellitus (Audit),few_shot,3,MedGemma 1.0-27B,ollama,medgemma:27b,16746901000119101,generation_failure
Type 2 Diabetes Mellitus (Audit),few_shot,3,MedGemma 1.0-27B,ollama,medgemma:27b,713703005,generation_failure
Type 2 Diabetes Mellitus (Audit),few_shot,3,MedGemma 1.0-27B,ollama,medgemma:27b,140111000119107,retrieval_failure
Type 2 Diabetes Mellitus (Audit),few_shot,3,MedGemma 1.0-27B,ollama,medgemma:27b,1003605004,generation_failure
Type 2 Diabetes Mellitus (Audit),few_shot,3,MedGemma 1.0-27B,ollama,medgemma:27b,82551000119103,generation_failure
Type 2 Diabetes Mellitus (Audit),few_shot,3,MedGemma 1.0-27B,ollama,medgemma:27b,609567009,generation_failure
Type 2 Diabetes Mellitus (Audit),few_shot,3,MedGemma 1.0-27B,ollama,medgemma:27b,127991000119101,retrieval_failure
Type 2 Diabetes Mellitus (Audit),few_shot,3,MedGemma 1.0-27B,ollama,medgemma:27b,314903002,generation_failure
Type 2 Diabetes Mellitus (Audit),few_shot,3,MedGemma 1.0-27B,ollama,medgemma:27b,138911000119106,generation_failure
Type 2 Diabetes Mellitus (Audit),few_shot,3,MedGemma 1.0-27B,ollama,medgemma:27b,421986006,generation_failure
Type 2 Diabetes Mellitus (Audit),few_shot,3,MedGemma 1.0-27B,ollama,medgemma:27b,97341000119105,generation_failure
Type 2 Diabetes Mellitus (Audit),few_shot,3,MedGemma 1.0-27B,ollama,medgemma:27b,16745131000119100,generation_failure
Type 2 Diabetes Mellitus (Audit),few_shot,3,MedGemma 1.0-27B,ollama,medgemma:27b,420715001,generation_failure
Type 2 Diabetes Mellitus (Audit),few_shot,3,MedGemma 1.0-27B,ollama,medgemma:27b,1501000119109,retrieval_failure
Type 2 Diabetes Mellitus (Audit),few_shot,3,MedGemma 1.0-27B,ollama,medgemma:27b,28331000119107,generation_failure
Type 2 Diabetes Mellitus (Audit),few_shot,3,MedGemma 1.0-27B,ollama,medgemma:27b,1491000119102,retrieval_failure
Type 2 Diabetes Mellitus (Audit),few_shot,3,MedGemma 1.0-27B,ollama,medgemma:27b,237627000,generation_failure
Type 2 Diabetes Mellitus (Audit),few_shot,3,MedGemma 1.0-27B,ollama,medgemma:27b,10660471000119109,generation_failure
Type 2 Diabetes Mellitus (Audit),few_shot,3,MedGemma 1.0-27B,ollama,medgemma:27b,102621000119101,generation_failure
Type 2 Diabetes Mellitus,chain_of_thought,1,MedGemma 1.0-27B,ollama,medgemma:27b,314903002,generation_failure
Type 2 Diabetes Mellitus,chain_of_thought,1,MedGemma 1.0-27B,ollama,medgemma:27b,314904008,generation_failure
Type 2 Diabetes Mellitus,chain_of_thought,1,MedGemma 1.0-27B,ollama,medgemma:27b,395204000,generation_failure
Type 2 Diabetes Mellitus,chain_of_thought,1,MedGemma 1.0-27B,ollama,medgemma:27b,445353002,generation_failure
Type 2 Diabetes Mellitus,chain_of_thought,1,MedGemma 1.0-27B,ollama,medgemma:27b,789569005,retrieval_failure
Type 2 Diabetes Mellitus,chain_of_thought,1,MedGemma 1.0-27B,ollama,medgemma:27b,703136005,retrieval_failure
Type 2 Diabetes Mellitus,chain_of_thought,1,MedGemma 1.0-27B,ollama,medgemma:27b,140381000119104,generation_failure
Type 2 Diabetes Mellitus,chain_of_thought,1,MedGemma 1.0-27B,ollama,medgemma:27b,140531000119105,generation_failure
Type 2 Diabetes Mellitus,chain_of_thought,1,MedGemma 1.0-27B,ollama,medgemma:27b,314902007,generation_failure
Type 2 Diabetes Mellitus,chain_of_thought,1,MedGemma 1.0-27B,ollama,medgemma:27b,1196922005,retrieval_failure
Type 2 Diabetes Mellitus (Audit),chain_of_thought,1,MedGemma 1.0-27B,ollama,medgemma:27b,97621000119107,generation_failure
Type 2 Diabetes Mellitus (Audit),chain_of_thought,1,MedGemma 1.0-27B,ollama,medgemma:27b,97331000119101,generation_failure
Type 2 Diabetes Mellitus (Audit),chain_of_thought,1,MedGemma 1.0-27B,ollama,medgemma:27b,140381000119104,generation_failure
Type 2 Diabetes Mellitus (Audit),chain_of_thought,1,MedGemma 1.0-27B,ollama,medgemma:27b,140121000119100,retrieval_failure
Type 2 Diabetes Mellitus (Audit),chain_of_thought,1,MedGemma 1.0-27B,ollama,medgemma:27b,368581000119106,generation_failure
Type 2 Diabetes Mellitus (Audit),chain_of_thought,1,MedGemma 1.0-27B,ollama,medgemma:27b,140521000119107,generation_failure
Type 2 Diabetes Mellitus (Audit),chain_of_thought,1,MedGemma 1.0-27B,ollama,medgemma:27b,427027005,generation_failure
Type 2 Diabetes Mellitus (Audit),chain_of_thought,1,MedGemma 1.0-27B,ollama,medgemma:27b,16746261000119108,generation_failure
Type 2 Diabetes Mellitus (Audit),chain_of_thought,1,MedGemma 1.0-27B,ollama,medgemma:27b,10661671000119102,generation_failure
Type 2 Diabetes Mellitus (Audit),chain_of_thought,1,MedGemma 1.0-27B,ollama,medgemma:27b,712883005,generation_failure
Type 2 Diabetes Mellitus (Audit),chain_of_thought,1,MedGemma 1.0-27B,ollama,medgemma:27b,16745051000119107,generation_failure
Type 2 Diabetes Mellitus (Audit),chain_of_thought,1,MedGemma 1.0-27B,ollama,medgemma:27b,789569005,retrieval_failure
Type 2 Diabetes Mellitus (Audit),chain_of_thought,1,MedGemma 1.0-27B,ollama,medgemma:27b,15936501000119100,generation_failure
Type 2 Diabetes Mellitus (Audit),chain_of_thought,1,MedGemma 1.0-27B,ollama,medgemma:27b,761000119102,generation_failure
Type 2 Diabetes Mellitus (Audit),chain_of_thought,1,MedGemma 1.0-27B,ollama,medgemma:27b,16745651000119101,retrieval_failure
Type 2 Diabetes Mellitus (Audit),chain_of_thought,1,MedGemma 1.0-27B,ollama,medgemma:27b,104961000119108,generation_failure
Type 2 Diabetes Mellitus (Audit),chain_of_thought,1,MedGemma 1.0-27B,ollama,medgemma:27b,422099009,generation_failure
Type 2 Diabetes Mellitus (Audit),chain_of_thought,1,MedGemma 1.0-27B,ollama,medgemma:27b,16746131000119105,generation_failure
Type 2 Diabetes Mellitus (Audit),chain_of_thought,1,MedGemma 1.0-27B,ollama,medgemma:27b,190331003,generation_failure
Type 2 Diabetes Mellitus (Audit),chain_of_thought,1,MedGemma 1.0-27B,ollama,medgemma:27b,140391000119101,generation_failure
Type 2 Diabetes Mellitus (Audit),chain_of_thought,1,MedGemma 1.0-27B,ollama,medgemma:27b,72061000119104,generation_failure
Type 2 Diabetes Mellitus (Audit),chain_of_thought,1,MedGemma 1.0-27B,ollama,medgemma:27b,16747021000119109,generation_failure
Type 2 Diabetes Mellitus (Audit),chain_of_thought,1,MedGemma 1.0-27B,ollama,medgemma:27b,721284006,generation_failure
Type 2 Diabetes Mellitus (Audit),chain_of_thought,1,MedGemma 1.0-27B,ollama,medgemma:27b,16745931000119102,retrieval_failure
Type 2 Diabetes Mellitus (Audit),chain_of_thought,1,MedGemma 1.0-27B,ollama,medgemma:27b,140131000119102,generation_failure
Type 2 Diabetes Mellitus (Audit),chain_of_thought,1,MedGemma 1.0-27B,ollama,medgemma:27b,60951000119105,generation_failure
Type 2 Diabetes Mellitus (Audit),chain_of_thought,1,MedGemma 1.0-27B,ollama,medgemma:27b,110171000119107,generation_failure
Type 2 Diabetes Mellitus (Audit),chain_of_thought,1,MedGemma 1.0-27B,ollama,medgemma:27b,110181000119105,generation_failure
Type 2 Diabetes Mellitus (Audit),chain_of_thought,1,MedGemma 1.0-27B,ollama,medgemma:27b,1196922005,retrieval_failure
Type 2 Diabetes Mellitus (Audit),chain_of_thought,1,MedGemma 1.0-27B,ollama,medgemma:27b,422034002,generation_failure
Type 2 Diabetes Mellitus (Audit),chain_of_thought,1,MedGemma 1.0-27B,ollama,medgemma:27b,701000119103,generation_failure
Type 2 Diabetes Mellitus (Audit),chain_of_thought,1,MedGemma 1.0-27B,ollama,medgemma:27b,120731000119103,generation_failure
Type 2 Diabetes Mellitus (Audit),chain_of_thought,1,MedGemma 1.0-27B,ollama,medgemma:27b,1511000119107,generation_failure
Type 2 Diabetes Mellitus (Audit),chain_of_thought,1,MedGemma 1.0-27B,ollama,medgemma:27b,1551000119108,generation_failure
Type 2 Diabetes Mellitus (Audit),chain_of_thought,1,MedGemma 1.0-27B,ollama,medgemma:27b,314904008,generation_failure
Type 2 Diabetes Mellitus (Audit),chain_of_thought,1,MedGemma 1.0-27B,ollama,medgemma:27b,87451000119102,generation_failure
Type 2 Diabetes Mellitus (Audit),chain_of_thought,1,MedGemma 1.0-27B,ollama,medgemma:27b,9859006,retrieval_failure
Type 2 Diabetes Mellitus (Audit),chain_of_thought,1,MedGemma 1.0-27B,ollama,medgemma:27b,789567007,retrieval_failure
Type 2 Diabetes Mellitus (Audit),chain_of_thought,1,MedGemma 1.0-27B,ollama,medgemma:27b,789570006,retrieval_failure
Type 2 Diabetes Mellitus (Audit),chain_of_thought,1,MedGemma 1.0-27B,ollama,medgemma:27b,368591000119109,generation_failure
Type 2 Diabetes Mellitus (Audit),chain_of_thought,1,MedGemma 1.0-27B,ollama,medgemma:27b,420436000,generation_failure
Type 2 Diabetes Mellitus (Audit),chain_of_thought,1,MedGemma 1.0-27B,ollama,medgemma:27b,16745531000119108,retrieval_failure
Type 2 Diabetes Mellitus (Audit),chain_of_thought,1,MedGemma 1.0-27B,ollama,medgemma:27b,87921000119104,generation_failure
Type 2 Diabetes Mellitus (Audit),chain_of_thought,1,MedGemma 1.0-27B,ollama,medgemma:27b,731000119105,generation_failure
Type 2 Diabetes Mellitus (Audit),chain_of_thought,1,MedGemma 1.0-27B,ollama,medgemma:27b,140531000119105,generation_failure
Type 2 Diabetes Mellitus (Audit),chain_of_thought,1,MedGemma 1.0-27B,ollama,medgemma:27b,157141000119108,generation_failure
Type 2 Diabetes Mellitus (Audit),chain_of_thought,1,MedGemma 1.0-27B,ollama,medgemma:27b,201000119106,generation_failure
Type 2 Diabetes Mellitus (Audit),chain_of_thought,1,MedGemma 1.0-27B,ollama,medgemma:27b,314902007,generation_failure
Type 2 Diabetes Mellitus (Audit),chain_of_thought,1,MedGemma 1.0-27B,ollama,medgemma:27b,16747661000119109,generation_failure
Type 2 Diabetes Mellitus (Audit),chain_of_thought,1,MedGemma 1.0-27B,ollama,medgemma:27b,791000119109,generation_failure
Type 2 Diabetes Mellitus (Audit),chain_of_thought,1,MedGemma 1.0-27B,ollama,medgemma:27b,90791000119104,generation_failure
Type 2 Diabetes Mellitus (Audit),chain_of_thought,1,MedGemma 1.0-27B,ollama,medgemma:27b,721000119107,generation_failure
Type 2 Diabetes Mellitus (Audit),chain_of_thought,1,MedGemma 1.0-27B,ollama,medgemma:27b,71421000119105,generation_failure
Type 2 Diabetes Mellitus (Audit),chain_of_thought,1,MedGemma 1.0-27B,ollama,medgemma:27b,24481000000101,generation_failure
Type 2 Diabetes Mellitus (Audit),chain_of_thought,1,MedGemma 1.0-27B,ollama,medgemma:27b,10656271000119102,retrieval_failure
Type 2 Diabetes Mellitus (Audit),chain_of_thought,1,MedGemma 1.0-27B,ollama,medgemma:27b,137931000119102,generation_failure
Type 2 Diabetes Mellitus (Audit),chain_of_thought,1,MedGemma 1.0-27B,ollama,medgemma:27b,427134009,generation_failure
Type 2 Diabetes Mellitus (Audit),chain_of_thought,1,MedGemma 1.0-27B,ollama,medgemma:27b,395204000,generation_failure
Type 2 Diabetes Mellitus (Audit),chain_of_thought,1,MedGemma 1.0-27B,ollama,medgemma:27b,140101000119109,retrieval_failure
Type 2 Diabetes Mellitus (Audit),chain_of_thought,1,MedGemma 1.0-27B,ollama,medgemma:27b,119831000119106,generation_failure
Type 2 Diabetes Mellitus (Audit),chain_of_thought,1,MedGemma 1.0-27B,ollama,medgemma:27b,713706002,generation_failure
Type 2 Diabetes Mellitus (Audit),chain_of_thought,1,MedGemma 1.0-27B,ollama,medgemma:27b,84361000119102,generation_failure
Type 2 Diabetes Mellitus (Audit),chain_of_thought,1,MedGemma 1.0-27B,ollama,medgemma:27b,90781000119102,generation_failure
Type 2 Diabetes Mellitus (Audit),chain_of_thought,1,MedGemma 1.0-27B,ollama,medgemma:27b,87441000119104,generation_failure
Type 2 Diabetes Mellitus (Audit),chain_of_thought,1,MedGemma 1.0-27B,ollama,medgemma:27b,751000119104,generation_failure
Type 2 Diabetes Mellitus (Audit),chain_of_thought,1,MedGemma 1.0-27B,ollama,medgemma:27b,16747901000119104,retrieval_failure
Type 2 Diabetes Mellitus (Audit),chain_of_thought,1,MedGemma 1.0-27B,ollama,medgemma:27b,108791000119108,generation_failure
Type 2 Diabetes Mellitus (Audit),chain_of_thought,1,MedGemma 1.0-27B,ollama,medgemma:27b,16746341000119103,generation_failure
Type 2 Diabetes Mellitus (Audit),chain_of_thought,1,MedGemma 1.0-27B,ollama,medgemma:27b,420279001,generation_failure
Type 2 Diabetes Mellitus (Audit),chain_of_thought,1,MedGemma 1.0-27B,ollama,medgemma:27b,108781000119105,generation_failure
Type 2 Diabetes Mellitus (Audit),chain_of_thought,1,MedGemma 1.0-27B,ollama,medgemma:27b,781000119106,generation_failure
Type 2 Diabetes Mellitus (Audit),chain_of_thought,1,MedGemma 1.0-27B,ollama,medgemma:27b,111231000119109,retrieval_failure
Type 2 Diabetes Mellitus (Audit),chain_of_thought,1,MedGemma 1.0-27B,ollama,medgemma:27b,138921000119104,generation_failure
Type 2 Diabetes Mellitus (Audit),chain_of_thought,1,MedGemma 1.0-27B,ollama,medgemma:27b,711000119100,generation_failure
Type 2 Diabetes Mellitus (Audit),chain_of_thought,1,MedGemma 1.0-27B,ollama,medgemma:27b,422166005,generation_failure
Type 2 Diabetes Mellitus (Audit),chain_of_thought,1,MedGemma 1.0-27B,ollama,medgemma:27b,741000119101,generation_failure
Type 2 Diabetes Mellitus (Audit),chain_of_thought,1,MedGemma 1.0-27B,ollama,medgemma:27b,1144894004,retrieval_failure
Type 2 Diabetes Mellitus (Audit),chain_of_thought,1,MedGemma 1.0-27B,ollama,medgemma:27b,71441000119104,generation_failure
Type 2 Diabetes Mellitus (Audit),chain_of_thought,1,MedGemma 1.0-27B,ollama,medgemma:27b,1521000119100,generation_failure
Type 2 Diabetes Mellitus (Audit),chain_of_thought,1,MedGemma 1.0-27B,ollama,medgemma:27b,421326000,generation_failure
Type 2 Diabetes Mellitus (Audit),chain_of_thought,1,MedGemma 1.0-27B,ollama,medgemma:27b,1531000119102,generation_failure
Type 2 Diabetes Mellitus (Audit),chain_of_thought,1,MedGemma 1.0-27B,ollama,medgemma:27b,771000119108,generation_failure
Type 2 Diabetes Mellitus (Audit),chain_of_thought,1,MedGemma 1.0-27B,ollama,medgemma:27b,164971000119101,generation_failure
Type 2 Diabetes Mellitus (Audit),chain_of_thought,1,MedGemma 1.0-27B,ollama,medgemma:27b,713703005,generation_failure
Type 2 Diabetes Mellitus (Audit),chain_of_thought,1,MedGemma 1.0-27B,ollama,medgemma:27b,140111000119107,retrieval_failure
Type 2 Diabetes Mellitus (Audit),chain_of_thought,1,MedGemma 1.0-27B,ollama,medgemma:27b,1003605004,generation_failure
Type 2 Diabetes Mellitus (Audit),chain_of_thought,1,MedGemma 1.0-27B,ollama,medgemma:27b,609567009,generation_failure
Type 2 Diabetes Mellitus (Audit),chain_of_thought,1,MedGemma 1.0-27B,ollama,medgemma:27b,127991000119101,retrieval_failure
Type 2 Diabetes Mellitus (Audit),chain_of_thought,1,MedGemma 1.0-27B,ollama,medgemma:27b,314903002,generation_failure
Type 2 Diabetes Mellitus (Audit),chain_of_thought,1,MedGemma 1.0-27B,ollama,medgemma:27b,368051000119109,generation_failure
Type 2 Diabetes Mellitus (Audit),chain_of_thought,1,MedGemma 1.0-27B,ollama,medgemma:27b,138911000119106,generation_failure
Type 2 Diabetes Mellitus (Audit),chain_of_thought,1,MedGemma 1.0-27B,ollama,medgemma:27b,421986006,generation_failure
Type 2 Diabetes Mellitus (Audit),chain_of_thought,1,MedGemma 1.0-27B,ollama,medgemma:27b,97341000119105,generation_failure
Type 2 Diabetes Mellitus (Audit),chain_of_thought,1,MedGemma 1.0-27B,ollama,medgemma:27b,16745131000119100,generation_failure
Type 2 Diabetes Mellitus (Audit),chain_of_thought,1,MedGemma 1.0-27B,ollama,medgemma:27b,1501000119109,retrieval_failure
Type 2 Diabetes Mellitus (Audit),chain_of_thought,1,MedGemma 1.0-27B,ollama,medgemma:27b,28331000119107,generation_failure
Type 2 Diabetes Mellitus (Audit),chain_of_thought,1,MedGemma 1.0-27B,ollama,medgemma:27b,1491000119102,retrieval_failure
Type 2 Diabetes Mellitus (Audit),chain_of_thought,1,MedGemma 1.0-27B,ollama,medgemma:27b,237627000,generation_failure
Type 2 Diabetes Mellitus (Audit),chain_of_thought,1,MedGemma 1.0-27B,ollama,medgemma:27b,10660471000119109,generation_failure
Type 2 Diabetes Mellitus (Audit),chain_of_thought,1,MedGemma 1.0-27B,ollama,medgemma:27b,445353002,generation_failure
Type 2 Diabetes Mellitus (Audit),chain_of_thought,1,MedGemma 1.0-27B,ollama,medgemma:27b,102621000119101,generation_failure
Type 2 Diabetes Mellitus,chain_of_thought,2,MedGemma 1.0-27B,ollama,medgemma:27b,314903002,generation_failure
Type 2 Diabetes Mellitus,chain_of_thought,2,MedGemma 1.0-27B,ollama,medgemma:27b,190390000,generation_failure
Type 2 Diabetes Mellitus,chain_of_thought,2,MedGemma 1.0-27B,ollama,medgemma:27b,420715001,generation_failure
Type 2 Diabetes Mellitus,chain_of_thought,2,MedGemma 1.0-27B,ollama,medgemma:27b,314904008,generation_failure
Type 2 Diabetes Mellitus,chain_of_thought,2,MedGemma 1.0-27B,ollama,medgemma:27b,789569005,retrieval_failure
Type 2 Diabetes Mellitus,chain_of_thought,2,MedGemma 1.0-27B,ollama,medgemma:27b,703136005,retrieval_failure
Type 2 Diabetes Mellitus,chain_of_thought,2,MedGemma 1.0-27B,ollama,medgemma:27b,140381000119104,generation_failure
Type 2 Diabetes Mellitus,chain_of_thought,2,MedGemma 1.0-27B,ollama,medgemma:27b,140531000119105,generation_failure
Type 2 Diabetes Mellitus,chain_of_thought,2,MedGemma 1.0-27B,ollama,medgemma:27b,703138006,generation_failure
Type 2 Diabetes Mellitus,chain_of_thought,2,MedGemma 1.0-27B,ollama,medgemma:27b,1196922005,retrieval_failure
Type 2 Diabetes Mellitus,chain_of_thought,2,MedGemma 1.0-27B,ollama,medgemma:27b,1481000119100,generation_failure
Type 2 Diabetes Mellitus,chain_of_thought,2,MedGemma 1.0-27B,ollama,medgemma:27b,190389009,generation_failure
Type 2 Diabetes Mellitus (Audit),chain_of_thought,2,MedGemma 1.0-27B,ollama,medgemma:27b,390716007,generation_failure
Type 2 Diabetes Mellitus (Audit),chain_of_thought,2,MedGemma 1.0-27B,ollama,medgemma:27b,97331000119101,generation_failure
Type 2 Diabetes Mellitus (Audit),chain_of_thought,2,MedGemma 1.0-27B,ollama,medgemma:27b,140381000119104,generation_failure
Type 2 Diabetes Mellitus (Audit),chain_of_thought,2,MedGemma 1.0-27B,ollama,medgemma:27b,140121000119100,retrieval_failure
Type 2 Diabetes Mellitus (Audit),chain_of_thought,2,MedGemma 1.0-27B,ollama,medgemma:27b,368581000119106,generation_failure
Type 2 Diabetes Mellitus (Audit),chain_of_thought,2,MedGemma 1.0-27B,ollama,medgemma:27b,16747141000119104,generation_failure
Type 2 Diabetes Mellitus (Audit),chain_of_thought,2,MedGemma 1.0-27B,ollama,medgemma:27b,140521000119107,generation_failure
Type 2 Diabetes Mellitus (Audit),chain_of_thought,2,MedGemma 1.0-27B,ollama,medgemma:27b,427027005,generation_failure
Type 2 Diabetes Mellitus (Audit),chain_of_thought,2,MedGemma 1.0-27B,ollama,medgemma:27b,16746261000119108,generation_failure
Type 2 Diabetes Mellitus (Audit),chain_of_thought,2,MedGemma 1.0-27B,ollama,medgemma:27b,10661671000119102,generation_failure
Type 2 Diabetes Mellitus (Audit),chain_of_thought,2,MedGemma 1.0-27B,ollama,medgemma:27b,712883005,generation_failure
Type 2 Diabetes Mellitus (Audit),chain_of_thought,2,MedGemma 1.0-27B,ollama,medgemma:27b,719216001,generation_failure
Type 2 Diabetes Mellitus (Audit),chain_of_thought,2,MedGemma 1.0-27B,ollama,medgemma:27b,16745051000119107,generation_failure
Type 2 Diabetes Mellitus (Audit),chain_of_thought,2,MedGemma 1.0-27B,ollama,medgemma:27b,789569005,retrieval_failure
Type 2 Diabetes Mellitus (Audit),chain_of_thought,2,MedGemma 1.0-27B,ollama,medgemma:27b,703138006,generation_failure
Type 2 Diabetes Mellitus (Audit),chain_of_thought,2,MedGemma 1.0-27B,ollama,medgemma:27b,1481000119100,generation_failure
Type 2 Diabetes Mellitus (Audit),chain_of_thought,2,MedGemma 1.0-27B,ollama,medgemma:27b,16745651000119101,retrieval_failure
Type 2 Diabetes Mellitus (Audit),chain_of_thought,2,MedGemma 1.0-27B,ollama,medgemma:27b,422099009,generation_failure
Type 2 Diabetes Mellitus (Audit),chain_of_thought,2,MedGemma 1.0-27B,ollama,medgemma:27b,82541000119100,generation_failure
Type 2 Diabetes Mellitus (Audit),chain_of_thought,2,MedGemma 1.0-27B,ollama,medgemma:27b,16746131000119105,generation_failure
Type 2 Diabetes Mellitus (Audit),chain_of_thought,2,MedGemma 1.0-27B,ollama,medgemma:27b,190331003,generation_failure
Type 2 Diabetes Mellitus (Audit),chain_of_thought,2,MedGemma 1.0-27B,ollama,medgemma:27b,140391000119101,generation_failure
Type 2 Diabetes Mellitus (Audit),chain_of_thought,2,MedGemma 1.0-27B,ollama,medgemma:27b,72061000119104,generation_failure
Type 2 Diabetes Mellitus (Audit),chain_of_thought,2,MedGemma 1.0-27B,ollama,medgemma:27b,190389009,generation_failure
Type 2 Diabetes Mellitus (Audit),chain_of_thought,2,MedGemma 1.0-27B,ollama,medgemma:27b,16747021000119109,generation_failure
Type 2 Diabetes Mellitus (Audit),chain_of_thought,2,MedGemma 1.0-27B,ollama,medgemma:27b,721284006,generation_failure
Type 2 Diabetes Mellitus (Audit),chain_of_thought,2,MedGemma 1.0-27B,ollama,medgemma:27b,16745931000119102,retrieval_failure
Type 2 Diabetes Mellitus (Audit),chain_of_thought,2,MedGemma 1.0-27B,ollama,medgemma:27b,140131000119102,generation_failure
Type 2 Diabetes Mellitus (Audit),chain_of_thought,2,MedGemma 1.0-27B,ollama,medgemma:27b,60951000119105,generation_failure
Type 2 Diabetes Mellitus (Audit),chain_of_thought,2,MedGemma 1.0-27B,ollama,medgemma:27b,110171000119107,generation_failure
Type 2 Diabetes Mellitus (Audit),chain_of_thought,2,MedGemma 1.0-27B,ollama,medgemma:27b,110181000119105,generation_failure
Type 2 Diabetes Mellitus (Audit),chain_of_thought,2,MedGemma 1.0-27B,ollama,medgemma:27b,1196922005,retrieval_failure
Type 2 Diabetes Mellitus (Audit),chain_of_thought,2,MedGemma 1.0-27B,ollama,medgemma:27b,422034002,generation_failure
Type 2 Diabetes Mellitus (Audit),chain_of_thought,2,MedGemma 1.0-27B,ollama,medgemma:27b,701000119103,generation_failure
Type 2 Diabetes Mellitus (Audit),chain_of_thought,2,MedGemma 1.0-27B,ollama,medgemma:27b,120731000119103,generation_failure
Type 2 Diabetes Mellitus (Audit),chain_of_thought,2,MedGemma 1.0-27B,ollama,medgemma:27b,1511000119107,generation_failure
Type 2 Diabetes Mellitus (Audit),chain_of_thought,2,MedGemma 1.0-27B,ollama,medgemma:27b,1551000119108,generation_failure
Type 2 Diabetes Mellitus (Audit),chain_of_thought,2,MedGemma 1.0-27B,ollama,medgemma:27b,314904008,generation_failure
Type 2 Diabetes Mellitus (Audit),chain_of_thought,2,MedGemma 1.0-27B,ollama,medgemma:27b,87451000119102,generation_failure
Type 2 Diabetes Mellitus (Audit),chain_of_thought,2,MedGemma 1.0-27B,ollama,medgemma:27b,9859006,retrieval_failure
Type 2 Diabetes Mellitus (Audit),chain_of_thought,2,MedGemma 1.0-27B,ollama,medgemma:27b,789567007,retrieval_failure
Type 2 Diabetes Mellitus (Audit),chain_of_thought,2,MedGemma 1.0-27B,ollama,medgemma:27b,789570006,retrieval_failure
Type 2 Diabetes Mellitus (Audit),chain_of_thought,2,MedGemma 1.0-27B,ollama,medgemma:27b,368591000119109,generation_failure
Type 2 Diabetes Mellitus (Audit),chain_of_thought,2,MedGemma 1.0-27B,ollama,medgemma:27b,420436000,generation_failure
Type 2 Diabetes Mellitus (Audit),chain_of_thought,2,MedGemma 1.0-27B,ollama,medgemma:27b,16745531000119108,retrieval_failure
Type 2 Diabetes Mellitus (Audit),chain_of_thought,2,MedGemma 1.0-27B,ollama,medgemma:27b,87921000119104,generation_failure
Type 2 Diabetes Mellitus (Audit),chain_of_thought,2,MedGemma 1.0-27B,ollama,medgemma:27b,140531000119105,generation_failure
Type 2 Diabetes Mellitus (Audit),chain_of_thought,2,MedGemma 1.0-27B,ollama,medgemma:27b,157141000119108,generation_failure
Type 2 Diabetes Mellitus (Audit),chain_of_thought,2,MedGemma 1.0-27B,ollama,medgemma:27b,279321000000104,generation_failure
Type 2 Diabetes Mellitus (Audit),chain_of_thought,2,MedGemma 1.0-27B,ollama,medgemma:27b,24471000000103,generation_failure
Type 2 Diabetes Mellitus (Audit),chain_of_thought,2,MedGemma 1.0-27B,ollama,medgemma:27b,201000119106,generation_failure
Type 2 Diabetes Mellitus (Audit),chain_of_thought,2,MedGemma 1.0-27B,ollama,medgemma:27b,16747661000119109,generation_failure
Type 2 Diabetes Mellitus (Audit),chain_of_thought,2,MedGemma 1.0-27B,ollama,medgemma:27b,721000119107,generation_failure
Type 2 Diabetes Mellitus (Audit),chain_of_thought,2,MedGemma 1.0-27B,ollama,medgemma:27b,16749661000119102,generation_failure
Type 2 Diabetes Mellitus (Audit),chain_of_thought,2,MedGemma 1.0-27B,ollama,medgemma:27b,24481000000101,generation_failure
Type 2 Diabetes Mellitus (Audit),chain_of_thought,2,MedGemma 1.0-27B,ollama,medgemma:27b,10656271000119102,retrieval_failure
Type 2 Diabetes Mellitus (Audit),chain_of_thought,2,MedGemma 1.0-27B,ollama,medgemma:27b,72051000119101,generation_failure
Type 2 Diabetes Mellitus (Audit),chain_of_thought,2,MedGemma 1.0-27B,ollama,medgemma:27b,427134009,generation_failure
Type 2 Diabetes Mellitus (Audit),chain_of_thought,2,MedGemma 1.0-27B,ollama,medgemma:27b,140101000119109,retrieval_failure
Type 2 Diabetes Mellitus (Audit),chain_of_thought,2,MedGemma 1.0-27B,ollama,medgemma:27b,444110003,generation_failure
Type 2 Diabetes Mellitus (Audit),chain_of_thought,2,MedGemma 1.0-27B,ollama,medgemma:27b,119831000119106,generation_failure
Type 2 Diabetes Mellitus (Audit),chain_of_thought,2,MedGemma 1.0-27B,ollama,medgemma:27b,190390000,generation_failure
Type 2 Diabetes Mellitus (Audit),chain_of_thought,2,MedGemma 1.0-27B,ollama,medgemma:27b,713706002,generation_failure
Type 2 Diabetes Mellitus (Audit),chain_of_thought,2,MedGemma 1.0-27B,ollama,medgemma:27b,84361000119102,generation_failure
Type 2 Diabetes Mellitus (Audit),chain_of_thought,2,MedGemma 1.0-27B,ollama,medgemma:27b,90781000119102,generation_failure
Type 2 Diabetes Mellitus (Audit),chain_of_thought,2,MedGemma 1.0-27B,ollama,medgemma:27b,751000119104,generation_failure
Type 2 Diabetes Mellitus (Audit),chain_of_thought,2,MedGemma 1.0-27B,ollama,medgemma:27b,16747901000119104,retrieval_failure
Type 2 Diabetes Mellitus (Audit),chain_of_thought,2,MedGemma 1.0-27B,ollama,medgemma:27b,108791000119108,generation_failure
Type 2 Diabetes Mellitus (Audit),chain_of_thought,2,MedGemma 1.0-27B,ollama,medgemma:27b,16746341000119103,generation_failure
Type 2 Diabetes Mellitus (Audit),chain_of_thought,2,MedGemma 1.0-27B,ollama,medgemma:27b,420279001,generation_failure
Type 2 Diabetes Mellitus (Audit),chain_of_thought,2,MedGemma 1.0-27B,ollama,medgemma:27b,108781000119105,generation_failure
Type 2 Diabetes Mellitus (Audit),chain_of_thought,2,MedGemma 1.0-27B,ollama,medgemma:27b,111231000119109,retrieval_failure
Type 2 Diabetes Mellitus (Audit),chain_of_thought,2,MedGemma 1.0-27B,ollama,medgemma:27b,741000119101,generation_failure
Type 2 Diabetes Mellitus (Audit),chain_of_thought,2,MedGemma 1.0-27B,ollama,medgemma:27b,1144894004,retrieval_failure
Type 2 Diabetes Mellitus (Audit),chain_of_thought,2,MedGemma 1.0-27B,ollama,medgemma:27b,1521000119100,generation_failure
Type 2 Diabetes Mellitus (Audit),chain_of_thought,2,MedGemma 1.0-27B,ollama,medgemma:27b,421326000,generation_failure
Type 2 Diabetes Mellitus (Audit),chain_of_thought,2,MedGemma 1.0-27B,ollama,medgemma:27b,1531000119102,generation_failure
Type 2 Diabetes Mellitus (Audit),chain_of_thought,2,MedGemma 1.0-27B,ollama,medgemma:27b,771000119108,generation_failure
Type 2 Diabetes Mellitus (Audit),chain_of_thought,2,MedGemma 1.0-27B,ollama,medgemma:27b,16746901000119101,generation_failure
Type 2 Diabetes Mellitus (Audit),chain_of_thought,2,MedGemma 1.0-27B,ollama,medgemma:27b,713703005,generation_failure
Type 2 Diabetes Mellitus (Audit),chain_of_thought,2,MedGemma 1.0-27B,ollama,medgemma:27b,140111000119107,retrieval_failure
Type 2 Diabetes Mellitus (Audit),chain_of_thought,2,MedGemma 1.0-27B,ollama,medgemma:27b,1003605004,generation_failure
Type 2 Diabetes Mellitus (Audit),chain_of_thought,2,MedGemma 1.0-27B,ollama,medgemma:27b,82551000119103,generation_failure
Type 2 Diabetes Mellitus (Audit),chain_of_thought,2,MedGemma 1.0-27B,ollama,medgemma:27b,609567009,generation_failure
Type 2 Diabetes Mellitus (Audit),chain_of_thought,2,MedGemma 1.0-27B,ollama,medgemma:27b,359642000,generation_failure
Type 2 Diabetes Mellitus (Audit),chain_of_thought,2,MedGemma 1.0-27B,ollama,medgemma:27b,127991000119101,retrieval_failure
Type 2 Diabetes Mellitus (Audit),chain_of_thought,2,MedGemma 1.0-27B,ollama,medgemma:27b,314903002,generation_failure
Type 2 Diabetes Mellitus (Audit),chain_of_thought,2,MedGemma 1.0-27B,ollama,medgemma:27b,368051000119109,generation_failure
Type 2 Diabetes Mellitus (Audit),chain_of_thought,2,MedGemma 1.0-27B,ollama,medgemma:27b,138911000119106,generation_failure
Type 2 Diabetes Mellitus (Audit),chain_of_thought,2,MedGemma 1.0-27B,ollama,medgemma:27b,421986006,generation_failure
Type 2 Diabetes Mellitus (Audit),chain_of_thought,2,MedGemma 1.0-27B,ollama,medgemma:27b,97341000119105,generation_failure
Type 2 Diabetes Mellitus (Audit),chain_of_thought,2,MedGemma 1.0-27B,ollama,medgemma:27b,420715001,generation_failure
Type 2 Diabetes Mellitus (Audit),chain_of_thought,2,MedGemma 1.0-27B,ollama,medgemma:27b,1501000119109,retrieval_failure
Type 2 Diabetes Mellitus (Audit),chain_of_thought,2,MedGemma 1.0-27B,ollama,medgemma:27b,28331000119107,generation_failure
Type 2 Diabetes Mellitus (Audit),chain_of_thought,2,MedGemma 1.0-27B,ollama,medgemma:27b,1491000119102,retrieval_failure
Type 2 Diabetes Mellitus (Audit),chain_of_thought,2,MedGemma 1.0-27B,ollama,medgemma:27b,237627000,generation_failure
Type 2 Diabetes Mellitus (Audit),chain_of_thought,2,MedGemma 1.0-27B,ollama,medgemma:27b,10660471000119109,generation_failure
Type 2 Diabetes Mellitus (Audit),chain_of_thought,2,MedGemma 1.0-27B,ollama,medgemma:27b,102621000119101,generation_failure
Type 2 Diabetes Mellitus,chain_of_thought,3,MedGemma 1.0-27B,ollama,medgemma:27b,314903002,generation_failure
Type 2 Diabetes Mellitus,chain_of_thought,3,MedGemma 1.0-27B,ollama,medgemma:27b,190390000,generation_failure
Type 2 Diabetes Mellitus,chain_of_thought,3,MedGemma 1.0-27B,ollama,medgemma:27b,420715001,generation_failure
Type 2 Diabetes Mellitus,chain_of_thought,3,MedGemma 1.0-27B,ollama,medgemma:27b,314904008,generation_failure
Type 2 Diabetes Mellitus,chain_of_thought,3,MedGemma 1.0-27B,ollama,medgemma:27b,789569005,retrieval_failure
Type 2 Diabetes Mellitus,chain_of_thought,3,MedGemma 1.0-27B,ollama,medgemma:27b,703136005,retrieval_failure
Type 2 Diabetes Mellitus,chain_of_thought,3,MedGemma 1.0-27B,ollama,medgemma:27b,421847006,generation_failure
Type 2 Diabetes Mellitus,chain_of_thought,3,MedGemma 1.0-27B,ollama,medgemma:27b,140381000119104,generation_failure
Type 2 Diabetes Mellitus,chain_of_thought,3,MedGemma 1.0-27B,ollama,medgemma:27b,140531000119105,generation_failure
Type 2 Diabetes Mellitus,chain_of_thought,3,MedGemma 1.0-27B,ollama,medgemma:27b,314902007,generation_failure
Type 2 Diabetes Mellitus,chain_of_thought,3,MedGemma 1.0-27B,ollama,medgemma:27b,1196922005,retrieval_failure
Type 2 Diabetes Mellitus,chain_of_thought,3,MedGemma 1.0-27B,ollama,medgemma:27b,1481000119100,generation_failure
Type 2 Diabetes Mellitus (Audit),chain_of_thought,3,MedGemma 1.0-27B,ollama,medgemma:27b,390716007,generation_failure
Type 2 Diabetes Mellitus (Audit),chain_of_thought,3,MedGemma 1.0-27B,ollama,medgemma:27b,97621000119107,generation_failure
Type 2 Diabetes Mellitus (Audit),chain_of_thought,3,MedGemma 1.0-27B,ollama,medgemma:27b,97331000119101,generation_failure
Type 2 Diabetes Mellitus (Audit),chain_of_thought,3,MedGemma 1.0-27B,ollama,medgemma:27b,140381000119104,generation_failure
Type 2 Diabetes Mellitus (Audit),chain_of_thought,3,MedGemma 1.0-27B,ollama,medgemma:27b,140121000119100,retrieval_failure
Type 2 Diabetes Mellitus (Audit),chain_of_thought,3,MedGemma 1.0-27B,ollama,medgemma:27b,16747141000119104,generation_failure
Type 2 Diabetes Mellitus (Audit),chain_of_thought,3,MedGemma 1.0-27B,ollama,medgemma:27b,16746261000119108,generation_failure
Type 2 Diabetes Mellitus (Audit),chain_of_thought,3,MedGemma 1.0-27B,ollama,medgemma:27b,10661671000119102,generation_failure
Type 2 Diabetes Mellitus (Audit),chain_of_thought,3,MedGemma 1.0-27B,ollama,medgemma:27b,719216001,generation_failure
Type 2 Diabetes Mellitus (Audit),chain_of_thought,3,MedGemma 1.0-27B,ollama,medgemma:27b,16745051000119107,generation_failure
Type 2 Diabetes Mellitus (Audit),chain_of_thought,3,MedGemma 1.0-27B,ollama,medgemma:27b,789569005,retrieval_failure
Type 2 Diabetes Mellitus (Audit),chain_of_thought,3,MedGemma 1.0-27B,ollama,medgemma:27b,421779007,generation_failure
Type 2 Diabetes Mellitus (Audit),chain_of_thought,3,MedGemma 1.0-27B,ollama,medgemma:27b,761000119102,generation_failure
Type 2 Diabetes Mellitus (Audit),chain_of_thought,3,MedGemma 1.0-27B,ollama,medgemma:27b,1481000119100,generation_failure
Type 2 Diabetes Mellitus (Audit),chain_of_thought,3,MedGemma 1.0-27B,ollama,medgemma:27b,16745651000119101,retrieval_failure
Type 2 Diabetes Mellitus (Audit),chain_of_thought,3,MedGemma 1.0-27B,ollama,medgemma:27b,104961000119108,generation_failure
Type 2 Diabetes Mellitus (Audit),chain_of_thought,3,MedGemma 1.0-27B,ollama,medgemma:27b,82541000119100,generation_failure
Type 2 Diabetes Mellitus (Audit),chain_of_thought,3,MedGemma 1.0-27B,ollama,medgemma:27b,16746131000119105,generation_failure
Type 2 Diabetes Mellitus (Audit),chain_of_thought,3,MedGemma 1.0-27B,ollama,medgemma:27b,190331003,generation_failure
Type 2 Diabetes Mellitus (Audit),chain_of_thought,3,MedGemma 1.0-27B,ollama,medgemma:27b,140391000119101,generation_failure
Type 2 Diabetes Mellitus (Audit),chain_of_thought,3,MedGemma 1.0-27B,ollama,medgemma:27b,16747021000119109,generation_failure
Type 2 Diabetes Mellitus (Audit),chain_of_thought,3,MedGemma 1.0-27B,ollama,medgemma:27b,721284006,generation_failure
Type 2 Diabetes Mellitus (Audit),chain_of_thought,3,MedGemma 1.0-27B,ollama,medgemma:27b,16745931000119102,retrieval_failure
Type 2 Diabetes Mellitus (Audit),chain_of_thought,3,MedGemma 1.0-27B,ollama,medgemma:27b,140131000119102,generation_failure
Type 2 Diabetes Mellitus (Audit),chain_of_thought,3,MedGemma 1.0-27B,ollama,medgemma:27b,110171000119107,generation_failure
Type 2 Diabetes Mellitus (Audit),chain_of_thought,3,MedGemma 1.0-27B,ollama,medgemma:27b,110181000119105,generation_failure
Type 2 Diabetes Mellitus (Audit),chain_of_thought,3,MedGemma 1.0-27B,ollama,medgemma:27b,1196922005,retrieval_failure
Type 2 Diabetes Mellitus (Audit),chain_of_thought,3,MedGemma 1.0-27B,ollama,medgemma:27b,422034002,generation_failure
Type 2 Diabetes Mellitus (Audit),chain_of_thought,3,MedGemma 1.0-27B,ollama,medgemma:27b,701000119103,generation_failure
Type 2 Diabetes Mellitus (Audit),chain_of_thought,3,MedGemma 1.0-27B,ollama,medgemma:27b,421847006,generation_failure
Type 2 Diabetes Mellitus (Audit),chain_of_thought,3,MedGemma 1.0-27B,ollama,medgemma:27b,120731000119103,generation_failure
Type 2 Diabetes Mellitus (Audit),chain_of_thought,3,MedGemma 1.0-27B,ollama,medgemma:27b,1511000119107,generation_failure
Type 2 Diabetes Mellitus (Audit),chain_of_thought,3,MedGemma 1.0-27B,ollama,medgemma:27b,1551000119108,generation_failure
Type 2 Diabetes Mellitus (Audit),chain_of_thought,3,MedGemma 1.0-27B,ollama,medgemma:27b,314904008,generation_failure
Type 2 Diabetes Mellitus (Audit),chain_of_thought,3,MedGemma 1.0-27B,ollama,medgemma:27b,9859006,retrieval_failure
Type 2 Diabetes Mellitus (Audit),chain_of_thought,3,MedGemma 1.0-27B,ollama,medgemma:27b,789567007,retrieval_failure
Type 2 Diabetes Mellitus (Audit),chain_of_thought,3,MedGemma 1.0-27B,ollama,medgemma:27b,87461000119100,generation_failure
Type 2 Diabetes Mellitus (Audit),chain_of_thought,3,MedGemma 1.0-27B,ollama,medgemma:27b,789570006,retrieval_failure
Type 2 Diabetes Mellitus (Audit),chain_of_thought,3,MedGemma 1.0-27B,ollama,medgemma:27b,420436000,generation_failure
Type 2 Diabetes Mellitus (Audit),chain_of_thought,3,MedGemma 1.0-27B,ollama,medgemma:27b,16745531000119108,retrieval_failure
Type 2 Diabetes Mellitus (Audit),chain_of_thought,3,MedGemma 1.0-27B,ollama,medgemma:27b,87921000119104,generation_failure
Type 2 Diabetes Mellitus (Audit),chain_of_thought,3,MedGemma 1.0-27B,ollama,medgemma:27b,731000119105,generation_failure
Type 2 Diabetes Mellitus (Audit),chain_of_thought,3,MedGemma 1.0-27B,ollama,medgemma:27b,140531000119105,generation_failure
Type 2 Diabetes Mellitus (Audit),chain_of_thought,3,MedGemma 1.0-27B,ollama,medgemma:27b,24471000000103,generation_failure
Type 2 Diabetes Mellitus (Audit),chain_of_thought,3,MedGemma 1.0-27B,ollama,medgemma:27b,201000119106,generation_failure
Type 2 Diabetes Mellitus (Audit),chain_of_thought,3,MedGemma 1.0-27B,ollama,medgemma:27b,314902007,generation_failure
Type 2 Diabetes Mellitus (Audit),chain_of_thought,3,MedGemma 1.0-27B,ollama,medgemma:27b,16747661000119109,generation_failure
Type 2 Diabetes Mellitus (Audit),chain_of_thought,3,MedGemma 1.0-27B,ollama,medgemma:27b,791000119109,generation_failure
Type 2 Diabetes Mellitus (Audit),chain_of_thought,3,MedGemma 1.0-27B,ollama,medgemma:27b,90791000119104,generation_failure
Type 2 Diabetes Mellitus (Audit),chain_of_thought,3,MedGemma 1.0-27B,ollama,medgemma:27b,721000119107,generation_failure
Type 2 Diabetes Mellitus (Audit),chain_of_thought,3,MedGemma 1.0-27B,ollama,medgemma:27b,71421000119105,generation_failure
Type 2 Diabetes Mellitus (Audit),chain_of_thought,3,MedGemma 1.0-27B,ollama,medgemma:27b,16749661000119102,generation_failure
Type 2 Diabetes Mellitus (Audit),chain_of_thought,3,MedGemma 1.0-27B,ollama,medgemma:27b,24481000000101,generation_failure
Type 2 Diabetes Mellitus (Audit),chain_of_thought,3,MedGemma 1.0-27B,ollama,medgemma:27b,10656271000119102,retrieval_failure
Type 2 Diabetes Mellitus (Audit),chain_of_thought,3,MedGemma 1.0-27B,ollama,medgemma:27b,72051000119101,generation_failure
Type 2 Diabetes Mellitus (Audit),chain_of_thought,3,MedGemma 1.0-27B,ollama,medgemma:27b,137931000119102,generation_failure
Type 2 Diabetes Mellitus (Audit),chain_of_thought,3,MedGemma 1.0-27B,ollama,medgemma:27b,427134009,generation_failure
Type 2 Diabetes Mellitus (Audit),chain_of_thought,3,MedGemma 1.0-27B,ollama,medgemma:27b,140101000119109,retrieval_failure
Type 2 Diabetes Mellitus (Audit),chain_of_thought,3,MedGemma 1.0-27B,ollama,medgemma:27b,190390000,generation_failure
Type 2 Diabetes Mellitus (Audit),chain_of_thought,3,MedGemma 1.0-27B,ollama,medgemma:27b,713706002,generation_failure
Type 2 Diabetes Mellitus (Audit),chain_of_thought,3,MedGemma 1.0-27B,ollama,medgemma:27b,90781000119102,generation_failure
Type 2 Diabetes Mellitus (Audit),chain_of_thought,3,MedGemma 1.0-27B,ollama,medgemma:27b,751000119104,generation_failure
Type 2 Diabetes Mellitus (Audit),chain_of_thought,3,MedGemma 1.0-27B,ollama,medgemma:27b,421631007,generation_failure
Type 2 Diabetes Mellitus (Audit),chain_of_thought,3,MedGemma 1.0-27B,ollama,medgemma:27b,16747901000119104,retrieval_failure
Type 2 Diabetes Mellitus (Audit),chain_of_thought,3,MedGemma 1.0-27B,ollama,medgemma:27b,108791000119108,generation_failure
Type 2 Diabetes Mellitus (Audit),chain_of_thought,3,MedGemma 1.0-27B,ollama,medgemma:27b,16746341000119103,generation_failure
Type 2 Diabetes Mellitus (Audit),chain_of_thought,3,MedGemma 1.0-27B,ollama,medgemma:27b,41911000119107,generation_failure
Type 2 Diabetes Mellitus (Audit),chain_of_thought,3,MedGemma 1.0-27B,ollama,medgemma:27b,16748141000119100,generation_failure
Type 2 Diabetes Mellitus (Audit),chain_of_thought,3,MedGemma 1.0-27B,ollama,medgemma:27b,420279001,generation_failure
Type 2 Diabetes Mellitus (Audit),chain_of_thought,3,MedGemma 1.0-27B,ollama,medgemma:27b,108781000119105,generation_failure
Type 2 Diabetes Mellitus (Audit),chain_of_thought,3,MedGemma 1.0-27B,ollama,medgemma:27b,111231000119109,retrieval_failure
Type 2 Diabetes Mellitus (Audit),chain_of_thought,3,MedGemma 1.0-27B,ollama,medgemma:27b,138921000119104,generation_failure
Type 2 Diabetes Mellitus (Audit),chain_of_thought,3,MedGemma 1.0-27B,ollama,medgemma:27b,422166005,generation_failure
Type 2 Diabetes Mellitus (Audit),chain_of_thought,3,MedGemma 1.0-27B,ollama,medgemma:27b,428007007,generation_failure
Type 2 Diabetes Mellitus (Audit),chain_of_thought,3,MedGemma 1.0-27B,ollama,medgemma:27b,741000119101,generation_failure
Type 2 Diabetes Mellitus (Audit),chain_of_thought,3,MedGemma 1.0-27B,ollama,medgemma:27b,1144894004,retrieval_failure
Type 2 Diabetes Mellitus (Audit),chain_of_thought,3,MedGemma 1.0-27B,ollama,medgemma:27b,71441000119104,generation_failure
Type 2 Diabetes Mellitus (Audit),chain_of_thought,3,MedGemma 1.0-27B,ollama,medgemma:27b,1521000119100,generation_failure
Type 2 Diabetes Mellitus (Audit),chain_of_thought,3,MedGemma 1.0-27B,ollama,medgemma:27b,421326000,generation_failure
Type 2 Diabetes Mellitus (Audit),chain_of_thought,3,MedGemma 1.0-27B,ollama,medgemma:27b,1531000119102,generation_failure
Type 2 Diabetes Mellitus (Audit),chain_of_thought,3,MedGemma 1.0-27B,ollama,medgemma:27b,771000119108,generation_failure
Type 2 Diabetes Mellitus (Audit),chain_of_thought,3,MedGemma 1.0-27B,ollama,medgemma:27b,164971000119101,generation_failure
Type 2 Diabetes Mellitus (Audit),chain_of_thought,3,MedGemma 1.0-27B,ollama,medgemma:27b,16746901000119101,generation_failure
Type 2 Diabetes Mellitus (Audit),chain_of_thought,3,MedGemma 1.0-27B,ollama,medgemma:27b,713703005,generation_failure
Type 2 Diabetes Mellitus (Audit),chain_of_thought,3,MedGemma 1.0-27B,ollama,medgemma:27b,140111000119107,retrieval_failure
Type 2 Diabetes Mellitus (Audit),chain_of_thought,3,MedGemma 1.0-27B,ollama,medgemma:27b,1003605004,generation_failure
Type 2 Diabetes Mellitus (Audit),chain_of_thought,3,MedGemma 1.0-27B,ollama,medgemma:27b,82551000119103,generation_failure
Type 2 Diabetes Mellitus (Audit),chain_of_thought,3,MedGemma 1.0-27B,ollama,medgemma:27b,609567009,generation_failure
Type 2 Diabetes Mellitus (Audit),chain_of_thought,3,MedGemma 1.0-27B,ollama,medgemma:27b,127991000119101,retrieval_failure
Type 2 Diabetes Mellitus (Audit),chain_of_thought,3,MedGemma 1.0-27B,ollama,medgemma:27b,314903002,generation_failure
Type 2 Diabetes Mellitus (Audit),chain_of_thought,3,MedGemma 1.0-27B,ollama,medgemma:27b,368051000119109,generation_failure
Type 2 Diabetes Mellitus (Audit),chain_of_thought,3,MedGemma 1.0-27B,ollama,medgemma:27b,97341000119105,generation_failure
Type 2 Diabetes Mellitus (Audit),chain_of_thought,3,MedGemma 1.0-27B,ollama,medgemma:27b,16745131000119100,generation_failure
Type 2 Diabetes Mellitus (Audit),chain_of_thought,3,MedGemma 1.0-27B,ollama,medgemma:27b,420715001,generation_failure
Type 2 Diabetes Mellitus (Audit),chain_of_thought,3,MedGemma 1.0-27B,ollama,medgemma:27b,1501000119109,retrieval_failure
Type 2 Diabetes Mellitus (Audit),chain_of_thought,3,MedGemma 1.0-27B,ollama,medgemma:27b,28331000119107,generation_failure
Type 2 Diabetes Mellitus (Audit),chain_of_thought,3,MedGemma 1.0-27B,ollama,medgemma:27b,1491000119102,retrieval_failure
Type 2 Diabetes Mellitus (Audit),chain_of_thought,3,MedGemma 1.0-27B,ollama,medgemma:27b,237627000,generation_failure
Type 2 Diabetes Mellitus (Audit),chain_of_thought,3,MedGemma 1.0-27B,ollama,medgemma:27b,102621000119101,generation_failure
Asthma,zero_shot,1,MedGemma 1.0-27B,ollama,medgemma:27b,707447008,generation_failure
Asthma,zero_shot,1,MedGemma 1.0-27B,ollama,medgemma:27b,10676671000119102,retrieval_failure
Asthma,zero_shot,1,MedGemma 1.0-27B,ollama,medgemma:27b,99031000119107,retrieval_failure
Asthma,zero_shot,1,MedGemma 1.0-27B,ollama,medgemma:27b,401000119107,generation_failure
Asthma,zero_shot,1,MedGemma 1.0-27B,ollama,medgemma:27b,89099002,retrieval_failure
Asthma,zero_shot,1,MedGemma 1.0-27B,ollama,medgemma:27b,10674711000119105,retrieval_failure
Asthma,zero_shot,1,MedGemma 1.0-27B,ollama,medgemma:27b,404804003,generation_failure
Asthma,zero_shot,1,MedGemma 1.0-27B,ollama,medgemma:27b,782520007,retrieval_failure
Asthma,zero_shot,1,MedGemma 1.0-27B,ollama,medgemma:27b,1290026000,generation_failure
Asthma,zero_shot,1,MedGemma 1.0-27B,ollama,medgemma:27b,735587000,generation_failure
Asthma,zero_shot,1,MedGemma 1.0-27B,ollama,medgemma:27b,1086711000000100,retrieval_failure
Asthma,zero_shot,1,MedGemma 1.0-27B,ollama,medgemma:27b,225057002,generation_failure
Asthma,zero_shot,1,MedGemma 1.0-27B,ollama,medgemma:27b,10675871000119106,generation_failure
Asthma,zero_shot,1,MedGemma 1.0-27B,ollama,medgemma:27b,703954005,generation_failure
Asthma,zero_shot,1,MedGemma 1.0-27B,ollama,medgemma:27b,13151001,retrieval_failure
Asthma,zero_shot,1,MedGemma 1.0-27B,ollama,medgemma:27b,733858005,retrieval_failure
Asthma,zero_shot,1,MedGemma 1.0-27B,ollama,medgemma:27b,782513000,retrieval_failure
Asthma,zero_shot,1,MedGemma 1.0-27B,ollama,medgemma:27b,442025000,retrieval_failure
Asthma,zero_shot,1,MedGemma 1.0-27B,ollama,medgemma:27b,707446004,generation_failure
Asthma,zero_shot,1,MedGemma 1.0-27B,ollama,medgemma:27b,427295004,generation_failure
Asthma,zero_shot,1,MedGemma 1.0-27B,ollama,medgemma:27b,281239006,generation_failure
Asthma,zero_shot,1,MedGemma 1.0-27B,ollama,medgemma:27b,10675471000119109,retrieval_failure
Asthma,zero_shot,1,MedGemma 1.0-27B,ollama,medgemma:27b,1741000119102,generation_failure
Asthma,zero_shot,1,MedGemma 1.0-27B,ollama,medgemma:27b,735589002,generation_failure
Asthma,zero_shot,1,MedGemma 1.0-27B,ollama,medgemma:27b,59786004,retrieval_failure
Asthma,zero_shot,1,MedGemma 1.0-27B,ollama,medgemma:27b,10676111000119102,retrieval_failure
Asthma,zero_shot,1,MedGemma 1.0-27B,ollama,medgemma:27b,10675751000119107,generation_failure
Asthma,zero_shot,1,MedGemma 1.0-27B,ollama,medgemma:27b,707512002,generation_failure
Asthma,zero_shot,1,MedGemma 1.0-27B,ollama,medgemma:27b,1086701000000102,retrieval_failure
Asthma,zero_shot,1,MedGemma 1.0-27B,ollama,medgemma:27b,707980005,retrieval_failure
Asthma,zero_shot,1,MedGemma 1.0-27B,ollama,medgemma:27b,866881000000101,generation_failure
Asthma,zero_shot,1,MedGemma 1.0-27B,ollama,medgemma:27b,125011000119100,retrieval_failure
Asthma,zero_shot,1,MedGemma 1.0-27B,ollama,medgemma:27b,1064811000000103,generation_failure
Asthma,zero_shot,1,MedGemma 1.0-27B,ollama,medgemma:27b,233688007,generation_failure
Asthma,zero_shot,1,MedGemma 1.0-27B,ollama,medgemma:27b,703953004,generation_failure
Asthma,zero_shot,1,MedGemma 1.0-27B,ollama,medgemma:27b,707511009,generation_failure
Asthma,zero_shot,1,MedGemma 1.0-27B,ollama,medgemma:27b,72301000119103,generation_failure
Asthma,zero_shot,1,MedGemma 1.0-27B,ollama,medgemma:27b,10676711000119103,generation_failure
Asthma,zero_shot,1,MedGemma 1.0-27B,ollama,medgemma:27b,426979002,generation_failure
Asthma,zero_shot,1,MedGemma 1.0-27B,ollama,medgemma:27b,424643009,generation_failure
Asthma,zero_shot,1,MedGemma 1.0-27B,ollama,medgemma:27b,735588005,generation_failure
Asthma,zero_shot,1,MedGemma 1.0-27B,ollama,medgemma:27b,10676391000119108,generation_failure
Asthma,zero_shot,1,MedGemma 1.0-27B,ollama,medgemma:27b,10675631000119109,retrieval_failure
Asthma,zero_shot,1,MedGemma 1.0-27B,ollama,medgemma:27b,10676151000119101,generation_failure
Asthma,zero_shot,1,MedGemma 1.0-27B,ollama,medgemma:27b,10676591000119100,retrieval_failure
Asthma,zero_shot,1,MedGemma 1.0-27B,ollama,medgemma:27b,426656000,generation_failure
Asthma,zero_shot,1,MedGemma 1.0-27B,ollama,medgemma:27b,707981009,retrieval_failure
Asthma,zero_shot,1,MedGemma 1.0-27B,ollama,medgemma:27b,786836003,generation_failure
Asthma,zero_shot,1,MedGemma 1.0-27B,ollama,medgemma:27b,10676431000119103,retrieval_failure
Asthma,zero_shot,1,MedGemma 1.0-27B,ollama,medgemma:27b,707445000,generation_failure
Asthma,zero_shot,1,MedGemma 1.0-27B,ollama,medgemma:27b,10676271000119104,retrieval_failure
Asthma,zero_shot,1,MedGemma 1.0-27B,ollama,medgemma:27b,10676031000119106,generation_failure
Asthma,zero_shot,1,MedGemma 1.0-27B,ollama,medgemma:27b,85761009,retrieval_failure
Asthma,zero_shot,1,MedGemma 1.0-27B,ollama,medgemma:27b,11944003,retrieval_failure
Asthma,zero_shot,1,MedGemma 1.0-27B,ollama,medgemma:27b,10676631000119100,retrieval_failure
Asthma,zero_shot,1,MedGemma 1.0-27B,ollama,medgemma:27b,424199006,generation_failure
Asthma,zero_shot,1,MedGemma 1.0-27B,ollama,medgemma:27b,10676231000119102,retrieval_failure
Asthma,zero_shot,1,MedGemma 1.0-27B,ollama,medgemma:27b,195949008,generation_failure
Asthma,zero_shot,1,MedGemma 1.0-27B,ollama,medgemma:27b,708095007,retrieval_failure
Asthma,zero_shot,1,MedGemma 1.0-27B,ollama,medgemma:27b,135181000119109,generation_failure
Asthma,zero_shot,1,MedGemma 1.0-27B,ollama,medgemma:27b,233683003,generation_failure
Asthma,zero_shot,1,MedGemma 1.0-27B,ollama,medgemma:27b,10675431000119106,generation_failure
Asthma,zero_shot,1,MedGemma 1.0-27B,ollama,medgemma:27b,708093000,generation_failure
Asthma,zero_shot,1,MedGemma 1.0-27B,ollama,medgemma:27b,10676351000119103,generation_failure
Asthma,zero_shot,1,MedGemma 1.0-27B,ollama,medgemma:27b,10676071000119109,generation_failure
Asthma,zero_shot,1,MedGemma 1.0-27B,ollama,medgemma:27b,707979007,retrieval_failure
Asthma,zero_shot,1,MedGemma 1.0-27B,ollama,medgemma:27b,734904007,retrieval_failure
Asthma,zero_shot,1,MedGemma 1.0-27B,ollama,medgemma:27b,124991000119109,retrieval_failure
Asthma,zero_shot,1,MedGemma 1.0-27B,ollama,medgemma:27b,708094006,generation_failure
Asthma,zero_shot,1,MedGemma 1.0-27B,ollama,medgemma:27b,233687002,generation_failure
Asthma,zero_shot,1,MedGemma 1.0-27B,ollama,medgemma:27b,423889005,generation_failure
Asthma,zero_shot,1,MedGemma 1.0-27B,ollama,medgemma:27b,641000119106,generation_failure
Asthma,zero_shot,1,MedGemma 1.0-27B,ollama,medgemma:27b,370219009,generation_failure
Asthma,zero_shot,1,MedGemma 1.0-27B,ollama,medgemma:27b,233672007,retrieval_failure
Asthma,zero_shot,1,MedGemma 1.0-27B,ollama,medgemma:27b,10675551000119104,retrieval_failure
Asthma,zero_shot,1,MedGemma 1.0-27B,ollama,medgemma:27b,312453004,generation_failure
Asthma,zero_shot,1,MedGemma 1.0-27B,ollama,medgemma:27b,404806001,generation_failure
Asthma,zero_shot,1,MedGemma 1.0-27B,ollama,medgemma:27b,10692761000119107,retrieval_failure
Asthma,zero_shot,1,MedGemma 1.0-27B,ollama,medgemma:27b,10675911000119109,retrieval_failure
Asthma,zero_shot,1,MedGemma 1.0-27B,ollama,medgemma:27b,135171000119106,generation_failure
Asthma,zero_shot,1,MedGemma 1.0-27B,ollama,medgemma:27b,10676191000119106,generation_failure
Asthma,zero_shot,1,MedGemma 1.0-27B,ollama,medgemma:27b,10675391000119101,generation_failure
Asthma,zero_shot,1,MedGemma 1.0-27B,ollama,medgemma:27b,1103911000000103,retrieval_failure
Asthma,zero_shot,1,MedGemma 1.0-27B,ollama,medgemma:27b,427679007,generation_failure
Asthma,zero_shot,1,MedGemma 1.0-27B,ollama,medgemma:27b,125001000119103,retrieval_failure
Asthma,zero_shot,1,MedGemma 1.0-27B,ollama,medgemma:27b,418395004,generation_failure
Asthma,zero_shot,1,MedGemma 1.0-27B,ollama,medgemma:27b,1751000119100,generation_failure
Asthma,zero_shot,1,MedGemma 1.0-27B,ollama,medgemma:27b,708090002,generation_failure
Asthma,zero_shot,1,MedGemma 1.0-27B,ollama,medgemma:27b,10674791000119101,retrieval_failure
Asthma,zero_shot,1,MedGemma 1.0-27B,ollama,medgemma:27b,10674991000119104,generation_failure
Asthma,zero_shot,1,MedGemma 1.0-27B,ollama,medgemma:27b,195967001,retrieval_failure
Asthma,zero_shot,1,MedGemma 1.0-27B,ollama,medgemma:27b,1064821000000109,retrieval_failure
Asthma,zero_shot,1,MedGemma 1.0-27B,ollama,medgemma:27b,707513007,generation_failure
Asthma,zero_shot,1,MedGemma 1.0-27B,ollama,medgemma:27b,10675591000119109,retrieval_failure
Asthma,zero_shot,1,MedGemma 1.0-27B,ollama,medgemma:27b,734905008,generation_failure
Asthma,zero_shot,1,MedGemma 1.0-27B,ollama,medgemma:27b,405944004,generation_failure
Asthma,zero_shot,1,MedGemma 1.0-27B,ollama,medgemma:27b,10675671000119107,retrieval_failure
Asthma,zero_shot,1,MedGemma 1.0-27B,ollama,medgemma:27b,233691007,retrieval_failure
Asthma,zero_shot,1,MedGemma 1.0-27B,ollama,medgemma:27b,2360001000004109,generation_failure
Asthma,zero_shot,1,MedGemma 1.0-27B,ollama,medgemma:27b,10675991000119100,retrieval_failure
Asthma,zero_shot,1,MedGemma 1.0-27B,ollama,medgemma:27b,10742121000119104,generation_failure
Asthma,zero_shot,1,MedGemma 1.0-27B,ollama,medgemma:27b,10676511000119109,retrieval_failure
Asthma,zero_shot,1,MedGemma 1.0-27B,ollama,medgemma:27b,233679003,generation_failure
Asthma,zero_shot,1,MedGemma 1.0-27B,ollama,medgemma:27b,16584951000119101,generation_failure
Asthma,zero_shot,1,MedGemma 1.0-27B,ollama,medgemma:27b,10675711000119106,retrieval_failure
Asthma,zero_shot,1,MedGemma 1.0-27B,ollama,medgemma:27b,125021000119107,retrieval_failure
Asthma,zero_shot,1,MedGemma 1.0-27B,ollama,medgemma:27b,708096008,generation_failure
Asthma,zero_shot,1,MedGemma 1.0-27B,ollama,medgemma:27b,427603009,generation_failure
Asthma,zero_shot,1,MedGemma 1.0-27B,ollama,medgemma:27b,10676551000119105,retrieval_failure
Asthma,zero_shot,1,MedGemma 1.0-27B,ollama,medgemma:27b,10692721000119102,generation_failure
Asthma,zero_shot,1,MedGemma 1.0-27B,ollama,medgemma:27b,409663006,generation_failure
Asthma,zero_shot,1,MedGemma 1.0-27B,ollama,medgemma:27b,445427006,generation_failure
Asthma,zero_shot,1,MedGemma 1.0-27B,ollama,medgemma:27b,18041002,generation_failure
Asthma,zero_shot,1,MedGemma 1.0-27B,ollama,medgemma:27b,266361008,generation_failure
Asthma,zero_shot,2,MedGemma 1.0-27B,ollama,medgemma:27b,707447008,generation_failure
Asthma,zero_shot,2,MedGemma 1.0-27B,ollama,medgemma:27b,10676671000119102,retrieval_failure
Asthma,zero_shot,2,MedGemma 1.0-27B,ollama,medgemma:27b,99031000119107,retrieval_failure
Asthma,zero_shot,2,MedGemma 1.0-27B,ollama,medgemma:27b,401000119107,generation_failure
Asthma,zero_shot,2,MedGemma 1.0-27B,ollama,medgemma:27b,89099002,retrieval_failure
Asthma,zero_shot,2,MedGemma 1.0-27B,ollama,medgemma:27b,10674711000119105,retrieval_failure
Asthma,zero_shot,2,MedGemma 1.0-27B,ollama,medgemma:27b,407674008,generation_failure
Asthma,zero_shot,2,MedGemma 1.0-27B,ollama,medgemma:27b,404804003,generation_failure
Asthma,zero_shot,2,MedGemma 1.0-27B,ollama,medgemma:27b,782520007,retrieval_failure
Asthma,zero_shot,2,MedGemma 1.0-27B,ollama,medgemma:27b,1290026000,generation_failure
Asthma,zero_shot,2,MedGemma 1.0-27B,ollama,medgemma:27b,735587000,generation_failure
Asthma,zero_shot,2,MedGemma 1.0-27B,ollama,medgemma:27b,1086711000000100,retrieval_failure
Asthma,zero_shot,2,MedGemma 1.0-27B,ollama,medgemma:27b,225057002,generation_failure
Asthma,zero_shot,2,MedGemma 1.0-27B,ollama,medgemma:27b,10675871000119106,generation_failure
Asthma,zero_shot,2,MedGemma 1.0-27B,ollama,medgemma:27b,703954005,generation_failure
Asthma,zero_shot,2,MedGemma 1.0-27B,ollama,medgemma:27b,13151001,retrieval_failure
Asthma,zero_shot,2,MedGemma 1.0-27B,ollama,medgemma:27b,733858005,retrieval_failure
Asthma,zero_shot,2,MedGemma 1.0-27B,ollama,medgemma:27b,782513000,retrieval_failure
Asthma,zero_shot,2,MedGemma 1.0-27B,ollama,medgemma:27b,442025000,retrieval_failure
Asthma,zero_shot,2,MedGemma 1.0-27B,ollama,medgemma:27b,707446004,generation_failure
Asthma,zero_shot,2,MedGemma 1.0-27B,ollama,medgemma:27b,427295004,generation_failure
Asthma,zero_shot,2,MedGemma 1.0-27B,ollama,medgemma:27b,10675471000119109,retrieval_failure
Asthma,zero_shot,2,MedGemma 1.0-27B,ollama,medgemma:27b,1741000119102,generation_failure
Asthma,zero_shot,2,MedGemma 1.0-27B,ollama,medgemma:27b,735589002,generation_failure
Asthma,zero_shot,2,MedGemma 1.0-27B,ollama,medgemma:27b,59786004,retrieval_failure
Asthma,zero_shot,2,MedGemma 1.0-27B,ollama,medgemma:27b,10676111000119102,retrieval_failure
Asthma,zero_shot,2,MedGemma 1.0-27B,ollama,medgemma:27b,10675751000119107,generation_failure
Asthma,zero_shot,2,MedGemma 1.0-27B,ollama,medgemma:27b,425969006,generation_failure
Asthma,zero_shot,2,MedGemma 1.0-27B,ollama,medgemma:27b,707512002,generation_failure
Asthma,zero_shot,2,MedGemma 1.0-27B,ollama,medgemma:27b,1086701000000102,retrieval_failure
Asthma,zero_shot,2,MedGemma 1.0-27B,ollama,medgemma:27b,707980005,retrieval_failure
Asthma,zero_shot,2,MedGemma 1.0-27B,ollama,medgemma:27b,866881000000101,generation_failure
Asthma,zero_shot,2,MedGemma 1.0-27B,ollama,medgemma:27b,829976001,generation_failure
Asthma,zero_shot,2,MedGemma 1.0-27B,ollama,medgemma:27b,125011000119100,retrieval_failure
Asthma,zero_shot,2,MedGemma 1.0-27B,ollama,medgemma:27b,1064811000000103,generation_failure
Asthma,zero_shot,2,MedGemma 1.0-27B,ollama,medgemma:27b,233688007,generation_failure
Asthma,zero_shot,2,MedGemma 1.0-27B,ollama,medgemma:27b,703953004,generation_failure
Asthma,zero_shot,2,MedGemma 1.0-27B,ollama,medgemma:27b,707511009,generation_failure
Asthma,zero_shot,2,MedGemma 1.0-27B,ollama,medgemma:27b,72301000119103,generation_failure
Asthma,zero_shot,2,MedGemma 1.0-27B,ollama,medgemma:27b,10676711000119103,generation_failure
Asthma,zero_shot,2,MedGemma 1.0-27B,ollama,medgemma:27b,426979002,generation_failure
Asthma,zero_shot,2,MedGemma 1.0-27B,ollama,medgemma:27b,424643009,generation_failure
Asthma,zero_shot,2,MedGemma 1.0-27B,ollama,medgemma:27b,735588005,generation_failure
Asthma,zero_shot,2,MedGemma 1.0-27B,ollama,medgemma:27b,10676391000119108,generation_failure
Asthma,zero_shot,2,MedGemma 1.0-27B,ollama,medgemma:27b,10675631000119109,retrieval_failure
Asthma,zero_shot,2,MedGemma 1.0-27B,ollama,medgemma:27b,10676151000119101,generation_failure
Asthma,zero_shot,2,MedGemma 1.0-27B,ollama,medgemma:27b,10676591000119100,retrieval_failure
Asthma,zero_shot,2,MedGemma 1.0-27B,ollama,medgemma:27b,426656000,generation_failure
Asthma,zero_shot,2,MedGemma 1.0-27B,ollama,medgemma:27b,707981009,retrieval_failure
Asthma,zero_shot,2,MedGemma 1.0-27B,ollama,medgemma:27b,786836003,generation_failure
Asthma,zero_shot,2,MedGemma 1.0-27B,ollama,medgemma:27b,10676431000119103,retrieval_failure
Asthma,zero_shot,2,MedGemma 1.0-27B,ollama,medgemma:27b,707445000,generation_failure
Asthma,zero_shot,2,MedGemma 1.0-27B,ollama,medgemma:27b,10676271000119104,retrieval_failure
Asthma,zero_shot,2,MedGemma 1.0-27B,ollama,medgemma:27b,10676031000119106,generation_failure
Asthma,zero_shot,2,MedGemma 1.0-27B,ollama,medgemma:27b,85761009,retrieval_failure
Asthma,zero_shot,2,MedGemma 1.0-27B,ollama,medgemma:27b,11944003,retrieval_failure
Asthma,zero_shot,2,MedGemma 1.0-27B,ollama,medgemma:27b,10676631000119100,retrieval_failure
Asthma,zero_shot,2,MedGemma 1.0-27B,ollama,medgemma:27b,424199006,generation_failure
Asthma,zero_shot,2,MedGemma 1.0-27B,ollama,medgemma:27b,10676231000119102,retrieval_failure
Asthma,zero_shot,2,MedGemma 1.0-27B,ollama,medgemma:27b,195949008,generation_failure
Asthma,zero_shot,2,MedGemma 1.0-27B,ollama,medgemma:27b,708095007,retrieval_failure
Asthma,zero_shot,2,MedGemma 1.0-27B,ollama,medgemma:27b,404808000,generation_failure
Asthma,zero_shot,2,MedGemma 1.0-27B,ollama,medgemma:27b,135181000119109,generation_failure
Asthma,zero_shot,2,MedGemma 1.0-27B,ollama,medgemma:27b,233683003,generation_failure
Asthma,zero_shot,2,MedGemma 1.0-27B,ollama,medgemma:27b,10675431000119106,generation_failure
Asthma,zero_shot,2,MedGemma 1.0-27B,ollama,medgemma:27b,708093000,generation_failure
Asthma,zero_shot,2,MedGemma 1.0-27B,ollama,medgemma:27b,10676351000119103,generation_failure
Asthma,zero_shot,2,MedGemma 1.0-27B,ollama,medgemma:27b,10676071000119109,generation_failure
Asthma,zero_shot,2,MedGemma 1.0-27B,ollama,medgemma:27b,707979007,retrieval_failure
Asthma,zero_shot,2,MedGemma 1.0-27B,ollama,medgemma:27b,734904007,retrieval_failure
Asthma,zero_shot,2,MedGemma 1.0-27B,ollama,medgemma:27b,124991000119109,retrieval_failure
Asthma,zero_shot,2,MedGemma 1.0-27B,ollama,medgemma:27b,708094006,generation_failure
Asthma,zero_shot,2,MedGemma 1.0-27B,ollama,medgemma:27b,233687002,generation_failure
Asthma,zero_shot,2,MedGemma 1.0-27B,ollama,medgemma:27b,423889005,generation_failure
Asthma,zero_shot,2,MedGemma 1.0-27B,ollama,medgemma:27b,641000119106,generation_failure
Asthma,zero_shot,2,MedGemma 1.0-27B,ollama,medgemma:27b,233672007,retrieval_failure
Asthma,zero_shot,2,MedGemma 1.0-27B,ollama,medgemma:27b,10675551000119104,retrieval_failure
Asthma,zero_shot,2,MedGemma 1.0-27B,ollama,medgemma:27b,404806001,generation_failure
Asthma,zero_shot,2,MedGemma 1.0-27B,ollama,medgemma:27b,10692761000119107,retrieval_failure
Asthma,zero_shot,2,MedGemma 1.0-27B,ollama,medgemma:27b,10675911000119109,retrieval_failure
Asthma,zero_shot,2,MedGemma 1.0-27B,ollama,medgemma:27b,762521001,generation_failure
Asthma,zero_shot,2,MedGemma 1.0-27B,ollama,medgemma:27b,135171000119106,generation_failure
Asthma,zero_shot,2,MedGemma 1.0-27B,ollama,medgemma:27b,10676191000119106,generation_failure
Asthma,zero_shot,2,MedGemma 1.0-27B,ollama,medgemma:27b,10675391000119101,generation_failure
Asthma,zero_shot,2,MedGemma 1.0-27B,ollama,medgemma:27b,1103911000000103,retrieval_failure
Asthma,zero_shot,2,MedGemma 1.0-27B,ollama,medgemma:27b,427679007,generation_failure
Asthma,zero_shot,2,MedGemma 1.0-27B,ollama,medgemma:27b,125001000119103,retrieval_failure
Asthma,zero_shot,2,MedGemma 1.0-27B,ollama,medgemma:27b,418395004,generation_failure
Asthma,zero_shot,2,MedGemma 1.0-27B,ollama,medgemma:27b,1751000119100,generation_failure
Asthma,zero_shot,2,MedGemma 1.0-27B,ollama,medgemma:27b,708090002,generation_failure
Asthma,zero_shot,2,MedGemma 1.0-27B,ollama,medgemma:27b,10674791000119101,retrieval_failure
Asthma,zero_shot,2,MedGemma 1.0-27B,ollama,medgemma:27b,10674991000119104,generation_failure
Asthma,zero_shot,2,MedGemma 1.0-27B,ollama,medgemma:27b,195967001,retrieval_failure
Asthma,zero_shot,2,MedGemma 1.0-27B,ollama,medgemma:27b,1064821000000109,retrieval_failure
Asthma,zero_shot,2,MedGemma 1.0-27B,ollama,medgemma:27b,707513007,generation_failure
Asthma,zero_shot,2,MedGemma 1.0-27B,ollama,medgemma:27b,10675591000119109,retrieval_failure
Asthma,zero_shot,2,MedGemma 1.0-27B,ollama,medgemma:27b,734905008,generation_failure
Asthma,zero_shot,2,MedGemma 1.0-27B,ollama,medgemma:27b,405944004,generation_failure
Asthma,zero_shot,2,MedGemma 1.0-27B,ollama,medgemma:27b,707444001,generation_failure
Asthma,zero_shot,2,MedGemma 1.0-27B,ollama,medgemma:27b,10675671000119107,retrieval_failure
Asthma,zero_shot,2,MedGemma 1.0-27B,ollama,medgemma:27b,233691007,retrieval_failure
Asthma,zero_shot,2,MedGemma 1.0-27B,ollama,medgemma:27b,2360001000004109,generation_failure
Asthma,zero_shot,2,MedGemma 1.0-27B,ollama,medgemma:27b,10675991000119100,retrieval_failure
Asthma,zero_shot,2,MedGemma 1.0-27B,ollama,medgemma:27b,10742121000119104,generation_failure
Asthma,zero_shot,2,MedGemma 1.0-27B,ollama,medgemma:27b,10676511000119109,retrieval_failure
Asthma,zero_shot,2,MedGemma 1.0-27B,ollama,medgemma:27b,233679003,generation_failure
Asthma,zero_shot,2,MedGemma 1.0-27B,ollama,medgemma:27b,16584951000119101,generation_failure
Asthma,zero_shot,2,MedGemma 1.0-27B,ollama,medgemma:27b,10675711000119106,retrieval_failure
Asthma,zero_shot,2,MedGemma 1.0-27B,ollama,medgemma:27b,125021000119107,retrieval_failure
Asthma,zero_shot,2,MedGemma 1.0-27B,ollama,medgemma:27b,708096008,generation_failure
Asthma,zero_shot,2,MedGemma 1.0-27B,ollama,medgemma:27b,427603009,generation_failure
Asthma,zero_shot,2,MedGemma 1.0-27B,ollama,medgemma:27b,10676551000119105,retrieval_failure
Asthma,zero_shot,2,MedGemma 1.0-27B,ollama,medgemma:27b,10692721000119102,generation_failure
Asthma,zero_shot,2,MedGemma 1.0-27B,ollama,medgemma:27b,409663006,generation_failure
Asthma,zero_shot,2,MedGemma 1.0-27B,ollama,medgemma:27b,445427006,generation_failure
Asthma,zero_shot,3,MedGemma 1.0-27B,ollama,medgemma:27b,304527002,generation_failure
Asthma,zero_shot,3,MedGemma 1.0-27B,ollama,medgemma:27b,707447008,generation_failure
Asthma,zero_shot,3,MedGemma 1.0-27B,ollama,medgemma:27b,10676671000119102,retrieval_failure
Asthma,zero_shot,3,MedGemma 1.0-27B,ollama,medgemma:27b,99031000119107,retrieval_failure
Asthma,zero_shot,3,MedGemma 1.0-27B,ollama,medgemma:27b,401000119107,generation_failure
Asthma,zero_shot,3,MedGemma 1.0-27B,ollama,medgemma:27b,89099002,retrieval_failure
Asthma,zero_shot,3,MedGemma 1.0-27B,ollama,medgemma:27b,10674711000119105,retrieval_failure
Asthma,zero_shot,3,MedGemma 1.0-27B,ollama,medgemma:27b,404804003,generation_failure
Asthma,zero_shot,3,MedGemma 1.0-27B,ollama,medgemma:27b,782520007,retrieval_failure
Asthma,zero_shot,3,MedGemma 1.0-27B,ollama,medgemma:27b,1290026000,generation_failure
Asthma,zero_shot,3,MedGemma 1.0-27B,ollama,medgemma:27b,735587000,generation_failure
Asthma,zero_shot,3,MedGemma 1.0-27B,ollama,medgemma:27b,1086711000000100,retrieval_failure
Asthma,zero_shot,3,MedGemma 1.0-27B,ollama,medgemma:27b,225057002,generation_failure
Asthma,zero_shot,3,MedGemma 1.0-27B,ollama,medgemma:27b,10675871000119106,generation_failure
Asthma,zero_shot,3,MedGemma 1.0-27B,ollama,medgemma:27b,703954005,generation_failure
Asthma,zero_shot,3,MedGemma 1.0-27B,ollama,medgemma:27b,13151001,retrieval_failure
Asthma,zero_shot,3,MedGemma 1.0-27B,ollama,medgemma:27b,733858005,retrieval_failure
Asthma,zero_shot,3,MedGemma 1.0-27B,ollama,medgemma:27b,782513000,retrieval_failure
Asthma,zero_shot,3,MedGemma 1.0-27B,ollama,medgemma:27b,442025000,retrieval_failure
Asthma,zero_shot,3,MedGemma 1.0-27B,ollama,medgemma:27b,707446004,generation_failure
Asthma,zero_shot,3,MedGemma 1.0-27B,ollama,medgemma:27b,427295004,generation_failure
Asthma,zero_shot,3,MedGemma 1.0-27B,ollama,medgemma:27b,10675471000119109,retrieval_failure
Asthma,zero_shot,3,MedGemma 1.0-27B,ollama,medgemma:27b,1741000119102,generation_failure
Asthma,zero_shot,3,MedGemma 1.0-27B,ollama,medgemma:27b,735589002,generation_failure
Asthma,zero_shot,3,MedGemma 1.0-27B,ollama,medgemma:27b,59786004,retrieval_failure
Asthma,zero_shot,3,MedGemma 1.0-27B,ollama,medgemma:27b,10676111000119102,retrieval_failure
Asthma,zero_shot,3,MedGemma 1.0-27B,ollama,medgemma:27b,10675751000119107,generation_failure
Asthma,zero_shot,3,MedGemma 1.0-27B,ollama,medgemma:27b,425969006,generation_failure
Asthma,zero_shot,3,MedGemma 1.0-27B,ollama,medgemma:27b,707512002,generation_failure
Asthma,zero_shot,3,MedGemma 1.0-27B,ollama,medgemma:27b,1086701000000102,retrieval_failure
Asthma,zero_shot,3,MedGemma 1.0-27B,ollama,medgemma:27b,707980005,retrieval_failure
Asthma,zero_shot,3,MedGemma 1.0-27B,ollama,medgemma:27b,866881000000101,generation_failure
Asthma,zero_shot,3,MedGemma 1.0-27B,ollama,medgemma:27b,829976001,generation_failure
Asthma,zero_shot,3,MedGemma 1.0-27B,ollama,medgemma:27b,125011000119100,retrieval_failure
Asthma,zero_shot,3,MedGemma 1.0-27B,ollama,medgemma:27b,1064811000000103,generation_failure
Asthma,zero_shot,3,MedGemma 1.0-27B,ollama,medgemma:27b,233688007,generation_failure
Asthma,zero_shot,3,MedGemma 1.0-27B,ollama,medgemma:27b,703953004,generation_failure
Asthma,zero_shot,3,MedGemma 1.0-27B,ollama,medgemma:27b,707511009,generation_failure
Asthma,zero_shot,3,MedGemma 1.0-27B,ollama,medgemma:27b,72301000119103,generation_failure
Asthma,zero_shot,3,MedGemma 1.0-27B,ollama,medgemma:27b,10676711000119103,generation_failure
Asthma,zero_shot,3,MedGemma 1.0-27B,ollama,medgemma:27b,424643009,generation_failure
Asthma,zero_shot,3,MedGemma 1.0-27B,ollama,medgemma:27b,10676391000119108,generation_failure
Asthma,zero_shot,3,MedGemma 1.0-27B,ollama,medgemma:27b,10675631000119109,retrieval_failure
Asthma,zero_shot,3,MedGemma 1.0-27B,ollama,medgemma:27b,10676151000119101,generation_failure
Asthma,zero_shot,3,MedGemma 1.0-27B,ollama,medgemma:27b,10676591000119100,retrieval_failure
Asthma,zero_shot,3,MedGemma 1.0-27B,ollama,medgemma:27b,707981009,retrieval_failure
Asthma,zero_shot,3,MedGemma 1.0-27B,ollama,medgemma:27b,786836003,generation_failure
Asthma,zero_shot,3,MedGemma 1.0-27B,ollama,medgemma:27b,10676431000119103,retrieval_failure
Asthma,zero_shot,3,MedGemma 1.0-27B,ollama,medgemma:27b,707445000,generation_failure
Asthma,zero_shot,3,MedGemma 1.0-27B,ollama,medgemma:27b,10676271000119104,retrieval_failure
Asthma,zero_shot,3,MedGemma 1.0-27B,ollama,medgemma:27b,10676031000119106,generation_failure
Asthma,zero_shot,3,MedGemma 1.0-27B,ollama,medgemma:27b,85761009,retrieval_failure
Asthma,zero_shot,3,MedGemma 1.0-27B,ollama,medgemma:27b,11944003,retrieval_failure
Asthma,zero_shot,3,MedGemma 1.0-27B,ollama,medgemma:27b,10676631000119100,retrieval_failure
Asthma,zero_shot,3,MedGemma 1.0-27B,ollama,medgemma:27b,424199006,generation_failure
Asthma,zero_shot,3,MedGemma 1.0-27B,ollama,medgemma:27b,10676231000119102,retrieval_failure
Asthma,zero_shot,3,MedGemma 1.0-27B,ollama,medgemma:27b,195949008,generation_failure
Asthma,zero_shot,3,MedGemma 1.0-27B,ollama,medgemma:27b,708095007,retrieval_failure
Asthma,zero_shot,3,MedGemma 1.0-27B,ollama,medgemma:27b,404808000,generation_failure
Asthma,zero_shot,3,MedGemma 1.0-27B,ollama,medgemma:27b,233683003,generation_failure
Asthma,zero_shot,3,MedGemma 1.0-27B,ollama,medgemma:27b,10675431000119106,generation_failure
Asthma,zero_shot,3,MedGemma 1.0-27B,ollama,medgemma:27b,10676351000119103,generation_failure
Asthma,zero_shot,3,MedGemma 1.0-27B,ollama,medgemma:27b,10676071000119109,generation_failure
Asthma,zero_shot,3,MedGemma 1.0-27B,ollama,medgemma:27b,707979007,retrieval_failure
Asthma,zero_shot,3,MedGemma 1.0-27B,ollama,medgemma:27b,734904007,retrieval_failure
Asthma,zero_shot,3,MedGemma 1.0-27B,ollama,medgemma:27b,124991000119109,retrieval_failure
Asthma,zero_shot,3,MedGemma 1.0-27B,ollama,medgemma:27b,233687002,generation_failure
Asthma,zero_shot,3,MedGemma 1.0-27B,ollama,medgemma:27b,423889005,generation_failure
Asthma,zero_shot,3,MedGemma 1.0-27B,ollama,medgemma:27b,641000119106,generation_failure
Asthma,zero_shot,3,MedGemma 1.0-27B,ollama,medgemma:27b,370219009,generation_failure
Asthma,zero_shot,3,MedGemma 1.0-27B,ollama,medgemma:27b,233672007,retrieval_failure
Asthma,zero_shot,3,MedGemma 1.0-27B,ollama,medgemma:27b,10675551000119104,retrieval_failure
Asthma,zero_shot,3,MedGemma 1.0-27B,ollama,medgemma:27b,404806001,generation_failure
Asthma,zero_shot,3,MedGemma 1.0-27B,ollama,medgemma:27b,10692761000119107,retrieval_failure
Asthma,zero_shot,3,MedGemma 1.0-27B,ollama,medgemma:27b,10675911000119109,retrieval_failure
Asthma,zero_shot,3,MedGemma 1.0-27B,ollama,medgemma:27b,762521001,generation_failure
Asthma,zero_shot,3,MedGemma 1.0-27B,ollama,medgemma:27b,135171000119106,generation_failure
Asthma,zero_shot,3,MedGemma 1.0-27B,ollama,medgemma:27b,10676191000119106,generation_failure
Asthma,zero_shot,3,MedGemma 1.0-27B,ollama,medgemma:27b,10675391000119101,generation_failure
Asthma,zero_shot,3,MedGemma 1.0-27B,ollama,medgemma:27b,1103911000000103,retrieval_failure
Asthma,zero_shot,3,MedGemma 1.0-27B,ollama,medgemma:27b,427679007,generation_failure
Asthma,zero_shot,3,MedGemma 1.0-27B,ollama,medgemma:27b,125001000119103,retrieval_failure
Asthma,zero_shot,3,MedGemma 1.0-27B,ollama,medgemma:27b,418395004,generation_failure
Asthma,zero_shot,3,MedGemma 1.0-27B,ollama,medgemma:27b,1751000119100,generation_failure
Asthma,zero_shot,3,MedGemma 1.0-27B,ollama,medgemma:27b,708090002,generation_failure
Asthma,zero_shot,3,MedGemma 1.0-27B,ollama,medgemma:27b,10674791000119101,retrieval_failure
Asthma,zero_shot,3,MedGemma 1.0-27B,ollama,medgemma:27b,10674991000119104,generation_failure
Asthma,zero_shot,3,MedGemma 1.0-27B,ollama,medgemma:27b,195967001,retrieval_failure
Asthma,zero_shot,3,MedGemma 1.0-27B,ollama,medgemma:27b,1064821000000109,retrieval_failure
Asthma,zero_shot,3,MedGemma 1.0-27B,ollama,medgemma:27b,707513007,generation_failure
Asthma,zero_shot,3,MedGemma 1.0-27B,ollama,medgemma:27b,10675591000119109,retrieval_failure
Asthma,zero_shot,3,MedGemma 1.0-27B,ollama,medgemma:27b,734905008,generation_failure
Asthma,zero_shot,3,MedGemma 1.0-27B,ollama,medgemma:27b,405944004,generation_failure
Asthma,zero_shot,3,MedGemma 1.0-27B,ollama,medgemma:27b,707444001,generation_failure
Asthma,zero_shot,3,MedGemma 1.0-27B,ollama,medgemma:27b,10675671000119107,retrieval_failure
Asthma,zero_shot,3,MedGemma 1.0-27B,ollama,medgemma:27b,233691007,retrieval_failure
Asthma,zero_shot,3,MedGemma 1.0-27B,ollama,medgemma:27b,2360001000004109,generation_failure
Asthma,zero_shot,3,MedGemma 1.0-27B,ollama,medgemma:27b,10675991000119100,retrieval_failure
Asthma,zero_shot,3,MedGemma 1.0-27B,ollama,medgemma:27b,10742121000119104,generation_failure
Asthma,zero_shot,3,MedGemma 1.0-27B,ollama,medgemma:27b,10676511000119109,retrieval_failure
Asthma,zero_shot,3,MedGemma 1.0-27B,ollama,medgemma:27b,233679003,generation_failure
Asthma,zero_shot,3,MedGemma 1.0-27B,ollama,medgemma:27b,16584951000119101,generation_failure
Asthma,zero_shot,3,MedGemma 1.0-27B,ollama,medgemma:27b,10675711000119106,retrieval_failure
Asthma,zero_shot,3,MedGemma 1.0-27B,ollama,medgemma:27b,125021000119107,retrieval_failure
Asthma,zero_shot,3,MedGemma 1.0-27B,ollama,medgemma:27b,708096008,generation_failure
Asthma,zero_shot,3,MedGemma 1.0-27B,ollama,medgemma:27b,427603009,generation_failure
Asthma,zero_shot,3,MedGemma 1.0-27B,ollama,medgemma:27b,10676551000119105,retrieval_failure
Asthma,zero_shot,3,MedGemma 1.0-27B,ollama,medgemma:27b,10692721000119102,generation_failure
Asthma,zero_shot,3,MedGemma 1.0-27B,ollama,medgemma:27b,409663006,generation_failure
Asthma,few_shot,1,MedGemma 1.0-27B,ollama,medgemma:27b,304527002,generation_failure
Asthma,few_shot,1,MedGemma 1.0-27B,ollama,medgemma:27b,707447008,generation_failure
Asthma,few_shot,1,MedGemma 1.0-27B,ollama,medgemma:27b,10676671000119102,retrieval_failure
Asthma,few_shot,1,MedGemma 1.0-27B,ollama,medgemma:27b,99031000119107,retrieval_failure
Asthma,few_shot,1,MedGemma 1.0-27B,ollama,medgemma:27b,401000119107,generation_failure
Asthma,few_shot,1,MedGemma 1.0-27B,ollama,medgemma:27b,89099002,retrieval_failure
Asthma,few_shot,1,MedGemma 1.0-27B,ollama,medgemma:27b,10674711000119105,retrieval_failure
Asthma,few_shot,1,MedGemma 1.0-27B,ollama,medgemma:27b,407674008,generation_failure
Asthma,few_shot,1,MedGemma 1.0-27B,ollama,medgemma:27b,404804003,generation_failure
Asthma,few_shot,1,MedGemma 1.0-27B,ollama,medgemma:27b,782520007,retrieval_failure
Asthma,few_shot,1,MedGemma 1.0-27B,ollama,medgemma:27b,1086711000000100,retrieval_failure
Asthma,few_shot,1,MedGemma 1.0-27B,ollama,medgemma:27b,225057002,generation_failure
Asthma,few_shot,1,MedGemma 1.0-27B,ollama,medgemma:27b,10675871000119106,generation_failure
Asthma,few_shot,1,MedGemma 1.0-27B,ollama,medgemma:27b,703954005,generation_failure
Asthma,few_shot,1,MedGemma 1.0-27B,ollama,medgemma:27b,13151001,retrieval_failure
Asthma,few_shot,1,MedGemma 1.0-27B,ollama,medgemma:27b,733858005,retrieval_failure
Asthma,few_shot,1,MedGemma 1.0-27B,ollama,medgemma:27b,782513000,retrieval_failure
Asthma,few_shot,1,MedGemma 1.0-27B,ollama,medgemma:27b,442025000,retrieval_failure
Asthma,few_shot,1,MedGemma 1.0-27B,ollama,medgemma:27b,707446004,generation_failure
Asthma,few_shot,1,MedGemma 1.0-27B,ollama,medgemma:27b,427295004,generation_failure
Asthma,few_shot,1,MedGemma 1.0-27B,ollama,medgemma:27b,281239006,generation_failure
Asthma,few_shot,1,MedGemma 1.0-27B,ollama,medgemma:27b,10675471000119109,retrieval_failure
Asthma,few_shot,1,MedGemma 1.0-27B,ollama,medgemma:27b,1741000119102,generation_failure
Asthma,few_shot,1,MedGemma 1.0-27B,ollama,medgemma:27b,735589002,generation_failure
Asthma,few_shot,1,MedGemma 1.0-27B,ollama,medgemma:27b,59786004,retrieval_failure
Asthma,few_shot,1,MedGemma 1.0-27B,ollama,medgemma:27b,10676111000119102,retrieval_failure
Asthma,few_shot,1,MedGemma 1.0-27B,ollama,medgemma:27b,10675751000119107,generation_failure
Asthma,few_shot,1,MedGemma 1.0-27B,ollama,medgemma:27b,1086701000000102,retrieval_failure
Asthma,few_shot,1,MedGemma 1.0-27B,ollama,medgemma:27b,707980005,retrieval_failure
Asthma,few_shot,1,MedGemma 1.0-27B,ollama,medgemma:27b,866881000000101,generation_failure
Asthma,few_shot,1,MedGemma 1.0-27B,ollama,medgemma:27b,125011000119100,retrieval_failure
Asthma,few_shot,1,MedGemma 1.0-27B,ollama,medgemma:27b,1064811000000103,generation_failure
Asthma,few_shot,1,MedGemma 1.0-27B,ollama,medgemma:27b,703953004,generation_failure
Asthma,few_shot,1,MedGemma 1.0-27B,ollama,medgemma:27b,707511009,generation_failure
Asthma,few_shot,1,MedGemma 1.0-27B,ollama,medgemma:27b,72301000119103,generation_failure
Asthma,few_shot,1,MedGemma 1.0-27B,ollama,medgemma:27b,10676711000119103,generation_failure
Asthma,few_shot,1,MedGemma 1.0-27B,ollama,medgemma:27b,426979002,generation_failure
Asthma,few_shot,1,MedGemma 1.0-27B,ollama,medgemma:27b,424643009,generation_failure
Asthma,few_shot,1,MedGemma 1.0-27B,ollama,medgemma:27b,10676391000119108,generation_failure
Asthma,few_shot,1,MedGemma 1.0-27B,ollama,medgemma:27b,10675631000119109,retrieval_failure
Asthma,few_shot,1,MedGemma 1.0-27B,ollama,medgemma:27b,10676151000119101,generation_failure
Asthma,few_shot,1,MedGemma 1.0-27B,ollama,medgemma:27b,10676591000119100,retrieval_failure
Asthma,few_shot,1,MedGemma 1.0-27B,ollama,medgemma:27b,426656000,generation_failure
Asthma,few_shot,1,MedGemma 1.0-27B,ollama,medgemma:27b,707981009,retrieval_failure
Asthma,few_shot,1,MedGemma 1.0-27B,ollama,medgemma:27b,786836003,generation_failure
Asthma,few_shot,1,MedGemma 1.0-27B,ollama,medgemma:27b,10676431000119103,retrieval_failure
Asthma,few_shot,1,MedGemma 1.0-27B,ollama,medgemma:27b,10676271000119104,retrieval_failure
Asthma,few_shot,1,MedGemma 1.0-27B,ollama,medgemma:27b,10676031000119106,generation_failure
Asthma,few_shot,1,MedGemma 1.0-27B,ollama,medgemma:27b,85761009,retrieval_failure
Asthma,few_shot,1,MedGemma 1.0-27B,ollama,medgemma:27b,11944003,retrieval_failure
Asthma,few_shot,1,MedGemma 1.0-27B,ollama,medgemma:27b,10676631000119100,retrieval_failure
Asthma,few_shot,1,MedGemma 1.0-27B,ollama,medgemma:27b,10676231000119102,retrieval_failure
Asthma,few_shot,1,MedGemma 1.0-27B,ollama,medgemma:27b,195949008,generation_failure
Asthma,few_shot,1,MedGemma 1.0-27B,ollama,medgemma:27b,708095007,retrieval_failure
Asthma,few_shot,1,MedGemma 1.0-27B,ollama,medgemma:27b,404808000,generation_failure
Asthma,few_shot,1,MedGemma 1.0-27B,ollama,medgemma:27b,135181000119109,generation_failure
Asthma,few_shot,1,MedGemma 1.0-27B,ollama,medgemma:27b,233683003,generation_failure
Asthma,few_shot,1,MedGemma 1.0-27B,ollama,medgemma:27b,10675431000119106,generation_failure
Asthma,few_shot,1,MedGemma 1.0-27B,ollama,medgemma:27b,10676351000119103,generation_failure
Asthma,few_shot,1,MedGemma 1.0-27B,ollama,medgemma:27b,10676071000119109,generation_failure
Asthma,few_shot,1,MedGemma 1.0-27B,ollama,medgemma:27b,707979007,retrieval_failure
Asthma,few_shot,1,MedGemma 1.0-27B,ollama,medgemma:27b,734904007,retrieval_failure
Asthma,few_shot,1,MedGemma 1.0-27B,ollama,medgemma:27b,124991000119109,retrieval_failure
Asthma,few_shot,1,MedGemma 1.0-27B,ollama,medgemma:27b,708094006,generation_failure
Asthma,few_shot,1,MedGemma 1.0-27B,ollama,medgemma:27b,423889005,generation_failure
Asthma,few_shot,1,MedGemma 1.0-27B,ollama,medgemma:27b,641000119106,generation_failure
Asthma,few_shot,1,MedGemma 1.0-27B,ollama,medgemma:27b,370219009,generation_failure
Asthma,few_shot,1,MedGemma 1.0-27B,ollama,medgemma:27b,233672007,retrieval_failure
Asthma,few_shot,1,MedGemma 1.0-27B,ollama,medgemma:27b,10675551000119104,retrieval_failure
Asthma,few_shot,1,MedGemma 1.0-27B,ollama,medgemma:27b,312453004,generation_failure
Asthma,few_shot,1,MedGemma 1.0-27B,ollama,medgemma:27b,10692761000119107,retrieval_failure
Asthma,few_shot,1,MedGemma 1.0-27B,ollama,medgemma:27b,10675911000119109,retrieval_failure
Asthma,few_shot,1,MedGemma 1.0-27B,ollama,medgemma:27b,762521001,generation_failure
Asthma,few_shot,1,MedGemma 1.0-27B,ollama,medgemma:27b,135171000119106,generation_failure
Asthma,few_shot,1,MedGemma 1.0-27B,ollama,medgemma:27b,10676191000119106,generation_failure
Asthma,few_shot,1,MedGemma 1.0-27B,ollama,medgemma:27b,10675391000119101,generation_failure
Asthma,few_shot,1,MedGemma 1.0-27B,ollama,medgemma:27b,1103911000000103,retrieval_failure
Asthma,few_shot,1,MedGemma 1.0-27B,ollama,medgemma:27b,427679007,generation_failure
Asthma,few_shot,1,MedGemma 1.0-27B,ollama,medgemma:27b,125001000119103,retrieval_failure
Asthma,few_shot,1,MedGemma 1.0-27B,ollama,medgemma:27b,63088003,generation_failure
Asthma,few_shot,1,MedGemma 1.0-27B,ollama,medgemma:27b,708090002,generation_failure
Asthma,few_shot,1,MedGemma 1.0-27B,ollama,medgemma:27b,10674791000119101,retrieval_failure
Asthma,few_shot,1,MedGemma 1.0-27B,ollama,medgemma:27b,10674991000119104,generation_failure
Asthma,few_shot,1,MedGemma 1.0-27B,ollama,medgemma:27b,195967001,retrieval_failure
Asthma,few_shot,1,MedGemma 1.0-27B,ollama,medgemma:27b,1064821000000109,retrieval_failure
Asthma,few_shot,1,MedGemma 1.0-27B,ollama,medgemma:27b,707513007,generation_failure
Asthma,few_shot,1,MedGemma 1.0-27B,ollama,medgemma:27b,10675591000119109,retrieval_failure
Asthma,few_shot,1,MedGemma 1.0-27B,ollama,medgemma:27b,734905008,generation_failure
Asthma,few_shot,1,MedGemma 1.0-27B,ollama,medgemma:27b,405944004,generation_failure
Asthma,few_shot,1,MedGemma 1.0-27B,ollama,medgemma:27b,10675671000119107,retrieval_failure
Asthma,few_shot,1,MedGemma 1.0-27B,ollama,medgemma:27b,233691007,retrieval_failure
Asthma,few_shot,1,MedGemma 1.0-27B,ollama,medgemma:27b,2360001000004109,generation_failure
Asthma,few_shot,1,MedGemma 1.0-27B,ollama,medgemma:27b,10675991000119100,retrieval_failure
Asthma,few_shot,1,MedGemma 1.0-27B,ollama,medgemma:27b,10742121000119104,generation_failure
Asthma,few_shot,1,MedGemma 1.0-27B,ollama,medgemma:27b,10676511000119109,retrieval_failure
Asthma,few_shot,1,MedGemma 1.0-27B,ollama,medgemma:27b,233679003,generation_failure
Asthma,few_shot,1,MedGemma 1.0-27B,ollama,medgemma:27b,16584951000119101,generation_failure
Asthma,few_shot,1,MedGemma 1.0-27B,ollama,medgemma:27b,10675711000119106,retrieval_failure
Asthma,few_shot,1,MedGemma 1.0-27B,ollama,medgemma:27b,125021000119107,retrieval_failure
Asthma,few_shot,1,MedGemma 1.0-27B,ollama,medgemma:27b,708096008,generation_failure
Asthma,few_shot,1,MedGemma 1.0-27B,ollama,medgemma:27b,427603009,generation_failure
Asthma,few_shot,1,MedGemma 1.0-27B,ollama,medgemma:27b,10676551000119105,retrieval_failure
Asthma,few_shot,1,MedGemma 1.0-27B,ollama,medgemma:27b,10692721000119102,generation_failure
Asthma,few_shot,1,MedGemma 1.0-27B,ollama,medgemma:27b,409663006,generation_failure
Asthma,few_shot,1,MedGemma 1.0-27B,ollama,medgemma:27b,266361008,generation_failure
Asthma,few_shot,2,MedGemma 1.0-27B,ollama,medgemma:27b,304527002,generation_failure
Asthma,few_shot,2,MedGemma 1.0-27B,ollama,medgemma:27b,707447008,generation_failure
Asthma,few_shot,2,MedGemma 1.0-27B,ollama,medgemma:27b,10676671000119102,retrieval_failure
Asthma,few_shot,2,MedGemma 1.0-27B,ollama,medgemma:27b,99031000119107,retrieval_failure
Asthma,few_shot,2,MedGemma 1.0-27B,ollama,medgemma:27b,89099002,retrieval_failure
Asthma,few_shot,2,MedGemma 1.0-27B,ollama,medgemma:27b,10674711000119105,retrieval_failure
Asthma,few_shot,2,MedGemma 1.0-27B,ollama,medgemma:27b,407674008,generation_failure
Asthma,few_shot,2,MedGemma 1.0-27B,ollama,medgemma:27b,404804003,generation_failure
Asthma,few_shot,2,MedGemma 1.0-27B,ollama,medgemma:27b,782520007,retrieval_failure
Asthma,few_shot,2,MedGemma 1.0-27B,ollama,medgemma:27b,735587000,generation_failure
Asthma,few_shot,2,MedGemma 1.0-27B,ollama,medgemma:27b,1086711000000100,retrieval_failure
Asthma,few_shot,2,MedGemma 1.0-27B,ollama,medgemma:27b,225057002,generation_failure
Asthma,few_shot,2,MedGemma 1.0-27B,ollama,medgemma:27b,10675871000119106,generation_failure
Asthma,few_shot,2,MedGemma 1.0-27B,ollama,medgemma:27b,703954005,generation_failure
Asthma,few_shot,2,MedGemma 1.0-27B,ollama,medgemma:27b,13151001,retrieval_failure
Asthma,few_shot,2,MedGemma 1.0-27B,ollama,medgemma:27b,733858005,retrieval_failure
Asthma,few_shot,2,MedGemma 1.0-27B,ollama,medgemma:27b,782513000,retrieval_failure
Asthma,few_shot,2,MedGemma 1.0-27B,ollama,medgemma:27b,442025000,retrieval_failure
Asthma,few_shot,2,MedGemma 1.0-27B,ollama,medgemma:27b,707446004,generation_failure
Asthma,few_shot,2,MedGemma 1.0-27B,ollama,medgemma:27b,427295004,generation_failure
Asthma,few_shot,2,MedGemma 1.0-27B,ollama,medgemma:27b,281239006,generation_failure
Asthma,few_shot,2,MedGemma 1.0-27B,ollama,medgemma:27b,10675471000119109,retrieval_failure
Asthma,few_shot,2,MedGemma 1.0-27B,ollama,medgemma:27b,1741000119102,generation_failure
Asthma,few_shot,2,MedGemma 1.0-27B,ollama,medgemma:27b,735589002,generation_failure
Asthma,few_shot,2,MedGemma 1.0-27B,ollama,medgemma:27b,59786004,retrieval_failure
Asthma,few_shot,2,MedGemma 1.0-27B,ollama,medgemma:27b,10676111000119102,retrieval_failure
Asthma,few_shot,2,MedGemma 1.0-27B,ollama,medgemma:27b,10675751000119107,generation_failure
Asthma,few_shot,2,MedGemma 1.0-27B,ollama,medgemma:27b,707512002,generation_failure
Asthma,few_shot,2,MedGemma 1.0-27B,ollama,medgemma:27b,1086701000000102,retrieval_failure
Asthma,few_shot,2,MedGemma 1.0-27B,ollama,medgemma:27b,707980005,retrieval_failure
Asthma,few_shot,2,MedGemma 1.0-27B,ollama,medgemma:27b,866881000000101,generation_failure
Asthma,few_shot,2,MedGemma 1.0-27B,ollama,medgemma:27b,829976001,generation_failure
Asthma,few_shot,2,MedGemma 1.0-27B,ollama,medgemma:27b,125011000119100,retrieval_failure
Asthma,few_shot,2,MedGemma 1.0-27B,ollama,medgemma:27b,1064811000000103,generation_failure
Asthma,few_shot,2,MedGemma 1.0-27B,ollama,medgemma:27b,233688007,generation_failure
Asthma,few_shot,2,MedGemma 1.0-27B,ollama,medgemma:27b,703953004,generation_failure
Asthma,few_shot,2,MedGemma 1.0-27B,ollama,medgemma:27b,707511009,generation_failure
Asthma,few_shot,2,MedGemma 1.0-27B,ollama,medgemma:27b,72301000119103,generation_failure
Asthma,few_shot,2,MedGemma 1.0-27B,ollama,medgemma:27b,10676711000119103,generation_failure
Asthma,few_shot,2,MedGemma 1.0-27B,ollama,medgemma:27b,426979002,generation_failure
Asthma,few_shot,2,MedGemma 1.0-27B,ollama,medgemma:27b,424643009,generation_failure
Asthma,few_shot,2,MedGemma 1.0-27B,ollama,medgemma:27b,735588005,generation_failure
Asthma,few_shot,2,MedGemma 1.0-27B,ollama,medgemma:27b,10676391000119108,generation_failure
Asthma,few_shot,2,MedGemma 1.0-27B,ollama,medgemma:27b,10675631000119109,retrieval_failure
Asthma,few_shot,2,MedGemma 1.0-27B,ollama,medgemma:27b,10676151000119101,generation_failure
Asthma,few_shot,2,MedGemma 1.0-27B,ollama,medgemma:27b,10676591000119100,retrieval_failure
Asthma,few_shot,2,MedGemma 1.0-27B,ollama,medgemma:27b,707981009,retrieval_failure
Asthma,few_shot,2,MedGemma 1.0-27B,ollama,medgemma:27b,786836003,generation_failure
Asthma,few_shot,2,MedGemma 1.0-27B,ollama,medgemma:27b,10676431000119103,retrieval_failure
Asthma,few_shot,2,MedGemma 1.0-27B,ollama,medgemma:27b,10676271000119104,retrieval_failure
Asthma,few_shot,2,MedGemma 1.0-27B,ollama,medgemma:27b,10676031000119106,generation_failure
Asthma,few_shot,2,MedGemma 1.0-27B,ollama,medgemma:27b,85761009,retrieval_failure
Asthma,few_shot,2,MedGemma 1.0-27B,ollama,medgemma:27b,11944003,retrieval_failure
Asthma,few_shot,2,MedGemma 1.0-27B,ollama,medgemma:27b,10676631000119100,retrieval_failure
Asthma,few_shot,2,MedGemma 1.0-27B,ollama,medgemma:27b,424199006,generation_failure
Asthma,few_shot,2,MedGemma 1.0-27B,ollama,medgemma:27b,10676231000119102,retrieval_failure
Asthma,few_shot,2,MedGemma 1.0-27B,ollama,medgemma:27b,195949008,generation_failure
Asthma,few_shot,2,MedGemma 1.0-27B,ollama,medgemma:27b,708095007,retrieval_failure
Asthma,few_shot,2,MedGemma 1.0-27B,ollama,medgemma:27b,404808000,generation_failure
Asthma,few_shot,2,MedGemma 1.0-27B,ollama,medgemma:27b,135181000119109,generation_failure
Asthma,few_shot,2,MedGemma 1.0-27B,ollama,medgemma:27b,233683003,generation_failure
Asthma,few_shot,2,MedGemma 1.0-27B,ollama,medgemma:27b,10675431000119106,generation_failure
Asthma,few_shot,2,MedGemma 1.0-27B,ollama,medgemma:27b,708093000,generation_failure
Asthma,few_shot,2,MedGemma 1.0-27B,ollama,medgemma:27b,10676351000119103,generation_failure
Asthma,few_shot,2,MedGemma 1.0-27B,ollama,medgemma:27b,10676071000119109,generation_failure
Asthma,few_shot,2,MedGemma 1.0-27B,ollama,medgemma:27b,707979007,retrieval_failure
Asthma,few_shot,2,MedGemma 1.0-27B,ollama,medgemma:27b,734904007,retrieval_failure
Asthma,few_shot,2,MedGemma 1.0-27B,ollama,medgemma:27b,124991000119109,retrieval_failure
Asthma,few_shot,2,MedGemma 1.0-27B,ollama,medgemma:27b,708094006,generation_failure
Asthma,few_shot,2,MedGemma 1.0-27B,ollama,medgemma:27b,233687002,generation_failure
Asthma,few_shot,2,MedGemma 1.0-27B,ollama,medgemma:27b,641000119106,generation_failure
Asthma,few_shot,2,MedGemma 1.0-27B,ollama,medgemma:27b,233672007,retrieval_failure
Asthma,few_shot,2,MedGemma 1.0-27B,ollama,medgemma:27b,10675551000119104,retrieval_failure
Asthma,few_shot,2,MedGemma 1.0-27B,ollama,medgemma:27b,312453004,generation_failure
Asthma,few_shot,2,MedGemma 1.0-27B,ollama,medgemma:27b,404806001,generation_failure
Asthma,few_shot,2,MedGemma 1.0-27B,ollama,medgemma:27b,10692761000119107,retrieval_failure
Asthma,few_shot,2,MedGemma 1.0-27B,ollama,medgemma:27b,10675911000119109,retrieval_failure
Asthma,few_shot,2,MedGemma 1.0-27B,ollama,medgemma:27b,135171000119106,generation_failure
Asthma,few_shot,2,MedGemma 1.0-27B,ollama,medgemma:27b,10676191000119106,generation_failure
Asthma,few_shot,2,MedGemma 1.0-27B,ollama,medgemma:27b,10675391000119101,generation_failure
Asthma,few_shot,2,MedGemma 1.0-27B,ollama,medgemma:27b,1103911000000103,retrieval_failure
Asthma,few_shot,2,MedGemma 1.0-27B,ollama,medgemma:27b,427679007,generation_failure
Asthma,few_shot,2,MedGemma 1.0-27B,ollama,medgemma:27b,125001000119103,retrieval_failure
Asthma,few_shot,2,MedGemma 1.0-27B,ollama,medgemma:27b,1751000119100,generation_failure
Asthma,few_shot,2,MedGemma 1.0-27B,ollama,medgemma:27b,708090002,generation_failure
Asthma,few_shot,2,MedGemma 1.0-27B,ollama,medgemma:27b,10674791000119101,retrieval_failure
Asthma,few_shot,2,MedGemma 1.0-27B,ollama,medgemma:27b,10674991000119104,generation_failure
Asthma,few_shot,2,MedGemma 1.0-27B,ollama,medgemma:27b,195967001,retrieval_failure
Asthma,few_shot,2,MedGemma 1.0-27B,ollama,medgemma:27b,1064821000000109,retrieval_failure
Asthma,few_shot,2,MedGemma 1.0-27B,ollama,medgemma:27b,707513007,generation_failure
Asthma,few_shot,2,MedGemma 1.0-27B,ollama,medgemma:27b,10675591000119109,retrieval_failure
Asthma,few_shot,2,MedGemma 1.0-27B,ollama,medgemma:27b,405944004,generation_failure
Asthma,few_shot,2,MedGemma 1.0-27B,ollama,medgemma:27b,707444001,generation_failure
Asthma,few_shot,2,MedGemma 1.0-27B,ollama,medgemma:27b,10675671000119107,retrieval_failure
Asthma,few_shot,2,MedGemma 1.0-27B,ollama,medgemma:27b,233691007,retrieval_failure
Asthma,few_shot,2,MedGemma 1.0-27B,ollama,medgemma:27b,10675991000119100,retrieval_failure
Asthma,few_shot,2,MedGemma 1.0-27B,ollama,medgemma:27b,10742121000119104,generation_failure
Asthma,few_shot,2,MedGemma 1.0-27B,ollama,medgemma:27b,10676511000119109,retrieval_failure
Asthma,few_shot,2,MedGemma 1.0-27B,ollama,medgemma:27b,233679003,generation_failure
Asthma,few_shot,2,MedGemma 1.0-27B,ollama,medgemma:27b,10675711000119106,retrieval_failure
Asthma,few_shot,2,MedGemma 1.0-27B,ollama,medgemma:27b,125021000119107,retrieval_failure
Asthma,few_shot,2,MedGemma 1.0-27B,ollama,medgemma:27b,708096008,generation_failure
Asthma,few_shot,2,MedGemma 1.0-27B,ollama,medgemma:27b,427603009,generation_failure
Asthma,few_shot,2,MedGemma 1.0-27B,ollama,medgemma:27b,10676551000119105,retrieval_failure
Asthma,few_shot,2,MedGemma 1.0-27B,ollama,medgemma:27b,10692721000119102,generation_failure
Asthma,few_shot,2,MedGemma 1.0-27B,ollama,medgemma:27b,409663006,generation_failure
Asthma,few_shot,2,MedGemma 1.0-27B,ollama,medgemma:27b,445427006,generation_failure
Asthma,chain_of_thought,1,MedGemma 1.0-27B,ollama,medgemma:27b,304527002,generation_failure
Asthma,chain_of_thought,1,MedGemma 1.0-27B,ollama,medgemma:27b,707447008,generation_failure
Asthma,chain_of_thought,1,MedGemma 1.0-27B,ollama,medgemma:27b,10676671000119102,retrieval_failure
Asthma,chain_of_thought,1,MedGemma 1.0-27B,ollama,medgemma:27b,99031000119107,retrieval_failure
Asthma,chain_of_thought,1,MedGemma 1.0-27B,ollama,medgemma:27b,401000119107,generation_failure
Asthma,chain_of_thought,1,MedGemma 1.0-27B,ollama,medgemma:27b,89099002,retrieval_failure
Asthma,chain_of_thought,1,MedGemma 1.0-27B,ollama,medgemma:27b,10674711000119105,retrieval_failure
Asthma,chain_of_thought,1,MedGemma 1.0-27B,ollama,medgemma:27b,404804003,generation_failure
Asthma,chain_of_thought,1,MedGemma 1.0-27B,ollama,medgemma:27b,782520007,retrieval_failure
Asthma,chain_of_thought,1,MedGemma 1.0-27B,ollama,medgemma:27b,1290026000,generation_failure
Asthma,chain_of_thought,1,MedGemma 1.0-27B,ollama,medgemma:27b,1086711000000100,retrieval_failure
Asthma,chain_of_thought,1,MedGemma 1.0-27B,ollama,medgemma:27b,225057002,generation_failure
Asthma,chain_of_thought,1,MedGemma 1.0-27B,ollama,medgemma:27b,10675871000119106,generation_failure
Asthma,chain_of_thought,1,MedGemma 1.0-27B,ollama,medgemma:27b,703954005,generation_failure
Asthma,chain_of_thought,1,MedGemma 1.0-27B,ollama,medgemma:27b,13151001,retrieval_failure
Asthma,chain_of_thought,1,MedGemma 1.0-27B,ollama,medgemma:27b,733858005,retrieval_failure
Asthma,chain_of_thought,1,MedGemma 1.0-27B,ollama,medgemma:27b,782513000,retrieval_failure
Asthma,chain_of_thought,1,MedGemma 1.0-27B,ollama,medgemma:27b,442025000,retrieval_failure
Asthma,chain_of_thought,1,MedGemma 1.0-27B,ollama,medgemma:27b,427295004,generation_failure
Asthma,chain_of_thought,1,MedGemma 1.0-27B,ollama,medgemma:27b,281239006,generation_failure
Asthma,chain_of_thought,1,MedGemma 1.0-27B,ollama,medgemma:27b,10675471000119109,retrieval_failure
Asthma,chain_of_thought,1,MedGemma 1.0-27B,ollama,medgemma:27b,1741000119102,generation_failure
Asthma,chain_of_thought,1,MedGemma 1.0-27B,ollama,medgemma:27b,59786004,retrieval_failure
Asthma,chain_of_thought,1,MedGemma 1.0-27B,ollama,medgemma:27b,10676111000119102,retrieval_failure
Asthma,chain_of_thought,1,MedGemma 1.0-27B,ollama,medgemma:27b,10675751000119107,generation_failure
Asthma,chain_of_thought,1,MedGemma 1.0-27B,ollama,medgemma:27b,425969006,generation_failure
Asthma,chain_of_thought,1,MedGemma 1.0-27B,ollama,medgemma:27b,370220003,generation_failure
Asthma,chain_of_thought,1,MedGemma 1.0-27B,ollama,medgemma:27b,707512002,generation_failure
Asthma,chain_of_thought,1,MedGemma 1.0-27B,ollama,medgemma:27b,1086701000000102,retrieval_failure
Asthma,chain_of_thought,1,MedGemma 1.0-27B,ollama,medgemma:27b,707980005,retrieval_failure
Asthma,chain_of_thought,1,MedGemma 1.0-27B,ollama,medgemma:27b,866881000000101,generation_failure
Asthma,chain_of_thought,1,MedGemma 1.0-27B,ollama,medgemma:27b,829976001,generation_failure
Asthma,chain_of_thought,1,MedGemma 1.0-27B,ollama,medgemma:27b,125011000119100,retrieval_failure
Asthma,chain_of_thought,1,MedGemma 1.0-27B,ollama,medgemma:27b,1064811000000103,generation_failure
Asthma,chain_of_thought,1,MedGemma 1.0-27B,ollama,medgemma:27b,233688007,generation_failure
Asthma,chain_of_thought,1,MedGemma 1.0-27B,ollama,medgemma:27b,703953004,generation_failure
Asthma,chain_of_thought,1,MedGemma 1.0-27B,ollama,medgemma:27b,707511009,generation_failure
Asthma,chain_of_thought,1,MedGemma 1.0-27B,ollama,medgemma:27b,72301000119103,generation_failure
Asthma,chain_of_thought,1,MedGemma 1.0-27B,ollama,medgemma:27b,10676711000119103,generation_failure
Asthma,chain_of_thought,1,MedGemma 1.0-27B,ollama,medgemma:27b,426979002,generation_failure
Asthma,chain_of_thought,1,MedGemma 1.0-27B,ollama,medgemma:27b,424643009,generation_failure
Asthma,chain_of_thought,1,MedGemma 1.0-27B,ollama,medgemma:27b,735588005,generation_failure
Asthma,chain_of_thought,1,MedGemma 1.0-27B,ollama,medgemma:27b,10676391000119108,generation_failure
Asthma,chain_of_thought,1,MedGemma 1.0-27B,ollama,medgemma:27b,10675631000119109,retrieval_failure
Asthma,chain_of_thought,1,MedGemma 1.0-27B,ollama,medgemma:27b,10676151000119101,generation_failure
Asthma,chain_of_thought,1,MedGemma 1.0-27B,ollama,medgemma:27b,10676591000119100,retrieval_failure
Asthma,chain_of_thought,1,MedGemma 1.0-27B,ollama,medgemma:27b,426656000,generation_failure
Asthma,chain_of_thought,1,MedGemma 1.0-27B,ollama,medgemma:27b,707981009,retrieval_failure
Asthma,chain_of_thought,1,MedGemma 1.0-27B,ollama,medgemma:27b,786836003,generation_failure
Asthma,chain_of_thought,1,MedGemma 1.0-27B,ollama,medgemma:27b,10676431000119103,retrieval_failure
Asthma,chain_of_thought,1,MedGemma 1.0-27B,ollama,medgemma:27b,707445000,generation_failure
Asthma,chain_of_thought,1,MedGemma 1.0-27B,ollama,medgemma:27b,10676271000119104,retrieval_failure
Asthma,chain_of_thought,1,MedGemma 1.0-27B,ollama,medgemma:27b,10676031000119106,generation_failure
Asthma,chain_of_thought,1,MedGemma 1.0-27B,ollama,medgemma:27b,85761009,retrieval_failure
Asthma,chain_of_thought,1,MedGemma 1.0-27B,ollama,medgemma:27b,11944003,retrieval_failure
Asthma,chain_of_thought,1,MedGemma 1.0-27B,ollama,medgemma:27b,10676631000119100,retrieval_failure
Asthma,chain_of_thought,1,MedGemma 1.0-27B,ollama,medgemma:27b,424199006,generation_failure
Asthma,chain_of_thought,1,MedGemma 1.0-27B,ollama,medgemma:27b,10676231000119102,retrieval_failure
Asthma,chain_of_thought,1,MedGemma 1.0-27B,ollama,medgemma:27b,195949008,generation_failure
Asthma,chain_of_thought,1,MedGemma 1.0-27B,ollama,medgemma:27b,708095007,retrieval_failure
Asthma,chain_of_thought,1,MedGemma 1.0-27B,ollama,medgemma:27b,404808000,generation_failure
Asthma,chain_of_thought,1,MedGemma 1.0-27B,ollama,medgemma:27b,135181000119109,generation_failure
Asthma,chain_of_thought,1,MedGemma 1.0-27B,ollama,medgemma:27b,233683003,generation_failure
Asthma,chain_of_thought,1,MedGemma 1.0-27B,ollama,medgemma:27b,10675431000119106,generation_failure
Asthma,chain_of_thought,1,MedGemma 1.0-27B,ollama,medgemma:27b,708093000,generation_failure
Asthma,chain_of_thought,1,MedGemma 1.0-27B,ollama,medgemma:27b,10676351000119103,generation_failure
Asthma,chain_of_thought,1,MedGemma 1.0-27B,ollama,medgemma:27b,10676071000119109,generation_failure
Asthma,chain_of_thought,1,MedGemma 1.0-27B,ollama,medgemma:27b,707979007,retrieval_failure
Asthma,chain_of_thought,1,MedGemma 1.0-27B,ollama,medgemma:27b,56968009,generation_failure
Asthma,chain_of_thought,1,MedGemma 1.0-27B,ollama,medgemma:27b,734904007,retrieval_failure
Asthma,chain_of_thought,1,MedGemma 1.0-27B,ollama,medgemma:27b,124991000119109,retrieval_failure
Asthma,chain_of_thought,1,MedGemma 1.0-27B,ollama,medgemma:27b,708094006,generation_failure
Asthma,chain_of_thought,1,MedGemma 1.0-27B,ollama,medgemma:27b,233687002,generation_failure
Asthma,chain_of_thought,1,MedGemma 1.0-27B,ollama,medgemma:27b,423889005,generation_failure
Asthma,chain_of_thought,1,MedGemma 1.0-27B,ollama,medgemma:27b,641000119106,generation_failure
Asthma,chain_of_thought,1,MedGemma 1.0-27B,ollama,medgemma:27b,370219009,generation_failure
Asthma,chain_of_thought,1,MedGemma 1.0-27B,ollama,medgemma:27b,233672007,retrieval_failure
Asthma,chain_of_thought,1,MedGemma 1.0-27B,ollama,medgemma:27b,10675551000119104,retrieval_failure
Asthma,chain_of_thought,1,MedGemma 1.0-27B,ollama,medgemma:27b,312453004,generation_failure
Asthma,chain_of_thought,1,MedGemma 1.0-27B,ollama,medgemma:27b,404806001,generation_failure
Asthma,chain_of_thought,1,MedGemma 1.0-27B,ollama,medgemma:27b,10692761000119107,retrieval_failure
Asthma,chain_of_thought,1,MedGemma 1.0-27B,ollama,medgemma:27b,10675911000119109,retrieval_failure
Asthma,chain_of_thought,1,MedGemma 1.0-27B,ollama,medgemma:27b,762521001,generation_failure
Asthma,chain_of_thought,1,MedGemma 1.0-27B,ollama,medgemma:27b,10676191000119106,generation_failure
Asthma,chain_of_thought,1,MedGemma 1.0-27B,ollama,medgemma:27b,10675391000119101,generation_failure
Asthma,chain_of_thought,1,MedGemma 1.0-27B,ollama,medgemma:27b,1103911000000103,retrieval_failure
Asthma,chain_of_thought,1,MedGemma 1.0-27B,ollama,medgemma:27b,125001000119103,retrieval_failure
Asthma,chain_of_thought,1,MedGemma 1.0-27B,ollama,medgemma:27b,418395004,generation_failure
Asthma,chain_of_thought,1,MedGemma 1.0-27B,ollama,medgemma:27b,1751000119100,generation_failure
Asthma,chain_of_thought,1,MedGemma 1.0-27B,ollama,medgemma:27b,708090002,generation_failure
Asthma,chain_of_thought,1,MedGemma 1.0-27B,ollama,medgemma:27b,10674791000119101,retrieval_failure
Asthma,chain_of_thought,1,MedGemma 1.0-27B,ollama,medgemma:27b,10674991000119104,generation_failure
Asthma,chain_of_thought,1,MedGemma 1.0-27B,ollama,medgemma:27b,195967001,retrieval_failure
Asthma,chain_of_thought,1,MedGemma 1.0-27B,ollama,medgemma:27b,1064821000000109,retrieval_failure
Asthma,chain_of_thought,1,MedGemma 1.0-27B,ollama,medgemma:27b,707513007,generation_failure
Asthma,chain_of_thought,1,MedGemma 1.0-27B,ollama,medgemma:27b,10675591000119109,retrieval_failure
Asthma,chain_of_thought,1,MedGemma 1.0-27B,ollama,medgemma:27b,734905008,generation_failure
Asthma,chain_of_thought,1,MedGemma 1.0-27B,ollama,medgemma:27b,405944004,generation_failure
Asthma,chain_of_thought,1,MedGemma 1.0-27B,ollama,medgemma:27b,707444001,generation_failure
Asthma,chain_of_thought,1,MedGemma 1.0-27B,ollama,medgemma:27b,10675671000119107,retrieval_failure
Asthma,chain_of_thought,1,MedGemma 1.0-27B,ollama,medgemma:27b,233691007,retrieval_failure
Asthma,chain_of_thought,1,MedGemma 1.0-27B,ollama,medgemma:27b,2360001000004109,generation_failure
Asthma,chain_of_thought,1,MedGemma 1.0-27B,ollama,medgemma:27b,10675991000119100,retrieval_failure
Asthma,chain_of_thought,1,MedGemma 1.0-27B,ollama,medgemma:27b,10742121000119104,generation_failure
Asthma,chain_of_thought,1,MedGemma 1.0-27B,ollama,medgemma:27b,10676511000119109,retrieval_failure
Asthma,chain_of_thought,1,MedGemma 1.0-27B,ollama,medgemma:27b,233679003,generation_failure
Asthma,chain_of_thought,1,MedGemma 1.0-27B,ollama,medgemma:27b,16584951000119101,generation_failure
Asthma,chain_of_thought,1,MedGemma 1.0-27B,ollama,medgemma:27b,10675711000119106,retrieval_failure
Asthma,chain_of_thought,1,MedGemma 1.0-27B,ollama,medgemma:27b,125021000119107,retrieval_failure
Asthma,chain_of_thought,1,MedGemma 1.0-27B,ollama,medgemma:27b,708096008,generation_failure
Asthma,chain_of_thought,1,MedGemma 1.0-27B,ollama,medgemma:27b,427603009,generation_failure
Asthma,chain_of_thought,1,MedGemma 1.0-27B,ollama,medgemma:27b,10676551000119105,retrieval_failure
Asthma,chain_of_thought,1,MedGemma 1.0-27B,ollama,medgemma:27b,10692721000119102,generation_failure
Asthma,chain_of_thought,1,MedGemma 1.0-27B,ollama,medgemma:27b,409663006,generation_failure
Asthma,chain_of_thought,1,MedGemma 1.0-27B,ollama,medgemma:27b,445427006,generation_failure
Asthma,chain_of_thought,1,MedGemma 1.0-27B,ollama,medgemma:27b,266361008,generation_failure
Asthma,chain_of_thought,2,MedGemma 1.0-27B,ollama,medgemma:27b,304527002,generation_failure
Asthma,chain_of_thought,2,MedGemma 1.0-27B,ollama,medgemma:27b,12428000,generation_failure
Asthma,chain_of_thought,2,MedGemma 1.0-27B,ollama,medgemma:27b,707447008,generation_failure
Asthma,chain_of_thought,2,MedGemma 1.0-27B,ollama,medgemma:27b,10676671000119102,retrieval_failure
Asthma,chain_of_thought,2,MedGemma 1.0-27B,ollama,medgemma:27b,99031000119107,retrieval_failure
Asthma,chain_of_thought,2,MedGemma 1.0-27B,ollama,medgemma:27b,401000119107,generation_failure
Asthma,chain_of_thought,2,MedGemma 1.0-27B,ollama,medgemma:27b,89099002,retrieval_failure
Asthma,chain_of_thought,2,MedGemma 1.0-27B,ollama,medgemma:27b,10674711000119105,retrieval_failure
Asthma,chain_of_thought,2,MedGemma 1.0-27B,ollama,medgemma:27b,782520007,retrieval_failure
Asthma,chain_of_thought,2,MedGemma 1.0-27B,ollama,medgemma:27b,1290026000,generation_failure
Asthma,chain_of_thought,2,MedGemma 1.0-27B,ollama,medgemma:27b,1086711000000100,retrieval_failure
Asthma,chain_of_thought,2,MedGemma 1.0-27B,ollama,medgemma:27b,225057002,generation_failure
Asthma,chain_of_thought,2,MedGemma 1.0-27B,ollama,medgemma:27b,10675871000119106,generation_failure
Asthma,chain_of_thought,2,MedGemma 1.0-27B,ollama,medgemma:27b,703954005,generation_failure
Asthma,chain_of_thought,2,MedGemma 1.0-27B,ollama,medgemma:27b,13151001,retrieval_failure
Asthma,chain_of_thought,2,MedGemma 1.0-27B,ollama,medgemma:27b,733858005,retrieval_failure
Asthma,chain_of_thought,2,MedGemma 1.0-27B,ollama,medgemma:27b,782513000,retrieval_failure
Asthma,chain_of_thought,2,MedGemma 1.0-27B,ollama,medgemma:27b,442025000,retrieval_failure
Asthma,chain_of_thought,2,MedGemma 1.0-27B,ollama,medgemma:27b,233678006,generation_failure
Asthma,chain_of_thought,2,MedGemma 1.0-27B,ollama,medgemma:27b,281239006,generation_failure
Asthma,chain_of_thought,2,MedGemma 1.0-27B,ollama,medgemma:27b,10675471000119109,retrieval_failure
Asthma,chain_of_thought,2,MedGemma 1.0-27B,ollama,medgemma:27b,1741000119102,generation_failure
Asthma,chain_of_thought,2,MedGemma 1.0-27B,ollama,medgemma:27b,59786004,retrieval_failure
Asthma,chain_of_thought,2,MedGemma 1.0-27B,ollama,medgemma:27b,10676111000119102,retrieval_failure
Asthma,chain_of_thought,2,MedGemma 1.0-27B,ollama,medgemma:27b,10675751000119107,generation_failure
Asthma,chain_of_thought,2,MedGemma 1.0-27B,ollama,medgemma:27b,1086701000000102,retrieval_failure
Asthma,chain_of_thought,2,MedGemma 1.0-27B,ollama,medgemma:27b,707980005,retrieval_failure
Asthma,chain_of_thought,2,MedGemma 1.0-27B,ollama,medgemma:27b,866881000000101,generation_failure
Asthma,chain_of_thought,2,MedGemma 1.0-27B,ollama,medgemma:27b,125011000119100,retrieval_failure
Asthma,chain_of_thought,2,MedGemma 1.0-27B,ollama,medgemma:27b,1064811000000103,generation_failure
Asthma,chain_of_thought,2,MedGemma 1.0-27B,ollama,medgemma:27b,233688007,generation_failure
Asthma,chain_of_thought,2,MedGemma 1.0-27B,ollama,medgemma:27b,703953004,generation_failure
Asthma,chain_of_thought,2,MedGemma 1.0-27B,ollama,medgemma:27b,72301000119103,generation_failure
Asthma,chain_of_thought,2,MedGemma 1.0-27B,ollama,medgemma:27b,10676711000119103,generation_failure
Asthma,chain_of_thought,2,MedGemma 1.0-27B,ollama,medgemma:27b,426979002,generation_failure
Asthma,chain_of_thought,2,MedGemma 1.0-27B,ollama,medgemma:27b,424643009,generation_failure
Asthma,chain_of_thought,2,MedGemma 1.0-27B,ollama,medgemma:27b,735588005,generation_failure
Asthma,chain_of_thought,2,MedGemma 1.0-27B,ollama,medgemma:27b,10676391000119108,generation_failure
Asthma,chain_of_thought,2,MedGemma 1.0-27B,ollama,medgemma:27b,10675631000119109,retrieval_failure
Asthma,chain_of_thought,2,MedGemma 1.0-27B,ollama,medgemma:27b,10676151000119101,generation_failure
Asthma,chain_of_thought,2,MedGemma 1.0-27B,ollama,medgemma:27b,10676591000119100,retrieval_failure
Asthma,chain_of_thought,2,MedGemma 1.0-27B,ollama,medgemma:27b,707981009,retrieval_failure
Asthma,chain_of_thought,2,MedGemma 1.0-27B,ollama,medgemma:27b,786836003,generation_failure
Asthma,chain_of_thought,2,MedGemma 1.0-27B,ollama,medgemma:27b,10676431000119103,retrieval_failure
Asthma,chain_of_thought,2,MedGemma 1.0-27B,ollama,medgemma:27b,707445000,generation_failure
Asthma,chain_of_thought,2,MedGemma 1.0-27B,ollama,medgemma:27b,10676271000119104,retrieval_failure
Asthma,chain_of_thought,2,MedGemma 1.0-27B,ollama,medgemma:27b,10676031000119106,generation_failure
Asthma,chain_of_thought,2,MedGemma 1.0-27B,ollama,medgemma:27b,85761009,retrieval_failure
Asthma,chain_of_thought,2,MedGemma 1.0-27B,ollama,medgemma:27b,11944003,retrieval_failure
Asthma,chain_of_thought,2,MedGemma 1.0-27B,ollama,medgemma:27b,10676631000119100,retrieval_failure
Asthma,chain_of_thought,2,MedGemma 1.0-27B,ollama,medgemma:27b,424199006,generation_failure
Asthma,chain_of_thought,2,MedGemma 1.0-27B,ollama,medgemma:27b,10676231000119102,retrieval_failure
Asthma,chain_of_thought,2,MedGemma 1.0-27B,ollama,medgemma:27b,195949008,generation_failure
Asthma,chain_of_thought,2,MedGemma 1.0-27B,ollama,medgemma:27b,708095007,retrieval_failure
Asthma,chain_of_thought,2,MedGemma 1.0-27B,ollama,medgemma:27b,135181000119109,generation_failure
Asthma,chain_of_thought,2,MedGemma 1.0-27B,ollama,medgemma:27b,233683003,generation_failure
Asthma,chain_of_thought,2,MedGemma 1.0-27B,ollama,medgemma:27b,10675431000119106,generation_failure
Asthma,chain_of_thought,2,MedGemma 1.0-27B,ollama,medgemma:27b,10676351000119103,generation_failure
Asthma,chain_of_thought,2,MedGemma 1.0-27B,ollama,medgemma:27b,10676071000119109,generation_failure
Asthma,chain_of_thought,2,MedGemma 1.0-27B,ollama,medgemma:27b,707979007,retrieval_failure
Asthma,chain_of_thought,2,MedGemma 1.0-27B,ollama,medgemma:27b,734904007,retrieval_failure
Asthma,chain_of_thought,2,MedGemma 1.0-27B,ollama,medgemma:27b,124991000119109,retrieval_failure
Asthma,chain_of_thought,2,MedGemma 1.0-27B,ollama,medgemma:27b,641000119106,generation_failure
Asthma,chain_of_thought,2,MedGemma 1.0-27B,ollama,medgemma:27b,370219009,generation_failure
Asthma,chain_of_thought,2,MedGemma 1.0-27B,ollama,medgemma:27b,233672007,retrieval_failure
Asthma,chain_of_thought,2,MedGemma 1.0-27B,ollama,medgemma:27b,10675551000119104,retrieval_failure
Asthma,chain_of_thought,2,MedGemma 1.0-27B,ollama,medgemma:27b,312453004,generation_failure
Asthma,chain_of_thought,2,MedGemma 1.0-27B,ollama,medgemma:27b,10692761000119107,retrieval_failure
Asthma,chain_of_thought,2,MedGemma 1.0-27B,ollama,medgemma:27b,10675911000119109,retrieval_failure
Asthma,chain_of_thought,2,MedGemma 1.0-27B,ollama,medgemma:27b,762521001,generation_failure
Asthma,chain_of_thought,2,MedGemma 1.0-27B,ollama,medgemma:27b,10676191000119106,generation_failure
Asthma,chain_of_thought,2,MedGemma 1.0-27B,ollama,medgemma:27b,10675391000119101,generation_failure
Asthma,chain_of_thought,2,MedGemma 1.0-27B,ollama,medgemma:27b,1103911000000103,retrieval_failure
Asthma,chain_of_thought,2,MedGemma 1.0-27B,ollama,medgemma:27b,125001000119103,retrieval_failure
Asthma,chain_of_thought,2,MedGemma 1.0-27B,ollama,medgemma:27b,418395004,generation_failure
Asthma,chain_of_thought,2,MedGemma 1.0-27B,ollama,medgemma:27b,708090002,generation_failure
Asthma,chain_of_thought,2,MedGemma 1.0-27B,ollama,medgemma:27b,10674791000119101,retrieval_failure
Asthma,chain_of_thought,2,MedGemma 1.0-27B,ollama,medgemma:27b,10674991000119104,generation_failure
Asthma,chain_of_thought,2,MedGemma 1.0-27B,ollama,medgemma:27b,195967001,retrieval_failure
Asthma,chain_of_thought,2,MedGemma 1.0-27B,ollama,medgemma:27b,1064821000000109,retrieval_failure
Asthma,chain_of_thought,2,MedGemma 1.0-27B,ollama,medgemma:27b,707513007,generation_failure
Asthma,chain_of_thought,2,MedGemma 1.0-27B,ollama,medgemma:27b,10675591000119109,retrieval_failure
Asthma,chain_of_thought,2,MedGemma 1.0-27B,ollama,medgemma:27b,734905008,generation_failure
Asthma,chain_of_thought,2,MedGemma 1.0-27B,ollama,medgemma:27b,405944004,generation_failure
Asthma,chain_of_thought,2,MedGemma 1.0-27B,ollama,medgemma:27b,707444001,generation_failure
Asthma,chain_of_thought,2,MedGemma 1.0-27B,ollama,medgemma:27b,10675671000119107,retrieval_failure
Asthma,chain_of_thought,2,MedGemma 1.0-27B,ollama,medgemma:27b,233691007,retrieval_failure
Asthma,chain_of_thought,2,MedGemma 1.0-27B,ollama,medgemma:27b,2360001000004109,generation_failure
Asthma,chain_of_thought,2,MedGemma 1.0-27B,ollama,medgemma:27b,10675991000119100,retrieval_failure
Asthma,chain_of_thought,2,MedGemma 1.0-27B,ollama,medgemma:27b,10742121000119104,generation_failure
Asthma,chain_of_thought,2,MedGemma 1.0-27B,ollama,medgemma:27b,10676511000119109,retrieval_failure
Asthma,chain_of_thought,2,MedGemma 1.0-27B,ollama,medgemma:27b,233679003,generation_failure
Asthma,chain_of_thought,2,MedGemma 1.0-27B,ollama,medgemma:27b,16584951000119101,generation_failure
Asthma,chain_of_thought,2,MedGemma 1.0-27B,ollama,medgemma:27b,10675711000119106,retrieval_failure
Asthma,chain_of_thought,2,MedGemma 1.0-27B,ollama,medgemma:27b,125021000119107,retrieval_failure
Asthma,chain_of_thought,2,MedGemma 1.0-27B,ollama,medgemma:27b,708096008,generation_failure
Asthma,chain_of_thought,2,MedGemma 1.0-27B,ollama,medgemma:27b,10676551000119105,retrieval_failure
Asthma,chain_of_thought,2,MedGemma 1.0-27B,ollama,medgemma:27b,10692721000119102,generation_failure
Asthma,chain_of_thought,2,MedGemma 1.0-27B,ollama,medgemma:27b,409663006,generation_failure
Asthma,chain_of_thought,2,MedGemma 1.0-27B,ollama,medgemma:27b,445427006,generation_failure
Asthma,chain_of_thought,2,MedGemma 1.0-27B,ollama,medgemma:27b,18041002,generation_failure
Atrial Fibrillation,zero_shot,1,MedGemma 1.0-27B,ollama,medgemma:27b,1010405004,generation_failure
Atrial Fibrillation,zero_shot,1,MedGemma 1.0-27B,ollama,medgemma:27b,233910005,generation_failure
Atrial Fibrillation,zero_shot,1,MedGemma 1.0-27B,ollama,medgemma:27b,489609371000119104,generation_failure
Atrial Fibrillation,zero_shot,1,MedGemma 1.0-27B,ollama,medgemma:27b,715395008,generation_failure
Atrial Fibrillation,zero_shot,1,MedGemma 1.0-27B,ollama,medgemma:27b,706923002,generation_failure
Atrial Fibrillation,zero_shot,1,MedGemma 1.0-27B,ollama,medgemma:27b,440028005,generation_failure
Atrial Fibrillation,zero_shot,1,MedGemma 1.0-27B,ollama,medgemma:27b,427665004,generation_failure
Atrial Fibrillation,zero_shot,1,MedGemma 1.0-27B,ollama,medgemma:27b,313377641000119105,generation_failure
Atrial Fibrillation,zero_shot,1,MedGemma 1.0-27B,ollama,medgemma:27b,15964901000119107,generation_failure
Atrial Fibrillation,zero_shot,1,MedGemma 1.0-27B,ollama,medgemma:27b,720448006,generation_failure
Atrial Fibrillation,zero_shot,1,MedGemma 1.0-27B,ollama,medgemma:27b,425615007,generation_failure
Atrial Fibrillation,zero_shot,1,MedGemma 1.0-27B,ollama,medgemma:27b,5370000,generation_failure
Atrial Fibrillation,zero_shot,2,MedGemma 1.0-27B,ollama,medgemma:27b,1010405004,generation_failure
Atrial Fibrillation,zero_shot,2,MedGemma 1.0-27B,ollama,medgemma:27b,233910005,generation_failure
Atrial Fibrillation,zero_shot,2,MedGemma 1.0-27B,ollama,medgemma:27b,489609371000119104,generation_failure
Atrial Fibrillation,zero_shot,2,MedGemma 1.0-27B,ollama,medgemma:27b,715395008,generation_failure
Atrial Fibrillation,zero_shot,2,MedGemma 1.0-27B,ollama,medgemma:27b,233911009,generation_failure
Atrial Fibrillation,zero_shot,2,MedGemma 1.0-27B,ollama,medgemma:27b,120041000119109,generation_failure
Atrial Fibrillation,zero_shot,2,MedGemma 1.0-27B,ollama,medgemma:27b,427665004,generation_failure
Atrial Fibrillation,zero_shot,2,MedGemma 1.0-27B,ollama,medgemma:27b,425615007,generation_failure
Atrial Fibrillation,zero_shot,2,MedGemma 1.0-27B,ollama,medgemma:27b,313377641000119105,generation_failure
Atrial Fibrillation,zero_shot,2,MedGemma 1.0-27B,ollama,medgemma:27b,15964901000119107,generation_failure
Atrial Fibrillation,zero_shot,2,MedGemma 1.0-27B,ollama,medgemma:27b,720448006,generation_failure
Atrial Fibrillation,zero_shot,2,MedGemma 1.0-27B,ollama,medgemma:27b,467643831000119105,generation_failure
Atrial Fibrillation,zero_shot,2,MedGemma 1.0-27B,ollama,medgemma:27b,280797561000119107,generation_failure
Atrial Fibrillation,zero_shot,2,MedGemma 1.0-27B,ollama,medgemma:27b,706923002,generation_failure
Atrial Fibrillation,zero_shot,3,MedGemma 1.0-27B,ollama,medgemma:27b,1010405004,generation_failure
Atrial Fibrillation,zero_shot,3,MedGemma 1.0-27B,ollama,medgemma:27b,762247006,generation_failure
Atrial Fibrillation,zero_shot,3,MedGemma 1.0-27B,ollama,medgemma:27b,489609371000119104,generation_failure
Atrial Fibrillation,zero_shot,3,MedGemma 1.0-27B,ollama,medgemma:27b,715395008,generation_failure
Atrial Fibrillation,zero_shot,3,MedGemma 1.0-27B,ollama,medgemma:27b,706923002,generation_failure
Atrial Fibrillation,zero_shot,3,MedGemma 1.0-27B,ollama,medgemma:27b,427665004,generation_failure
Atrial Fibrillation,zero_shot,3,MedGemma 1.0-27B,ollama,medgemma:27b,313377641000119105,generation_failure
Atrial Fibrillation,zero_shot,3,MedGemma 1.0-27B,ollama,medgemma:27b,15964901000119107,generation_failure
Atrial Fibrillation,zero_shot,3,MedGemma 1.0-27B,ollama,medgemma:27b,720448006,generation_failure
Atrial Fibrillation,zero_shot,3,MedGemma 1.0-27B,ollama,medgemma:27b,425615007,generation_failure
Atrial Fibrillation,zero_shot,3,MedGemma 1.0-27B,ollama,medgemma:27b,5370000,generation_failure
Atrial Fibrillation,few_shot,1,MedGemma 1.0-27B,ollama,medgemma:27b,1010405004,generation_failure
Atrial Fibrillation,few_shot,1,MedGemma 1.0-27B,ollama,medgemma:27b,282825002,generation_failure
Atrial Fibrillation,few_shot,1,MedGemma 1.0-27B,ollama,medgemma:27b,762247006,generation_failure
Atrial Fibrillation,few_shot,1,MedGemma 1.0-27B,ollama,medgemma:27b,489609371000119104,generation_failure
Atrial Fibrillation,few_shot,1,MedGemma 1.0-27B,ollama,medgemma:27b,715395008,generation_failure
Atrial Fibrillation,few_shot,1,MedGemma 1.0-27B,ollama,medgemma:27b,233911009,generation_failure
Atrial Fibrillation,few_shot,1,MedGemma 1.0-27B,ollama,medgemma:27b,120041000119109,generation_failure
Atrial Fibrillation,few_shot,1,MedGemma 1.0-27B,ollama,medgemma:27b,427665004,generation_failure
Atrial Fibrillation,few_shot,1,MedGemma 1.0-27B,ollama,medgemma:27b,313377641000119105,generation_failure
Atrial Fibrillation,few_shot,1,MedGemma 1.0-27B,ollama,medgemma:27b,15964901000119107,generation_failure
Atrial Fibrillation,few_shot,1,MedGemma 1.0-27B,ollama,medgemma:27b,720448006,generation_failure
Atrial Fibrillation,few_shot,1,MedGemma 1.0-27B,ollama,medgemma:27b,280797561000119107,generation_failure
Atrial Fibrillation,few_shot,1,MedGemma 1.0-27B,ollama,medgemma:27b,706923002,generation_failure
Atrial Fibrillation,few_shot,2,MedGemma 1.0-27B,ollama,medgemma:27b,762247006,generation_failure
Atrial Fibrillation,few_shot,2,MedGemma 1.0-27B,ollama,medgemma:27b,489609371000119104,generation_failure
Atrial Fibrillation,few_shot,2,MedGemma 1.0-27B,ollama,medgemma:27b,715395008,generation_failure
Atrial Fibrillation,few_shot,2,MedGemma 1.0-27B,ollama,medgemma:27b,120041000119109,generation_failure
Atrial Fibrillation,few_shot,2,MedGemma 1.0-27B,ollama,medgemma:27b,427665004,generation_failure
Atrial Fibrillation,few_shot,2,MedGemma 1.0-27B,ollama,medgemma:27b,425615007,generation_failure
Atrial Fibrillation,few_shot,2,MedGemma 1.0-27B,ollama,medgemma:27b,313377641000119105,generation_failure
Atrial Fibrillation,few_shot,2,MedGemma 1.0-27B,ollama,medgemma:27b,15964901000119107,generation_failure
Atrial Fibrillation,few_shot,2,MedGemma 1.0-27B,ollama,medgemma:27b,720448006,generation_failure
Atrial Fibrillation,few_shot,2,MedGemma 1.0-27B,ollama,medgemma:27b,280797561000119107,generation_failure
Atrial Fibrillation,few_shot,2,MedGemma 1.0-27B,ollama,medgemma:27b,706923002,generation_failure
Atrial Fibrillation,few_shot,3,MedGemma 1.0-27B,ollama,medgemma:27b,1010405004,generation_failure
Atrial Fibrillation,few_shot,3,MedGemma 1.0-27B,ollama,medgemma:27b,762247006,generation_failure
Atrial Fibrillation,few_shot,3,MedGemma 1.0-27B,ollama,medgemma:27b,489609371000119104,generation_failure
Atrial Fibrillation,few_shot,3,MedGemma 1.0-27B,ollama,medgemma:27b,715395008,generation_failure
Atrial Fibrillation,few_shot,3,MedGemma 1.0-27B,ollama,medgemma:27b,233911009,generation_failure
Atrial Fibrillation,few_shot,3,MedGemma 1.0-27B,ollama,medgemma:27b,120041000119109,generation_failure
Atrial Fibrillation,few_shot,3,MedGemma 1.0-27B,ollama,medgemma:27b,427665004,generation_failure
Atrial Fibrillation,few_shot,3,MedGemma 1.0-27B,ollama,medgemma:27b,5370000,generation_failure
Atrial Fibrillation,few_shot,3,MedGemma 1.0-27B,ollama,medgemma:27b,313377641000119105,generation_failure
Atrial Fibrillation,few_shot,3,MedGemma 1.0-27B,ollama,medgemma:27b,15964901000119107,generation_failure
Atrial Fibrillation,few_shot,3,MedGemma 1.0-27B,ollama,medgemma:27b,720448006,generation_failure
Atrial Fibrillation,few_shot,3,MedGemma 1.0-27B,ollama,medgemma:27b,425615007,generation_failure
Atrial Fibrillation,few_shot,3,MedGemma 1.0-27B,ollama,medgemma:27b,706923002,generation_failure
Atrial Fibrillation,chain_of_thought,1,MedGemma 1.0-27B,ollama,medgemma:27b,1010405004,generation_failure
Atrial Fibrillation,chain_of_thought,1,MedGemma 1.0-27B,ollama,medgemma:27b,489609371000119104,generation_failure
Atrial Fibrillation,chain_of_thought,1,MedGemma 1.0-27B,ollama,medgemma:27b,715395008,generation_failure
Atrial Fibrillation,chain_of_thought,1,MedGemma 1.0-27B,ollama,medgemma:27b,427665004,generation_failure
Atrial Fibrillation,chain_of_thought,1,MedGemma 1.0-27B,ollama,medgemma:27b,425615007,generation_failure
Atrial Fibrillation,chain_of_thought,1,MedGemma 1.0-27B,ollama,medgemma:27b,720448006,generation_failure
Atrial Fibrillation,chain_of_thought,1,MedGemma 1.0-27B,ollama,medgemma:27b,467643831000119105,generation_failure
Atrial Fibrillation,chain_of_thought,1,MedGemma 1.0-27B,ollama,medgemma:27b,280797561000119107,generation_failure
Atrial Fibrillation,chain_of_thought,1,MedGemma 1.0-27B,ollama,medgemma:27b,15964901000119107,generation_failure
Atrial Fibrillation,chain_of_thought,2,MedGemma 1.0-27B,ollama,medgemma:27b,1010405004,generation_failure
Atrial Fibrillation,chain_of_thought,2,MedGemma 1.0-27B,ollama,medgemma:27b,233910005,generation_failure
Atrial Fibrillation,chain_of_thought,2,MedGemma 1.0-27B,ollama,medgemma:27b,762247006,generation_failure
Atrial Fibrillation,chain_of_thought,2,MedGemma 1.0-27B,ollama,medgemma:27b,489609371000119104,generation_failure
Atrial Fibrillation,chain_of_thought,2,MedGemma 1.0-27B,ollama,medgemma:27b,120041000119109,generation_failure
Atrial Fibrillation,chain_of_thought,2,MedGemma 1.0-27B,ollama,medgemma:27b,427665004,generation_failure
Atrial Fibrillation,chain_of_thought,2,MedGemma 1.0-27B,ollama,medgemma:27b,313377641000119105,generation_failure
Atrial Fibrillation,chain_of_thought,2,MedGemma 1.0-27B,ollama,medgemma:27b,15964901000119107,generation_failure
Atrial Fibrillation,chain_of_thought,2,MedGemma 1.0-27B,ollama,medgemma:27b,720448006,generation_failure
Atrial Fibrillation,chain_of_thought,2,MedGemma 1.0-27B,ollama,medgemma:27b,467643831000119105,generation_failure
Atrial Fibrillation,chain_of_thought,2,MedGemma 1.0-27B,ollama,medgemma:27b,425615007,generation_failure
Atrial Fibrillation,chain_of_thought,2,MedGemma 1.0-27B,ollama,medgemma:27b,706923002,generation_failure
Atrial Fibrillation,chain_of_thought,3,MedGemma 1.0-27B,ollama,medgemma:27b,1010405004,generation_failure
Atrial Fibrillation,chain_of_thought,3,MedGemma 1.0-27B,ollama,medgemma:27b,282825002,generation_failure
Atrial Fibrillation,chain_of_thought,3,MedGemma 1.0-27B,ollama,medgemma:27b,762247006,generation_failure
Atrial Fibrillation,chain_of_thought,3,MedGemma 1.0-27B,ollama,medgemma:27b,489609371000119104,generation_failure
Atrial Fibrillation,chain_of_thought,3,MedGemma 1.0-27B,ollama,medgemma:27b,715395008,generation_failure
Atrial Fibrillation,chain_of_thought,3,MedGemma 1.0-27B,ollama,medgemma:27b,233911009,generation_failure
Atrial Fibrillation,chain_of_thought,3,MedGemma 1.0-27B,ollama,medgemma:27b,120041000119109,generation_failure
Atrial Fibrillation,chain_of_thought,3,MedGemma 1.0-27B,ollama,medgemma:27b,427665004,generation_failure
Atrial Fibrillation,chain_of_thought,3,MedGemma 1.0-27B,ollama,medgemma:27b,425615007,generation_failure
Atrial Fibrillation,chain_of_thought,3,MedGemma 1.0-27B,ollama,medgemma:27b,313377641000119105,generation_failure
Atrial Fibrillation,chain_of_thought,3,MedGemma 1.0-27B,ollama,medgemma:27b,720448006,generation_failure
Atrial Fibrillation,chain_of_thought,3,MedGemma 1.0-27B,ollama,medgemma:27b,467643831000119105,generation_failure
Atrial Fibrillation,chain_of_thought,3,MedGemma 1.0-27B,ollama,medgemma:27b,280797561000119107,generation_failure
Atrial Fibrillation,chain_of_thought,3,MedGemma 1.0-27B,ollama,medgemma:27b,706923002,generation_failure
Hypothyroidism,zero_shot,1,MedGemma 1.0-27B,ollama,medgemma:27b,190268003,generation_failure
Hypothyroidism,zero_shot,1,MedGemma 1.0-27B,ollama,medgemma:27b,1179404005,generation_failure
Hypothyroidism,zero_shot,1,MedGemma 1.0-27B,ollama,medgemma:27b,1179399008,generation_failure
Hypothyroidism,zero_shot,1,MedGemma 1.0-27B,ollama,medgemma:27b,722940002,generation_failure
Hypothyroidism,zero_shot,1,MedGemma 1.0-27B,ollama,medgemma:27b,43153006,retrieval_failure
Hypothyroidism,zero_shot,1,MedGemma 1.0-27B,ollama,medgemma:27b,237555006,generation_failure
Hypothyroidism,zero_shot,1,MedGemma 1.0-27B,ollama,medgemma:27b,698577000,generation_failure
Hypothyroidism,zero_shot,1,MedGemma 1.0-27B,ollama,medgemma:27b,276630006,retrieval_failure
Hypothyroidism,zero_shot,1,MedGemma 1.0-27B,ollama,medgemma:27b,237521008,generation_failure
Hypothyroidism,zero_shot,1,MedGemma 1.0-27B,ollama,medgemma:27b,42277004,retrieval_failure
Hypothyroidism,zero_shot,1,MedGemma 1.0-27B,ollama,medgemma:27b,237565000,retrieval_failure
Hypothyroidism,zero_shot,1,MedGemma 1.0-27B,ollama,medgemma:27b,237520009,generation_failure
Hypothyroidism,zero_shot,1,MedGemma 1.0-27B,ollama,medgemma:27b,360348000,retrieval_failure
Hypothyroidism,zero_shot,1,MedGemma 1.0-27B,ollama,medgemma:27b,10718002,retrieval_failure
Hypothyroidism,zero_shot,1,MedGemma 1.0-27B,ollama,medgemma:27b,1179385009,generation_failure
Hypothyroidism,zero_shot,1,MedGemma 1.0-27B,ollama,medgemma:27b,237525004,retrieval_failure
Hypothyroidism,zero_shot,1,MedGemma 1.0-27B,ollama,medgemma:27b,52724003,retrieval_failure
Hypothyroidism,zero_shot,1,MedGemma 1.0-27B,ollama,medgemma:27b,428165003,generation_failure
Hypothyroidism,zero_shot,1,MedGemma 1.0-27B,ollama,medgemma:27b,1179395002,generation_failure
Hypothyroidism,zero_shot,1,MedGemma 1.0-27B,ollama,medgemma:27b,1179401002,generation_failure
Hypothyroidism,zero_shot,1,MedGemma 1.0-27B,ollama,medgemma:27b,718194004,generation_failure
Hypothyroidism,zero_shot,1,MedGemma 1.0-27B,ollama,medgemma:27b,63127008,retrieval_failure
Hypothyroidism,zero_shot,1,MedGemma 1.0-27B,ollama,medgemma:27b,111308000,retrieval_failure
Hypothyroidism,zero_shot,1,MedGemma 1.0-27B,ollama,medgemma:27b,56041007,generation_failure
Hypothyroidism,zero_shot,1,MedGemma 1.0-27B,ollama,medgemma:27b,75065003,retrieval_failure
Hypothyroidism,zero_shot,1,MedGemma 1.0-27B,ollama,medgemma:27b,715734006,retrieval_failure
Hypothyroidism,zero_shot,1,MedGemma 1.0-27B,ollama,medgemma:27b,43507005,retrieval_failure
Hypothyroidism,zero_shot,1,MedGemma 1.0-27B,ollama,medgemma:27b,237559000,retrieval_failure
Hypothyroidism,zero_shot,1,MedGemma 1.0-27B,ollama,medgemma:27b,237516005,retrieval_failure
Hypothyroidism,zero_shot,1,MedGemma 1.0-27B,ollama,medgemma:27b,1281843005,retrieval_failure
Hypothyroidism,zero_shot,1,MedGemma 1.0-27B,ollama,medgemma:27b,8868001,retrieval_failure
Hypothyroidism,zero_shot,1,MedGemma 1.0-27B,ollama,medgemma:27b,237566004,retrieval_failure
Hypothyroidism,zero_shot,1,MedGemma 1.0-27B,ollama,medgemma:27b,405630007,generation_failure
Hypothyroidism,zero_shot,1,MedGemma 1.0-27B,ollama,medgemma:27b,717333002,generation_failure
Hypothyroidism,zero_shot,1,MedGemma 1.0-27B,ollama,medgemma:27b,10809101000119109,generation_failure
Hypothyroidism,zero_shot,1,MedGemma 1.0-27B,ollama,medgemma:27b,3716002,retrieval_failure
Hypothyroidism,zero_shot,1,MedGemma 1.0-27B,ollama,medgemma:27b,74728003,retrieval_failure
Hypothyroidism,zero_shot,1,MedGemma 1.0-27B,ollama,medgemma:27b,206457007,generation_failure
Hypothyroidism,zero_shot,1,MedGemma 1.0-27B,ollama,medgemma:27b,92978002,retrieval_failure
Hypothyroidism,zero_shot,1,MedGemma 1.0-27B,ollama,medgemma:27b,93359004,retrieval_failure
Hypothyroidism,zero_shot,1,MedGemma 1.0-27B,ollama,medgemma:27b,215677009,generation_failure
Hypothyroidism,zero_shot,1,MedGemma 1.0-27B,ollama,medgemma:27b,50375007,retrieval_failure
Hypothyroidism,zero_shot,1,MedGemma 1.0-27B,ollama,medgemma:27b,22558005,retrieval_failure
Hypothyroidism,zero_shot,1,MedGemma 1.0-27B,ollama,medgemma:27b,10753681000119101,generation_failure
Hypothyroidism,zero_shot,1,MedGemma 1.0-27B,ollama,medgemma:27b,237560005,retrieval_failure
Hypothyroidism,zero_shot,1,MedGemma 1.0-27B,ollama,medgemma:27b,237567008,generation_failure
Hypothyroidism,zero_shot,1,MedGemma 1.0-27B,ollama,medgemma:27b,60733007,generation_failure
Hypothyroidism,zero_shot,1,MedGemma 1.0-27B,ollama,medgemma:27b,21263006,retrieval_failure
Hypothyroidism,zero_shot,1,MedGemma 1.0-27B,ollama,medgemma:27b,1179382007,generation_failure
Hypothyroidism,zero_shot,1,MedGemma 1.0-27B,ollama,medgemma:27b,718183003,retrieval_failure
Hypothyroidism,zero_shot,1,MedGemma 1.0-27B,ollama,medgemma:27b,725462002,retrieval_failure
Hypothyroidism,zero_shot,1,MedGemma 1.0-27B,ollama,medgemma:27b,237515009,generation_failure
Hypothyroidism,zero_shot,1,MedGemma 1.0-27B,ollama,medgemma:27b,1137378008,generation_failure
Hypothyroidism,zero_shot,1,MedGemma 1.0-27B,ollama,medgemma:27b,237554005,retrieval_failure
Hypothyroidism,zero_shot,1,MedGemma 1.0-27B,ollama,medgemma:27b,1230272009,generation_failure
Hypothyroidism,zero_shot,1,MedGemma 1.0-27B,ollama,medgemma:27b,55838005,generation_failure
Hypothyroidism,zero_shot,1,MedGemma 1.0-27B,ollama,medgemma:27b,190309006,retrieval_failure
Hypothyroidism,zero_shot,1,MedGemma 1.0-27B,ollama,medgemma:27b,716338001,generation_failure
Hypothyroidism,zero_shot,1,MedGemma 1.0-27B,ollama,medgemma:27b,722051004,retrieval_failure
Hypothyroidism,zero_shot,1,MedGemma 1.0-27B,ollama,medgemma:27b,39444001,generation_failure
Hypothyroidism,zero_shot,1,MedGemma 1.0-27B,ollama,medgemma:27b,278503003,retrieval_failure
Hypothyroidism,zero_shot,1,MedGemma 1.0-27B,ollama,medgemma:27b,1179394003,generation_failure
Hypothyroidism,zero_shot,1,MedGemma 1.0-27B,ollama,medgemma:27b,216693007,generation_failure
Hypothyroidism,zero_shot,1,MedGemma 1.0-27B,ollama,medgemma:27b,190304001,retrieval_failure
Hypothyroidism,zero_shot,1,MedGemma 1.0-27B,ollama,medgemma:27b,17885001,retrieval_failure
Hypothyroidism,zero_shot,1,MedGemma 1.0-27B,ollama,medgemma:27b,64491003,retrieval_failure
Hypothyroidism,zero_shot,1,MedGemma 1.0-27B,ollama,medgemma:27b,49830003,generation_failure
Hypothyroidism,zero_shot,1,MedGemma 1.0-27B,ollama,medgemma:27b,1264402008,generation_failure
Hypothyroidism,zero_shot,1,MedGemma 1.0-27B,ollama,medgemma:27b,1179392004,generation_failure
Hypothyroidism,zero_shot,1,MedGemma 1.0-27B,ollama,medgemma:27b,70348004,retrieval_failure
Hypothyroidism,zero_shot,1,MedGemma 1.0-27B,ollama,medgemma:27b,722938007,generation_failure
Hypothyroidism,zero_shot,1,MedGemma 1.0-27B,ollama,medgemma:27b,1179397005,generation_failure
Hypothyroidism,zero_shot,1,MedGemma 1.0-27B,ollama,medgemma:27b,440092001,retrieval_failure
Hypothyroidism,zero_shot,1,MedGemma 1.0-27B,ollama,medgemma:27b,190279008,generation_failure
Hypothyroidism,zero_shot,1,MedGemma 1.0-27B,ollama,medgemma:27b,237517001,retrieval_failure
Hypothyroidism,zero_shot,1,MedGemma 1.0-27B,ollama,medgemma:27b,718193005,retrieval_failure
Hypothyroidism,zero_shot,1,MedGemma 1.0-27B,ollama,medgemma:27b,1179396001,generation_failure
Hypothyroidism,zero_shot,1,MedGemma 1.0-27B,ollama,medgemma:27b,237526003,retrieval_failure
Hypothyroidism,zero_shot,1,MedGemma 1.0-27B,ollama,medgemma:27b,190284002,generation_failure
Hypothyroidism,zero_shot,1,MedGemma 1.0-27B,ollama,medgemma:27b,190282003,generation_failure
Hypothyroidism,zero_shot,1,MedGemma 1.0-27B,ollama,medgemma:27b,40539002,generation_failure
Hypothyroidism,zero_shot,1,MedGemma 1.0-27B,ollama,medgemma:27b,26692000,generation_failure
Hypothyroidism,zero_shot,1,MedGemma 1.0-27B,ollama,medgemma:27b,237528002,generation_failure
Hypothyroidism,zero_shot,1,MedGemma 1.0-27B,ollama,medgemma:27b,276566003,generation_failure
Hypothyroidism,zero_shot,1,MedGemma 1.0-27B,ollama,medgemma:27b,237518006,generation_failure
Hypothyroidism,zero_shot,1,MedGemma 1.0-27B,ollama,medgemma:27b,763890006,retrieval_failure
Hypothyroidism,zero_shot,1,MedGemma 1.0-27B,ollama,medgemma:27b,771510006,retrieval_failure
Hypothyroidism,zero_shot,1,MedGemma 1.0-27B,ollama,medgemma:27b,4641009,retrieval_failure
Hypothyroidism,zero_shot,1,MedGemma 1.0-27B,ollama,medgemma:27b,102871000119101,generation_failure
Hypothyroidism,zero_shot,1,MedGemma 1.0-27B,ollama,medgemma:27b,286910004,generation_failure
Hypothyroidism,zero_shot,1,MedGemma 1.0-27B,ollama,medgemma:27b,1179384008,generation_failure
Hypothyroidism,zero_shot,1,MedGemma 1.0-27B,ollama,medgemma:27b,14779006,generation_failure
Hypothyroidism,zero_shot,1,MedGemma 1.0-27B,ollama,medgemma:27b,30229009,generation_failure
Hypothyroidism,zero_shot,1,MedGemma 1.0-27B,ollama,medgemma:27b,717334008,generation_failure
Hypothyroidism,zero_shot,1,MedGemma 1.0-27B,ollama,medgemma:27b,1260240000,retrieval_failure
Hypothyroidism,zero_shot,1,MedGemma 1.0-27B,ollama,medgemma:27b,27059002,generation_failure
Hypothyroidism,zero_shot,1,MedGemma 1.0-27B,ollama,medgemma:27b,217710005,retrieval_failure
Hypothyroidism,zero_shot,1,MedGemma 1.0-27B,ollama,medgemma:27b,1179400001,generation_failure
Hypothyroidism,zero_shot,1,MedGemma 1.0-27B,ollama,medgemma:27b,190283008,generation_failure
Hypothyroidism,zero_shot,1,MedGemma 1.0-27B,ollama,medgemma:27b,89261000,retrieval_failure
Hypothyroidism,zero_shot,1,MedGemma 1.0-27B,ollama,medgemma:27b,237695004,retrieval_failure
Hypothyroidism,zero_shot,1,MedGemma 1.0-27B,ollama,medgemma:27b,70225006,generation_failure
Hypothyroidism,zero_shot,1,MedGemma 1.0-27B,ollama,medgemma:27b,722375007,retrieval_failure
Hypothyroidism,zero_shot,1,MedGemma 1.0-27B,ollama,medgemma:27b,42785009,generation_failure
Hypothyroidism,zero_shot,1,MedGemma 1.0-27B,ollama,medgemma:27b,84781002,retrieval_failure
Hypothyroidism,zero_shot,1,MedGemma 1.0-27B,ollama,medgemma:27b,23536000,retrieval_failure
Hypothyroidism,zero_shot,1,MedGemma 1.0-27B,ollama,medgemma:27b,237562002,retrieval_failure
Hypothyroidism,zero_shot,1,MedGemma 1.0-27B,ollama,medgemma:27b,18621008,retrieval_failure
Hypothyroidism,zero_shot,2,MedGemma 1.0-27B,ollama,medgemma:27b,190277005,generation_failure
Hypothyroidism,zero_shot,2,MedGemma 1.0-27B,ollama,medgemma:27b,1179404005,generation_failure
Hypothyroidism,zero_shot,2,MedGemma 1.0-27B,ollama,medgemma:27b,1179399008,generation_failure
Hypothyroidism,zero_shot,2,MedGemma 1.0-27B,ollama,medgemma:27b,722940002,generation_failure
Hypothyroidism,zero_shot,2,MedGemma 1.0-27B,ollama,medgemma:27b,43153006,retrieval_failure
Hypothyroidism,zero_shot,2,MedGemma 1.0-27B,ollama,medgemma:27b,237555006,generation_failure
Hypothyroidism,zero_shot,2,MedGemma 1.0-27B,ollama,medgemma:27b,698577000,generation_failure
Hypothyroidism,zero_shot,2,MedGemma 1.0-27B,ollama,medgemma:27b,276630006,retrieval_failure
Hypothyroidism,zero_shot,2,MedGemma 1.0-27B,ollama,medgemma:27b,237521008,generation_failure
Hypothyroidism,zero_shot,2,MedGemma 1.0-27B,ollama,medgemma:27b,42277004,retrieval_failure
Hypothyroidism,zero_shot,2,MedGemma 1.0-27B,ollama,medgemma:27b,237565000,retrieval_failure
Hypothyroidism,zero_shot,2,MedGemma 1.0-27B,ollama,medgemma:27b,237520009,generation_failure
Hypothyroidism,zero_shot,2,MedGemma 1.0-27B,ollama,medgemma:27b,1179381000,generation_failure
Hypothyroidism,zero_shot,2,MedGemma 1.0-27B,ollama,medgemma:27b,360348000,retrieval_failure
Hypothyroidism,zero_shot,2,MedGemma 1.0-27B,ollama,medgemma:27b,10718002,retrieval_failure
Hypothyroidism,zero_shot,2,MedGemma 1.0-27B,ollama,medgemma:27b,1179385009,generation_failure
Hypothyroidism,zero_shot,2,MedGemma 1.0-27B,ollama,medgemma:27b,237525004,retrieval_failure
Hypothyroidism,zero_shot,2,MedGemma 1.0-27B,ollama,medgemma:27b,52724003,retrieval_failure
Hypothyroidism,zero_shot,2,MedGemma 1.0-27B,ollama,medgemma:27b,1179395002,generation_failure
Hypothyroidism,zero_shot,2,MedGemma 1.0-27B,ollama,medgemma:27b,1179401002,generation_failure
Hypothyroidism,zero_shot,2,MedGemma 1.0-27B,ollama,medgemma:27b,718194004,generation_failure
Hypothyroidism,zero_shot,2,MedGemma 1.0-27B,ollama,medgemma:27b,63127008,retrieval_failure
Hypothyroidism,zero_shot,2,MedGemma 1.0-27B,ollama,medgemma:27b,111308000,retrieval_failure
Hypothyroidism,zero_shot,2,MedGemma 1.0-27B,ollama,medgemma:27b,56041007,generation_failure
Hypothyroidism,zero_shot,2,MedGemma 1.0-27B,ollama,medgemma:27b,75065003,retrieval_failure
Hypothyroidism,zero_shot,2,MedGemma 1.0-27B,ollama,medgemma:27b,715734006,retrieval_failure
Hypothyroidism,zero_shot,2,MedGemma 1.0-27B,ollama,medgemma:27b,43507005,retrieval_failure
Hypothyroidism,zero_shot,2,MedGemma 1.0-27B,ollama,medgemma:27b,237559000,retrieval_failure
Hypothyroidism,zero_shot,2,MedGemma 1.0-27B,ollama,medgemma:27b,237516005,retrieval_failure
Hypothyroidism,zero_shot,2,MedGemma 1.0-27B,ollama,medgemma:27b,1281843005,retrieval_failure
Hypothyroidism,zero_shot,2,MedGemma 1.0-27B,ollama,medgemma:27b,8868001,retrieval_failure
Hypothyroidism,zero_shot,2,MedGemma 1.0-27B,ollama,medgemma:27b,237566004,retrieval_failure
Hypothyroidism,zero_shot,2,MedGemma 1.0-27B,ollama,medgemma:27b,405629002,generation_failure
Hypothyroidism,zero_shot,2,MedGemma 1.0-27B,ollama,medgemma:27b,405630007,generation_failure
Hypothyroidism,zero_shot,2,MedGemma 1.0-27B,ollama,medgemma:27b,237523006,generation_failure
Hypothyroidism,zero_shot,2,MedGemma 1.0-27B,ollama,medgemma:27b,367631000119105,generation_failure
Hypothyroidism,zero_shot,2,MedGemma 1.0-27B,ollama,medgemma:27b,10809101000119109,generation_failure
Hypothyroidism,zero_shot,2,MedGemma 1.0-27B,ollama,medgemma:27b,3716002,retrieval_failure
Hypothyroidism,zero_shot,2,MedGemma 1.0-27B,ollama,medgemma:27b,717333002,generation_failure
Hypothyroidism,zero_shot,2,MedGemma 1.0-27B,ollama,medgemma:27b,74728003,retrieval_failure
Hypothyroidism,zero_shot,2,MedGemma 1.0-27B,ollama,medgemma:27b,206457007,generation_failure
Hypothyroidism,zero_shot,2,MedGemma 1.0-27B,ollama,medgemma:27b,92978002,retrieval_failure
Hypothyroidism,zero_shot,2,MedGemma 1.0-27B,ollama,medgemma:27b,93359004,retrieval_failure
Hypothyroidism,zero_shot,2,MedGemma 1.0-27B,ollama,medgemma:27b,215677009,generation_failure
Hypothyroidism,zero_shot,2,MedGemma 1.0-27B,ollama,medgemma:27b,50375007,retrieval_failure
Hypothyroidism,zero_shot,2,MedGemma 1.0-27B,ollama,medgemma:27b,22558005,retrieval_failure
Hypothyroidism,zero_shot,2,MedGemma 1.0-27B,ollama,medgemma:27b,237560005,retrieval_failure
Hypothyroidism,zero_shot,2,MedGemma 1.0-27B,ollama,medgemma:27b,237567008,generation_failure
Hypothyroidism,zero_shot,2,MedGemma 1.0-27B,ollama,medgemma:27b,718690009,generation_failure
Hypothyroidism,zero_shot,2,MedGemma 1.0-27B,ollama,medgemma:27b,21263006,retrieval_failure
Hypothyroidism,zero_shot,2,MedGemma 1.0-27B,ollama,medgemma:27b,1179382007,generation_failure
Hypothyroidism,zero_shot,2,MedGemma 1.0-27B,ollama,medgemma:27b,718183003,retrieval_failure
Hypothyroidism,zero_shot,2,MedGemma 1.0-27B,ollama,medgemma:27b,725462002,retrieval_failure
Hypothyroidism,zero_shot,2,MedGemma 1.0-27B,ollama,medgemma:27b,237515009,generation_failure
Hypothyroidism,zero_shot,2,MedGemma 1.0-27B,ollama,medgemma:27b,1137378008,generation_failure
Hypothyroidism,zero_shot,2,MedGemma 1.0-27B,ollama,medgemma:27b,1179376009,generation_failure
Hypothyroidism,zero_shot,2,MedGemma 1.0-27B,ollama,medgemma:27b,237554005,retrieval_failure
Hypothyroidism,zero_shot,2,MedGemma 1.0-27B,ollama,medgemma:27b,1230272009,generation_failure
Hypothyroidism,zero_shot,2,MedGemma 1.0-27B,ollama,medgemma:27b,55838005,generation_failure
Hypothyroidism,zero_shot,2,MedGemma 1.0-27B,ollama,medgemma:27b,190309006,retrieval_failure
Hypothyroidism,zero_shot,2,MedGemma 1.0-27B,ollama,medgemma:27b,722051004,retrieval_failure
Hypothyroidism,zero_shot,2,MedGemma 1.0-27B,ollama,medgemma:27b,83664006,generation_failure
Hypothyroidism,zero_shot,2,MedGemma 1.0-27B,ollama,medgemma:27b,278503003,retrieval_failure
Hypothyroidism,zero_shot,2,MedGemma 1.0-27B,ollama,medgemma:27b,1179394003,generation_failure
Hypothyroidism,zero_shot,2,MedGemma 1.0-27B,ollama,medgemma:27b,216693007,generation_failure
Hypothyroidism,zero_shot,2,MedGemma 1.0-27B,ollama,medgemma:27b,190304001,retrieval_failure
Hypothyroidism,zero_shot,2,MedGemma 1.0-27B,ollama,medgemma:27b,17885001,retrieval_failure
Hypothyroidism,zero_shot,2,MedGemma 1.0-27B,ollama,medgemma:27b,64491003,retrieval_failure
Hypothyroidism,zero_shot,2,MedGemma 1.0-27B,ollama,medgemma:27b,1264402008,generation_failure
Hypothyroidism,zero_shot,2,MedGemma 1.0-27B,ollama,medgemma:27b,1179392004,generation_failure
Hypothyroidism,zero_shot,2,MedGemma 1.0-27B,ollama,medgemma:27b,70348004,retrieval_failure
Hypothyroidism,zero_shot,2,MedGemma 1.0-27B,ollama,medgemma:27b,722938007,generation_failure
Hypothyroidism,zero_shot,2,MedGemma 1.0-27B,ollama,medgemma:27b,1179397005,generation_failure
Hypothyroidism,zero_shot,2,MedGemma 1.0-27B,ollama,medgemma:27b,440092001,retrieval_failure
Hypothyroidism,zero_shot,2,MedGemma 1.0-27B,ollama,medgemma:27b,190279008,generation_failure
Hypothyroidism,zero_shot,2,MedGemma 1.0-27B,ollama,medgemma:27b,237517001,retrieval_failure
Hypothyroidism,zero_shot,2,MedGemma 1.0-27B,ollama,medgemma:27b,718193005,retrieval_failure
Hypothyroidism,zero_shot,2,MedGemma 1.0-27B,ollama,medgemma:27b,1179396001,generation_failure
Hypothyroidism,zero_shot,2,MedGemma 1.0-27B,ollama,medgemma:27b,237526003,retrieval_failure
Hypothyroidism,zero_shot,2,MedGemma 1.0-27B,ollama,medgemma:27b,190284002,generation_failure
Hypothyroidism,zero_shot,2,MedGemma 1.0-27B,ollama,medgemma:27b,190282003,generation_failure
Hypothyroidism,zero_shot,2,MedGemma 1.0-27B,ollama,medgemma:27b,237528002,generation_failure
Hypothyroidism,zero_shot,2,MedGemma 1.0-27B,ollama,medgemma:27b,237518006,generation_failure
Hypothyroidism,zero_shot,2,MedGemma 1.0-27B,ollama,medgemma:27b,763890006,retrieval_failure
Hypothyroidism,zero_shot,2,MedGemma 1.0-27B,ollama,medgemma:27b,771510006,retrieval_failure
Hypothyroidism,zero_shot,2,MedGemma 1.0-27B,ollama,medgemma:27b,4641009,retrieval_failure
Hypothyroidism,zero_shot,2,MedGemma 1.0-27B,ollama,medgemma:27b,102871000119101,generation_failure
Hypothyroidism,zero_shot,2,MedGemma 1.0-27B,ollama,medgemma:27b,286910004,generation_failure
Hypothyroidism,zero_shot,2,MedGemma 1.0-27B,ollama,medgemma:27b,78574007,generation_failure
Hypothyroidism,zero_shot,2,MedGemma 1.0-27B,ollama,medgemma:27b,1179384008,generation_failure
Hypothyroidism,zero_shot,2,MedGemma 1.0-27B,ollama,medgemma:27b,30229009,generation_failure
Hypothyroidism,zero_shot,2,MedGemma 1.0-27B,ollama,medgemma:27b,717334008,generation_failure
Hypothyroidism,zero_shot,2,MedGemma 1.0-27B,ollama,medgemma:27b,1260240000,retrieval_failure
Hypothyroidism,zero_shot,2,MedGemma 1.0-27B,ollama,medgemma:27b,27059002,generation_failure
Hypothyroidism,zero_shot,2,MedGemma 1.0-27B,ollama,medgemma:27b,217710005,retrieval_failure
Hypothyroidism,zero_shot,2,MedGemma 1.0-27B,ollama,medgemma:27b,1179400001,generation_failure
Hypothyroidism,zero_shot,2,MedGemma 1.0-27B,ollama,medgemma:27b,190283008,generation_failure
Hypothyroidism,zero_shot,2,MedGemma 1.0-27B,ollama,medgemma:27b,237556007,generation_failure
Hypothyroidism,zero_shot,2,MedGemma 1.0-27B,ollama,medgemma:27b,89261000,retrieval_failure
Hypothyroidism,zero_shot,2,MedGemma 1.0-27B,ollama,medgemma:27b,237695004,retrieval_failure
Hypothyroidism,zero_shot,2,MedGemma 1.0-27B,ollama,medgemma:27b,70225006,generation_failure
Hypothyroidism,zero_shot,2,MedGemma 1.0-27B,ollama,medgemma:27b,722375007,retrieval_failure
Hypothyroidism,zero_shot,2,MedGemma 1.0-27B,ollama,medgemma:27b,42785009,generation_failure
Hypothyroidism,zero_shot,2,MedGemma 1.0-27B,ollama,medgemma:27b,84781002,retrieval_failure
Hypothyroidism,zero_shot,2,MedGemma 1.0-27B,ollama,medgemma:27b,23536000,retrieval_failure
Hypothyroidism,zero_shot,2,MedGemma 1.0-27B,ollama,medgemma:27b,237562002,retrieval_failure
Hypothyroidism,zero_shot,2,MedGemma 1.0-27B,ollama,medgemma:27b,18621008,retrieval_failure
Hypothyroidism,zero_shot,3,MedGemma 1.0-27B,ollama,medgemma:27b,190277005,generation_failure
Hypothyroidism,zero_shot,3,MedGemma 1.0-27B,ollama,medgemma:27b,190268003,generation_failure
Hypothyroidism,zero_shot,3,MedGemma 1.0-27B,ollama,medgemma:27b,63115005,generation_failure
Hypothyroidism,zero_shot,3,MedGemma 1.0-27B,ollama,medgemma:27b,1179404005,generation_failure
Hypothyroidism,zero_shot,3,MedGemma 1.0-27B,ollama,medgemma:27b,1179399008,generation_failure
Hypothyroidism,zero_shot,3,MedGemma 1.0-27B,ollama,medgemma:27b,43153006,retrieval_failure
Hypothyroidism,zero_shot,3,MedGemma 1.0-27B,ollama,medgemma:27b,237555006,generation_failure
Hypothyroidism,zero_shot,3,MedGemma 1.0-27B,ollama,medgemma:27b,698577000,generation_failure
Hypothyroidism,zero_shot,3,MedGemma 1.0-27B,ollama,medgemma:27b,276630006,retrieval_failure
Hypothyroidism,zero_shot,3,MedGemma 1.0-27B,ollama,medgemma:27b,237521008,generation_failure
Hypothyroidism,zero_shot,3,MedGemma 1.0-27B,ollama,medgemma:27b,42277004,retrieval_failure
Hypothyroidism,zero_shot,3,MedGemma 1.0-27B,ollama,medgemma:27b,237565000,retrieval_failure
Hypothyroidism,zero_shot,3,MedGemma 1.0-27B,ollama,medgemma:27b,237520009,generation_failure
Hypothyroidism,zero_shot,3,MedGemma 1.0-27B,ollama,medgemma:27b,1179381000,generation_failure
Hypothyroidism,zero_shot,3,MedGemma 1.0-27B,ollama,medgemma:27b,360348000,retrieval_failure
Hypothyroidism,zero_shot,3,MedGemma 1.0-27B,ollama,medgemma:27b,10718002,retrieval_failure
Hypothyroidism,zero_shot,3,MedGemma 1.0-27B,ollama,medgemma:27b,1179385009,generation_failure
Hypothyroidism,zero_shot,3,MedGemma 1.0-27B,ollama,medgemma:27b,237525004,retrieval_failure
Hypothyroidism,zero_shot,3,MedGemma 1.0-27B,ollama,medgemma:27b,52724003,retrieval_failure
Hypothyroidism,zero_shot,3,MedGemma 1.0-27B,ollama,medgemma:27b,1179395002,generation_failure
Hypothyroidism,zero_shot,3,MedGemma 1.0-27B,ollama,medgemma:27b,1179401002,generation_failure
Hypothyroidism,zero_shot,3,MedGemma 1.0-27B,ollama,medgemma:27b,718194004,generation_failure
Hypothyroidism,zero_shot,3,MedGemma 1.0-27B,ollama,medgemma:27b,63127008,retrieval_failure
Hypothyroidism,zero_shot,3,MedGemma 1.0-27B,ollama,medgemma:27b,111308000,retrieval_failure
Hypothyroidism,zero_shot,3,MedGemma 1.0-27B,ollama,medgemma:27b,56041007,generation_failure
Hypothyroidism,zero_shot,3,MedGemma 1.0-27B,ollama,medgemma:27b,75065003,retrieval_failure
Hypothyroidism,zero_shot,3,MedGemma 1.0-27B,ollama,medgemma:27b,715734006,retrieval_failure
Hypothyroidism,zero_shot,3,MedGemma 1.0-27B,ollama,medgemma:27b,43507005,retrieval_failure
Hypothyroidism,zero_shot,3,MedGemma 1.0-27B,ollama,medgemma:27b,237559000,retrieval_failure
Hypothyroidism,zero_shot,3,MedGemma 1.0-27B,ollama,medgemma:27b,237516005,retrieval_failure
Hypothyroidism,zero_shot,3,MedGemma 1.0-27B,ollama,medgemma:27b,1281843005,retrieval_failure
Hypothyroidism,zero_shot,3,MedGemma 1.0-27B,ollama,medgemma:27b,8868001,retrieval_failure
Hypothyroidism,zero_shot,3,MedGemma 1.0-27B,ollama,medgemma:27b,237566004,retrieval_failure
Hypothyroidism,zero_shot,3,MedGemma 1.0-27B,ollama,medgemma:27b,405630007,generation_failure
Hypothyroidism,zero_shot,3,MedGemma 1.0-27B,ollama,medgemma:27b,717333002,generation_failure
Hypothyroidism,zero_shot,3,MedGemma 1.0-27B,ollama,medgemma:27b,10809101000119109,generation_failure
Hypothyroidism,zero_shot,3,MedGemma 1.0-27B,ollama,medgemma:27b,3716002,retrieval_failure
Hypothyroidism,zero_shot,3,MedGemma 1.0-27B,ollama,medgemma:27b,74728003,retrieval_failure
Hypothyroidism,zero_shot,3,MedGemma 1.0-27B,ollama,medgemma:27b,206457007,generation_failure
Hypothyroidism,zero_shot,3,MedGemma 1.0-27B,ollama,medgemma:27b,92978002,retrieval_failure
Hypothyroidism,zero_shot,3,MedGemma 1.0-27B,ollama,medgemma:27b,93359004,retrieval_failure
Hypothyroidism,zero_shot,3,MedGemma 1.0-27B,ollama,medgemma:27b,215677009,generation_failure
Hypothyroidism,zero_shot,3,MedGemma 1.0-27B,ollama,medgemma:27b,50375007,retrieval_failure
Hypothyroidism,zero_shot,3,MedGemma 1.0-27B,ollama,medgemma:27b,22558005,retrieval_failure
Hypothyroidism,zero_shot,3,MedGemma 1.0-27B,ollama,medgemma:27b,237560005,retrieval_failure
Hypothyroidism,zero_shot,3,MedGemma 1.0-27B,ollama,medgemma:27b,237567008,generation_failure
Hypothyroidism,zero_shot,3,MedGemma 1.0-27B,ollama,medgemma:27b,718690009,generation_failure
Hypothyroidism,zero_shot,3,MedGemma 1.0-27B,ollama,medgemma:27b,60733007,generation_failure
Hypothyroidism,zero_shot,3,MedGemma 1.0-27B,ollama,medgemma:27b,21263006,retrieval_failure
Hypothyroidism,zero_shot,3,MedGemma 1.0-27B,ollama,medgemma:27b,718183003,retrieval_failure
Hypothyroidism,zero_shot,3,MedGemma 1.0-27B,ollama,medgemma:27b,725462002,retrieval_failure
Hypothyroidism,zero_shot,3,MedGemma 1.0-27B,ollama,medgemma:27b,237515009,generation_failure
Hypothyroidism,zero_shot,3,MedGemma 1.0-27B,ollama,medgemma:27b,1179376009,generation_failure
Hypothyroidism,zero_shot,3,MedGemma 1.0-27B,ollama,medgemma:27b,237554005,retrieval_failure
Hypothyroidism,zero_shot,3,MedGemma 1.0-27B,ollama,medgemma:27b,1230272009,generation_failure
Hypothyroidism,zero_shot,3,MedGemma 1.0-27B,ollama,medgemma:27b,55838005,generation_failure
Hypothyroidism,zero_shot,3,MedGemma 1.0-27B,ollama,medgemma:27b,190309006,retrieval_failure
Hypothyroidism,zero_shot,3,MedGemma 1.0-27B,ollama,medgemma:27b,716338001,generation_failure
Hypothyroidism,zero_shot,3,MedGemma 1.0-27B,ollama,medgemma:27b,722051004,retrieval_failure
Hypothyroidism,zero_shot,3,MedGemma 1.0-27B,ollama,medgemma:27b,39444001,generation_failure
Hypothyroidism,zero_shot,3,MedGemma 1.0-27B,ollama,medgemma:27b,83664006,generation_failure
Hypothyroidism,zero_shot,3,MedGemma 1.0-27B,ollama,medgemma:27b,722939004,generation_failure
Hypothyroidism,zero_shot,3,MedGemma 1.0-27B,ollama,medgemma:27b,278503003,retrieval_failure
Hypothyroidism,zero_shot,3,MedGemma 1.0-27B,ollama,medgemma:27b,1179394003,generation_failure
Hypothyroidism,zero_shot,3,MedGemma 1.0-27B,ollama,medgemma:27b,216693007,generation_failure
Hypothyroidism,zero_shot,3,MedGemma 1.0-27B,ollama,medgemma:27b,190304001,retrieval_failure
Hypothyroidism,zero_shot,3,MedGemma 1.0-27B,ollama,medgemma:27b,237519003,generation_failure
Hypothyroidism,zero_shot,3,MedGemma 1.0-27B,ollama,medgemma:27b,17885001,retrieval_failure
Hypothyroidism,zero_shot,3,MedGemma 1.0-27B,ollama,medgemma:27b,64491003,retrieval_failure
Hypothyroidism,zero_shot,3,MedGemma 1.0-27B,ollama,medgemma:27b,49830003,generation_failure
Hypothyroidism,zero_shot,3,MedGemma 1.0-27B,ollama,medgemma:27b,1264402008,generation_failure
Hypothyroidism,zero_shot,3,MedGemma 1.0-27B,ollama,medgemma:27b,1179392004,generation_failure
Hypothyroidism,zero_shot,3,MedGemma 1.0-27B,ollama,medgemma:27b,70348004,retrieval_failure
Hypothyroidism,zero_shot,3,MedGemma 1.0-27B,ollama,medgemma:27b,722938007,generation_failure
Hypothyroidism,zero_shot,3,MedGemma 1.0-27B,ollama,medgemma:27b,1179397005,generation_failure
Hypothyroidism,zero_shot,3,MedGemma 1.0-27B,ollama,medgemma:27b,440092001,retrieval_failure
Hypothyroidism,zero_shot,3,MedGemma 1.0-27B,ollama,medgemma:27b,190279008,generation_failure
Hypothyroidism,zero_shot,3,MedGemma 1.0-27B,ollama,medgemma:27b,237517001,retrieval_failure
Hypothyroidism,zero_shot,3,MedGemma 1.0-27B,ollama,medgemma:27b,718193005,retrieval_failure
Hypothyroidism,zero_shot,3,MedGemma 1.0-27B,ollama,medgemma:27b,1179396001,generation_failure
Hypothyroidism,zero_shot,3,MedGemma 1.0-27B,ollama,medgemma:27b,237526003,retrieval_failure
Hypothyroidism,zero_shot,3,MedGemma 1.0-27B,ollama,medgemma:27b,190284002,generation_failure
Hypothyroidism,zero_shot,3,MedGemma 1.0-27B,ollama,medgemma:27b,190282003,generation_failure
Hypothyroidism,zero_shot,3,MedGemma 1.0-27B,ollama,medgemma:27b,40539002,generation_failure
Hypothyroidism,zero_shot,3,MedGemma 1.0-27B,ollama,medgemma:27b,237528002,generation_failure
Hypothyroidism,zero_shot,3,MedGemma 1.0-27B,ollama,medgemma:27b,276566003,generation_failure
Hypothyroidism,zero_shot,3,MedGemma 1.0-27B,ollama,medgemma:27b,237518006,generation_failure
Hypothyroidism,zero_shot,3,MedGemma 1.0-27B,ollama,medgemma:27b,763890006,retrieval_failure
Hypothyroidism,zero_shot,3,MedGemma 1.0-27B,ollama,medgemma:27b,771510006,retrieval_failure
Hypothyroidism,zero_shot,3,MedGemma 1.0-27B,ollama,medgemma:27b,4641009,retrieval_failure
Hypothyroidism,zero_shot,3,MedGemma 1.0-27B,ollama,medgemma:27b,286910004,generation_failure
Hypothyroidism,zero_shot,3,MedGemma 1.0-27B,ollama,medgemma:27b,78574007,generation_failure
Hypothyroidism,zero_shot,3,MedGemma 1.0-27B,ollama,medgemma:27b,1179384008,generation_failure
Hypothyroidism,zero_shot,3,MedGemma 1.0-27B,ollama,medgemma:27b,14779006,generation_failure
Hypothyroidism,zero_shot,3,MedGemma 1.0-27B,ollama,medgemma:27b,717334008,generation_failure
Hypothyroidism,zero_shot,3,MedGemma 1.0-27B,ollama,medgemma:27b,1260240000,retrieval_failure
Hypothyroidism,zero_shot,3,MedGemma 1.0-27B,ollama,medgemma:27b,27059002,generation_failure
Hypothyroidism,zero_shot,3,MedGemma 1.0-27B,ollama,medgemma:27b,217710005,retrieval_failure
Hypothyroidism,zero_shot,3,MedGemma 1.0-27B,ollama,medgemma:27b,1179400001,generation_failure
Hypothyroidism,zero_shot,3,MedGemma 1.0-27B,ollama,medgemma:27b,190283008,generation_failure
Hypothyroidism,zero_shot,3,MedGemma 1.0-27B,ollama,medgemma:27b,237556007,generation_failure
Hypothyroidism,zero_shot,3,MedGemma 1.0-27B,ollama,medgemma:27b,89261000,retrieval_failure
Hypothyroidism,zero_shot,3,MedGemma 1.0-27B,ollama,medgemma:27b,237695004,retrieval_failure
Hypothyroidism,zero_shot,3,MedGemma 1.0-27B,ollama,medgemma:27b,70225006,generation_failure
Hypothyroidism,zero_shot,3,MedGemma 1.0-27B,ollama,medgemma:27b,722375007,retrieval_failure
Hypothyroidism,zero_shot,3,MedGemma 1.0-27B,ollama,medgemma:27b,42785009,generation_failure
Hypothyroidism,zero_shot,3,MedGemma 1.0-27B,ollama,medgemma:27b,84781002,retrieval_failure
Hypothyroidism,zero_shot,3,MedGemma 1.0-27B,ollama,medgemma:27b,23536000,retrieval_failure
Hypothyroidism,zero_shot,3,MedGemma 1.0-27B,ollama,medgemma:27b,237562002,retrieval_failure
Hypothyroidism,zero_shot,3,MedGemma 1.0-27B,ollama,medgemma:27b,18621008,retrieval_failure
Hypothyroidism,few_shot,1,MedGemma 1.0-27B,ollama,medgemma:27b,190277005,generation_failure
Hypothyroidism,few_shot,1,MedGemma 1.0-27B,ollama,medgemma:27b,190268003,generation_failure
Hypothyroidism,few_shot,1,MedGemma 1.0-27B,ollama,medgemma:27b,63115005,generation_failure
Hypothyroidism,few_shot,1,MedGemma 1.0-27B,ollama,medgemma:27b,1179404005,generation_failure
Hypothyroidism,few_shot,1,MedGemma 1.0-27B,ollama,medgemma:27b,1179399008,generation_failure
Hypothyroidism,few_shot,1,MedGemma 1.0-27B,ollama,medgemma:27b,722940002,generation_failure
Hypothyroidism,few_shot,1,MedGemma 1.0-27B,ollama,medgemma:27b,43153006,retrieval_failure
Hypothyroidism,few_shot,1,MedGemma 1.0-27B,ollama,medgemma:27b,698577000,generation_failure
Hypothyroidism,few_shot,1,MedGemma 1.0-27B,ollama,medgemma:27b,276630006,retrieval_failure
Hypothyroidism,few_shot,1,MedGemma 1.0-27B,ollama,medgemma:27b,237521008,generation_failure
Hypothyroidism,few_shot,1,MedGemma 1.0-27B,ollama,medgemma:27b,42277004,retrieval_failure
Hypothyroidism,few_shot,1,MedGemma 1.0-27B,ollama,medgemma:27b,237565000,retrieval_failure
Hypothyroidism,few_shot,1,MedGemma 1.0-27B,ollama,medgemma:27b,237520009,generation_failure
Hypothyroidism,few_shot,1,MedGemma 1.0-27B,ollama,medgemma:27b,360348000,retrieval_failure
Hypothyroidism,few_shot,1,MedGemma 1.0-27B,ollama,medgemma:27b,82598004,generation_failure
Hypothyroidism,few_shot,1,MedGemma 1.0-27B,ollama,medgemma:27b,10718002,retrieval_failure
Hypothyroidism,few_shot,1,MedGemma 1.0-27B,ollama,medgemma:27b,1179385009,generation_failure
Hypothyroidism,few_shot,1,MedGemma 1.0-27B,ollama,medgemma:27b,237525004,retrieval_failure
Hypothyroidism,few_shot,1,MedGemma 1.0-27B,ollama,medgemma:27b,52724003,retrieval_failure
Hypothyroidism,few_shot,1,MedGemma 1.0-27B,ollama,medgemma:27b,1179401002,generation_failure
Hypothyroidism,few_shot,1,MedGemma 1.0-27B,ollama,medgemma:27b,718194004,generation_failure
Hypothyroidism,few_shot,1,MedGemma 1.0-27B,ollama,medgemma:27b,63127008,retrieval_failure
Hypothyroidism,few_shot,1,MedGemma 1.0-27B,ollama,medgemma:27b,111308000,retrieval_failure
Hypothyroidism,few_shot,1,MedGemma 1.0-27B,ollama,medgemma:27b,56041007,generation_failure
Hypothyroidism,few_shot,1,MedGemma 1.0-27B,ollama,medgemma:27b,75065003,retrieval_failure
Hypothyroidism,few_shot,1,MedGemma 1.0-27B,ollama,medgemma:27b,715734006,retrieval_failure
Hypothyroidism,few_shot,1,MedGemma 1.0-27B,ollama,medgemma:27b,43507005,retrieval_failure
Hypothyroidism,few_shot,1,MedGemma 1.0-27B,ollama,medgemma:27b,237559000,retrieval_failure
Hypothyroidism,few_shot,1,MedGemma 1.0-27B,ollama,medgemma:27b,237516005,retrieval_failure
Hypothyroidism,few_shot,1,MedGemma 1.0-27B,ollama,medgemma:27b,1281843005,retrieval_failure
Hypothyroidism,few_shot,1,MedGemma 1.0-27B,ollama,medgemma:27b,8868001,retrieval_failure
Hypothyroidism,few_shot,1,MedGemma 1.0-27B,ollama,medgemma:27b,237566004,retrieval_failure
Hypothyroidism,few_shot,1,MedGemma 1.0-27B,ollama,medgemma:27b,405630007,generation_failure
Hypothyroidism,few_shot,1,MedGemma 1.0-27B,ollama,medgemma:27b,237523006,generation_failure
Hypothyroidism,few_shot,1,MedGemma 1.0-27B,ollama,medgemma:27b,717333002,generation_failure
Hypothyroidism,few_shot,1,MedGemma 1.0-27B,ollama,medgemma:27b,10809101000119109,generation_failure
Hypothyroidism,few_shot,1,MedGemma 1.0-27B,ollama,medgemma:27b,3716002,retrieval_failure
Hypothyroidism,few_shot,1,MedGemma 1.0-27B,ollama,medgemma:27b,88273006,generation_failure
Hypothyroidism,few_shot,1,MedGemma 1.0-27B,ollama,medgemma:27b,74728003,retrieval_failure
Hypothyroidism,few_shot,1,MedGemma 1.0-27B,ollama,medgemma:27b,206457007,generation_failure
Hypothyroidism,few_shot,1,MedGemma 1.0-27B,ollama,medgemma:27b,92978002,retrieval_failure
Hypothyroidism,few_shot,1,MedGemma 1.0-27B,ollama,medgemma:27b,93359004,retrieval_failure
Hypothyroidism,few_shot,1,MedGemma 1.0-27B,ollama,medgemma:27b,215677009,generation_failure
Hypothyroidism,few_shot,1,MedGemma 1.0-27B,ollama,medgemma:27b,50375007,retrieval_failure
Hypothyroidism,few_shot,1,MedGemma 1.0-27B,ollama,medgemma:27b,22558005,retrieval_failure
Hypothyroidism,few_shot,1,MedGemma 1.0-27B,ollama,medgemma:27b,10753681000119101,generation_failure
Hypothyroidism,few_shot,1,MedGemma 1.0-27B,ollama,medgemma:27b,237560005,retrieval_failure
Hypothyroidism,few_shot,1,MedGemma 1.0-27B,ollama,medgemma:27b,237567008,generation_failure
Hypothyroidism,few_shot,1,MedGemma 1.0-27B,ollama,medgemma:27b,718690009,generation_failure
Hypothyroidism,few_shot,1,MedGemma 1.0-27B,ollama,medgemma:27b,21263006,retrieval_failure
Hypothyroidism,few_shot,1,MedGemma 1.0-27B,ollama,medgemma:27b,718183003,retrieval_failure
Hypothyroidism,few_shot,1,MedGemma 1.0-27B,ollama,medgemma:27b,725462002,retrieval_failure
Hypothyroidism,few_shot,1,MedGemma 1.0-27B,ollama,medgemma:27b,237515009,generation_failure
Hypothyroidism,few_shot,1,MedGemma 1.0-27B,ollama,medgemma:27b,1137378008,generation_failure
Hypothyroidism,few_shot,1,MedGemma 1.0-27B,ollama,medgemma:27b,1179376009,generation_failure
Hypothyroidism,few_shot,1,MedGemma 1.0-27B,ollama,medgemma:27b,237554005,retrieval_failure
Hypothyroidism,few_shot,1,MedGemma 1.0-27B,ollama,medgemma:27b,1230272009,generation_failure
Hypothyroidism,few_shot,1,MedGemma 1.0-27B,ollama,medgemma:27b,55838005,generation_failure
Hypothyroidism,few_shot,1,MedGemma 1.0-27B,ollama,medgemma:27b,190309006,retrieval_failure
Hypothyroidism,few_shot,1,MedGemma 1.0-27B,ollama,medgemma:27b,716338001,generation_failure
Hypothyroidism,few_shot,1,MedGemma 1.0-27B,ollama,medgemma:27b,722051004,retrieval_failure
Hypothyroidism,few_shot,1,MedGemma 1.0-27B,ollama,medgemma:27b,39444001,generation_failure
Hypothyroidism,few_shot,1,MedGemma 1.0-27B,ollama,medgemma:27b,278503003,retrieval_failure
Hypothyroidism,few_shot,1,MedGemma 1.0-27B,ollama,medgemma:27b,1179394003,generation_failure
Hypothyroidism,few_shot,1,MedGemma 1.0-27B,ollama,medgemma:27b,237519003,generation_failure
Hypothyroidism,few_shot,1,MedGemma 1.0-27B,ollama,medgemma:27b,190304001,retrieval_failure
Hypothyroidism,few_shot,1,MedGemma 1.0-27B,ollama,medgemma:27b,17885001,retrieval_failure
Hypothyroidism,few_shot,1,MedGemma 1.0-27B,ollama,medgemma:27b,64491003,retrieval_failure
Hypothyroidism,few_shot,1,MedGemma 1.0-27B,ollama,medgemma:27b,49830003,generation_failure
Hypothyroidism,few_shot,1,MedGemma 1.0-27B,ollama,medgemma:27b,1264402008,generation_failure
Hypothyroidism,few_shot,1,MedGemma 1.0-27B,ollama,medgemma:27b,1179392004,generation_failure
Hypothyroidism,few_shot,1,MedGemma 1.0-27B,ollama,medgemma:27b,70348004,retrieval_failure
Hypothyroidism,few_shot,1,MedGemma 1.0-27B,ollama,medgemma:27b,722938007,generation_failure
Hypothyroidism,few_shot,1,MedGemma 1.0-27B,ollama,medgemma:27b,1179397005,generation_failure
Hypothyroidism,few_shot,1,MedGemma 1.0-27B,ollama,medgemma:27b,440092001,retrieval_failure
Hypothyroidism,few_shot,1,MedGemma 1.0-27B,ollama,medgemma:27b,190279008,generation_failure
Hypothyroidism,few_shot,1,MedGemma 1.0-27B,ollama,medgemma:27b,237517001,retrieval_failure
Hypothyroidism,few_shot,1,MedGemma 1.0-27B,ollama,medgemma:27b,718193005,retrieval_failure
Hypothyroidism,few_shot,1,MedGemma 1.0-27B,ollama,medgemma:27b,1179396001,generation_failure
Hypothyroidism,few_shot,1,MedGemma 1.0-27B,ollama,medgemma:27b,237526003,retrieval_failure
Hypothyroidism,few_shot,1,MedGemma 1.0-27B,ollama,medgemma:27b,190284002,generation_failure
Hypothyroidism,few_shot,1,MedGemma 1.0-27B,ollama,medgemma:27b,190282003,generation_failure
Hypothyroidism,few_shot,1,MedGemma 1.0-27B,ollama,medgemma:27b,237528002,generation_failure
Hypothyroidism,few_shot,1,MedGemma 1.0-27B,ollama,medgemma:27b,237518006,generation_failure
Hypothyroidism,few_shot,1,MedGemma 1.0-27B,ollama,medgemma:27b,763890006,retrieval_failure
Hypothyroidism,few_shot,1,MedGemma 1.0-27B,ollama,medgemma:27b,771510006,retrieval_failure
Hypothyroidism,few_shot,1,MedGemma 1.0-27B,ollama,medgemma:27b,4641009,retrieval_failure
Hypothyroidism,few_shot,1,MedGemma 1.0-27B,ollama,medgemma:27b,102871000119101,generation_failure
Hypothyroidism,few_shot,1,MedGemma 1.0-27B,ollama,medgemma:27b,14779006,generation_failure
Hypothyroidism,few_shot,1,MedGemma 1.0-27B,ollama,medgemma:27b,30229009,generation_failure
Hypothyroidism,few_shot,1,MedGemma 1.0-27B,ollama,medgemma:27b,717334008,generation_failure
Hypothyroidism,few_shot,1,MedGemma 1.0-27B,ollama,medgemma:27b,1260240000,retrieval_failure
Hypothyroidism,few_shot,1,MedGemma 1.0-27B,ollama,medgemma:27b,27059002,generation_failure
Hypothyroidism,few_shot,1,MedGemma 1.0-27B,ollama,medgemma:27b,217710005,retrieval_failure
Hypothyroidism,few_shot,1,MedGemma 1.0-27B,ollama,medgemma:27b,1179400001,generation_failure
Hypothyroidism,few_shot,1,MedGemma 1.0-27B,ollama,medgemma:27b,190283008,generation_failure
Hypothyroidism,few_shot,1,MedGemma 1.0-27B,ollama,medgemma:27b,237556007,generation_failure
Hypothyroidism,few_shot,1,MedGemma 1.0-27B,ollama,medgemma:27b,89261000,retrieval_failure
Hypothyroidism,few_shot,1,MedGemma 1.0-27B,ollama,medgemma:27b,237695004,retrieval_failure
Hypothyroidism,few_shot,1,MedGemma 1.0-27B,ollama,medgemma:27b,70225006,generation_failure
Hypothyroidism,few_shot,1,MedGemma 1.0-27B,ollama,medgemma:27b,722375007,retrieval_failure
Hypothyroidism,few_shot,1,MedGemma 1.0-27B,ollama,medgemma:27b,42785009,generation_failure
Hypothyroidism,few_shot,1,MedGemma 1.0-27B,ollama,medgemma:27b,84781002,retrieval_failure
Hypothyroidism,few_shot,1,MedGemma 1.0-27B,ollama,medgemma:27b,23536000,retrieval_failure
Hypothyroidism,few_shot,1,MedGemma 1.0-27B,ollama,medgemma:27b,237562002,retrieval_failure
Hypothyroidism,few_shot,1,MedGemma 1.0-27B,ollama,medgemma:27b,18621008,retrieval_failure
Hypothyroidism,few_shot,2,MedGemma 1.0-27B,ollama,medgemma:27b,190277005,generation_failure
Hypothyroidism,few_shot,2,MedGemma 1.0-27B,ollama,medgemma:27b,63115005,generation_failure
Hypothyroidism,few_shot,2,MedGemma 1.0-27B,ollama,medgemma:27b,1179404005,generation_failure
Hypothyroidism,few_shot,2,MedGemma 1.0-27B,ollama,medgemma:27b,1179399008,generation_failure
Hypothyroidism,few_shot,2,MedGemma 1.0-27B,ollama,medgemma:27b,722940002,generation_failure
Hypothyroidism,few_shot,2,MedGemma 1.0-27B,ollama,medgemma:27b,43153006,retrieval_failure
Hypothyroidism,few_shot,2,MedGemma 1.0-27B,ollama,medgemma:27b,237555006,generation_failure
Hypothyroidism,few_shot,2,MedGemma 1.0-27B,ollama,medgemma:27b,698577000,generation_failure
Hypothyroidism,few_shot,2,MedGemma 1.0-27B,ollama,medgemma:27b,276630006,retrieval_failure
Hypothyroidism,few_shot,2,MedGemma 1.0-27B,ollama,medgemma:27b,237521008,generation_failure
Hypothyroidism,few_shot,2,MedGemma 1.0-27B,ollama,medgemma:27b,42277004,retrieval_failure
Hypothyroidism,few_shot,2,MedGemma 1.0-27B,ollama,medgemma:27b,237565000,retrieval_failure
Hypothyroidism,few_shot,2,MedGemma 1.0-27B,ollama,medgemma:27b,237520009,generation_failure
Hypothyroidism,few_shot,2,MedGemma 1.0-27B,ollama,medgemma:27b,1179381000,generation_failure
Hypothyroidism,few_shot,2,MedGemma 1.0-27B,ollama,medgemma:27b,360348000,retrieval_failure
Hypothyroidism,few_shot,2,MedGemma 1.0-27B,ollama,medgemma:27b,10718002,retrieval_failure
Hypothyroidism,few_shot,2,MedGemma 1.0-27B,ollama,medgemma:27b,1179385009,generation_failure
Hypothyroidism,few_shot,2,MedGemma 1.0-27B,ollama,medgemma:27b,237525004,retrieval_failure
Hypothyroidism,few_shot,2,MedGemma 1.0-27B,ollama,medgemma:27b,52724003,retrieval_failure
Hypothyroidism,few_shot,2,MedGemma 1.0-27B,ollama,medgemma:27b,1179395002,generation_failure
Hypothyroidism,few_shot,2,MedGemma 1.0-27B,ollama,medgemma:27b,1179401002,generation_failure
Hypothyroidism,few_shot,2,MedGemma 1.0-27B,ollama,medgemma:27b,718194004,generation_failure
Hypothyroidism,few_shot,2,MedGemma 1.0-27B,ollama,medgemma:27b,63127008,retrieval_failure
Hypothyroidism,few_shot,2,MedGemma 1.0-27B,ollama,medgemma:27b,111308000,retrieval_failure
Hypothyroidism,few_shot,2,MedGemma 1.0-27B,ollama,medgemma:27b,56041007,generation_failure
Hypothyroidism,few_shot,2,MedGemma 1.0-27B,ollama,medgemma:27b,75065003,retrieval_failure
Hypothyroidism,few_shot,2,MedGemma 1.0-27B,ollama,medgemma:27b,715734006,retrieval_failure
Hypothyroidism,few_shot,2,MedGemma 1.0-27B,ollama,medgemma:27b,43507005,retrieval_failure
Hypothyroidism,few_shot,2,MedGemma 1.0-27B,ollama,medgemma:27b,237559000,retrieval_failure
Hypothyroidism,few_shot,2,MedGemma 1.0-27B,ollama,medgemma:27b,237516005,retrieval_failure
Hypothyroidism,few_shot,2,MedGemma 1.0-27B,ollama,medgemma:27b,1281843005,retrieval_failure
Hypothyroidism,few_shot,2,MedGemma 1.0-27B,ollama,medgemma:27b,8868001,retrieval_failure
Hypothyroidism,few_shot,2,MedGemma 1.0-27B,ollama,medgemma:27b,237566004,retrieval_failure
Hypothyroidism,few_shot,2,MedGemma 1.0-27B,ollama,medgemma:27b,405630007,generation_failure
Hypothyroidism,few_shot,2,MedGemma 1.0-27B,ollama,medgemma:27b,367631000119105,generation_failure
Hypothyroidism,few_shot,2,MedGemma 1.0-27B,ollama,medgemma:27b,10809101000119109,generation_failure
Hypothyroidism,few_shot,2,MedGemma 1.0-27B,ollama,medgemma:27b,3716002,retrieval_failure
Hypothyroidism,few_shot,2,MedGemma 1.0-27B,ollama,medgemma:27b,74728003,retrieval_failure
Hypothyroidism,few_shot,2,MedGemma 1.0-27B,ollama,medgemma:27b,206457007,generation_failure
Hypothyroidism,few_shot,2,MedGemma 1.0-27B,ollama,medgemma:27b,92978002,retrieval_failure
Hypothyroidism,few_shot,2,MedGemma 1.0-27B,ollama,medgemma:27b,93359004,retrieval_failure
Hypothyroidism,few_shot,2,MedGemma 1.0-27B,ollama,medgemma:27b,50375007,retrieval_failure
Hypothyroidism,few_shot,2,MedGemma 1.0-27B,ollama,medgemma:27b,22558005,retrieval_failure
Hypothyroidism,few_shot,2,MedGemma 1.0-27B,ollama,medgemma:27b,237560005,retrieval_failure
Hypothyroidism,few_shot,2,MedGemma 1.0-27B,ollama,medgemma:27b,60733007,generation_failure
Hypothyroidism,few_shot,2,MedGemma 1.0-27B,ollama,medgemma:27b,21263006,retrieval_failure
Hypothyroidism,few_shot,2,MedGemma 1.0-27B,ollama,medgemma:27b,1179382007,generation_failure
Hypothyroidism,few_shot,2,MedGemma 1.0-27B,ollama,medgemma:27b,718183003,retrieval_failure
Hypothyroidism,few_shot,2,MedGemma 1.0-27B,ollama,medgemma:27b,725462002,retrieval_failure
Hypothyroidism,few_shot,2,MedGemma 1.0-27B,ollama,medgemma:27b,237515009,generation_failure
Hypothyroidism,few_shot,2,MedGemma 1.0-27B,ollama,medgemma:27b,1137378008,generation_failure
Hypothyroidism,few_shot,2,MedGemma 1.0-27B,ollama,medgemma:27b,1179376009,generation_failure
Hypothyroidism,few_shot,2,MedGemma 1.0-27B,ollama,medgemma:27b,237554005,retrieval_failure
Hypothyroidism,few_shot,2,MedGemma 1.0-27B,ollama,medgemma:27b,1230272009,generation_failure
Hypothyroidism,few_shot,2,MedGemma 1.0-27B,ollama,medgemma:27b,55838005,generation_failure
Hypothyroidism,few_shot,2,MedGemma 1.0-27B,ollama,medgemma:27b,190309006,retrieval_failure
Hypothyroidism,few_shot,2,MedGemma 1.0-27B,ollama,medgemma:27b,716338001,generation_failure
Hypothyroidism,few_shot,2,MedGemma 1.0-27B,ollama,medgemma:27b,722051004,retrieval_failure
Hypothyroidism,few_shot,2,MedGemma 1.0-27B,ollama,medgemma:27b,39444001,generation_failure
Hypothyroidism,few_shot,2,MedGemma 1.0-27B,ollama,medgemma:27b,722939004,generation_failure
Hypothyroidism,few_shot,2,MedGemma 1.0-27B,ollama,medgemma:27b,278503003,retrieval_failure
Hypothyroidism,few_shot,2,MedGemma 1.0-27B,ollama,medgemma:27b,1179394003,generation_failure
Hypothyroidism,few_shot,2,MedGemma 1.0-27B,ollama,medgemma:27b,216693007,generation_failure
Hypothyroidism,few_shot,2,MedGemma 1.0-27B,ollama,medgemma:27b,190304001,retrieval_failure
Hypothyroidism,few_shot,2,MedGemma 1.0-27B,ollama,medgemma:27b,17885001,retrieval_failure
Hypothyroidism,few_shot,2,MedGemma 1.0-27B,ollama,medgemma:27b,64491003,retrieval_failure
Hypothyroidism,few_shot,2,MedGemma 1.0-27B,ollama,medgemma:27b,49830003,generation_failure
Hypothyroidism,few_shot,2,MedGemma 1.0-27B,ollama,medgemma:27b,1264402008,generation_failure
Hypothyroidism,few_shot,2,MedGemma 1.0-27B,ollama,medgemma:27b,1179392004,generation_failure
Hypothyroidism,few_shot,2,MedGemma 1.0-27B,ollama,medgemma:27b,70348004,retrieval_failure
Hypothyroidism,few_shot,2,MedGemma 1.0-27B,ollama,medgemma:27b,722938007,generation_failure
Hypothyroidism,few_shot,2,MedGemma 1.0-27B,ollama,medgemma:27b,440092001,retrieval_failure
Hypothyroidism,few_shot,2,MedGemma 1.0-27B,ollama,medgemma:27b,190279008,generation_failure
Hypothyroidism,few_shot,2,MedGemma 1.0-27B,ollama,medgemma:27b,237517001,retrieval_failure
Hypothyroidism,few_shot,2,MedGemma 1.0-27B,ollama,medgemma:27b,718193005,retrieval_failure
Hypothyroidism,few_shot,2,MedGemma 1.0-27B,ollama,medgemma:27b,237526003,retrieval_failure
Hypothyroidism,few_shot,2,MedGemma 1.0-27B,ollama,medgemma:27b,190284002,generation_failure
Hypothyroidism,few_shot,2,MedGemma 1.0-27B,ollama,medgemma:27b,190282003,generation_failure
Hypothyroidism,few_shot,2,MedGemma 1.0-27B,ollama,medgemma:27b,237528002,generation_failure
Hypothyroidism,few_shot,2,MedGemma 1.0-27B,ollama,medgemma:27b,276566003,generation_failure
Hypothyroidism,few_shot,2,MedGemma 1.0-27B,ollama,medgemma:27b,763890006,retrieval_failure
Hypothyroidism,few_shot,2,MedGemma 1.0-27B,ollama,medgemma:27b,771510006,retrieval_failure
Hypothyroidism,few_shot,2,MedGemma 1.0-27B,ollama,medgemma:27b,4641009,retrieval_failure
Hypothyroidism,few_shot,2,MedGemma 1.0-27B,ollama,medgemma:27b,102871000119101,generation_failure
Hypothyroidism,few_shot,2,MedGemma 1.0-27B,ollama,medgemma:27b,1179384008,generation_failure
Hypothyroidism,few_shot,2,MedGemma 1.0-27B,ollama,medgemma:27b,14779006,generation_failure
Hypothyroidism,few_shot,2,MedGemma 1.0-27B,ollama,medgemma:27b,30229009,generation_failure
Hypothyroidism,few_shot,2,MedGemma 1.0-27B,ollama,medgemma:27b,1260240000,retrieval_failure
Hypothyroidism,few_shot,2,MedGemma 1.0-27B,ollama,medgemma:27b,27059002,generation_failure
Hypothyroidism,few_shot,2,MedGemma 1.0-27B,ollama,medgemma:27b,217710005,retrieval_failure
Hypothyroidism,few_shot,2,MedGemma 1.0-27B,ollama,medgemma:27b,1179400001,generation_failure
Hypothyroidism,few_shot,2,MedGemma 1.0-27B,ollama,medgemma:27b,190283008,generation_failure
Hypothyroidism,few_shot,2,MedGemma 1.0-27B,ollama,medgemma:27b,89261000,retrieval_failure
Hypothyroidism,few_shot,2,MedGemma 1.0-27B,ollama,medgemma:27b,237695004,retrieval_failure
Hypothyroidism,few_shot,2,MedGemma 1.0-27B,ollama,medgemma:27b,70225006,generation_failure
Hypothyroidism,few_shot,2,MedGemma 1.0-27B,ollama,medgemma:27b,722375007,retrieval_failure
Hypothyroidism,few_shot,2,MedGemma 1.0-27B,ollama,medgemma:27b,84781002,retrieval_failure
Hypothyroidism,few_shot,2,MedGemma 1.0-27B,ollama,medgemma:27b,23536000,retrieval_failure
Hypothyroidism,few_shot,2,MedGemma 1.0-27B,ollama,medgemma:27b,237562002,retrieval_failure
Hypothyroidism,few_shot,2,MedGemma 1.0-27B,ollama,medgemma:27b,18621008,retrieval_failure
Hypothyroidism,few_shot,3,MedGemma 1.0-27B,ollama,medgemma:27b,190277005,generation_failure
Hypothyroidism,few_shot,3,MedGemma 1.0-27B,ollama,medgemma:27b,63115005,generation_failure
Hypothyroidism,few_shot,3,MedGemma 1.0-27B,ollama,medgemma:27b,1179404005,generation_failure
Hypothyroidism,few_shot,3,MedGemma 1.0-27B,ollama,medgemma:27b,1179399008,generation_failure
Hypothyroidism,few_shot,3,MedGemma 1.0-27B,ollama,medgemma:27b,43153006,retrieval_failure
Hypothyroidism,few_shot,3,MedGemma 1.0-27B,ollama,medgemma:27b,237555006,generation_failure
Hypothyroidism,few_shot,3,MedGemma 1.0-27B,ollama,medgemma:27b,698577000,generation_failure
Hypothyroidism,few_shot,3,MedGemma 1.0-27B,ollama,medgemma:27b,276630006,retrieval_failure
Hypothyroidism,few_shot,3,MedGemma 1.0-27B,ollama,medgemma:27b,237521008,generation_failure
Hypothyroidism,few_shot,3,MedGemma 1.0-27B,ollama,medgemma:27b,42277004,retrieval_failure
Hypothyroidism,few_shot,3,MedGemma 1.0-27B,ollama,medgemma:27b,237565000,retrieval_failure
Hypothyroidism,few_shot,3,MedGemma 1.0-27B,ollama,medgemma:27b,237520009,generation_failure
Hypothyroidism,few_shot,3,MedGemma 1.0-27B,ollama,medgemma:27b,1179381000,generation_failure
Hypothyroidism,few_shot,3,MedGemma 1.0-27B,ollama,medgemma:27b,360348000,retrieval_failure
Hypothyroidism,few_shot,3,MedGemma 1.0-27B,ollama,medgemma:27b,82598004,generation_failure
Hypothyroidism,few_shot,3,MedGemma 1.0-27B,ollama,medgemma:27b,10718002,retrieval_failure
Hypothyroidism,few_shot,3,MedGemma 1.0-27B,ollama,medgemma:27b,1179385009,generation_failure
Hypothyroidism,few_shot,3,MedGemma 1.0-27B,ollama,medgemma:27b,237525004,retrieval_failure
Hypothyroidism,few_shot,3,MedGemma 1.0-27B,ollama,medgemma:27b,52724003,retrieval_failure
Hypothyroidism,few_shot,3,MedGemma 1.0-27B,ollama,medgemma:27b,428165003,generation_failure
Hypothyroidism,few_shot,3,MedGemma 1.0-27B,ollama,medgemma:27b,1179395002,generation_failure
Hypothyroidism,few_shot,3,MedGemma 1.0-27B,ollama,medgemma:27b,1179401002,generation_failure
Hypothyroidism,few_shot,3,MedGemma 1.0-27B,ollama,medgemma:27b,718194004,generation_failure
Hypothyroidism,few_shot,3,MedGemma 1.0-27B,ollama,medgemma:27b,63127008,retrieval_failure
Hypothyroidism,few_shot,3,MedGemma 1.0-27B,ollama,medgemma:27b,111308000,retrieval_failure
Hypothyroidism,few_shot,3,MedGemma 1.0-27B,ollama,medgemma:27b,75065003,retrieval_failure
Hypothyroidism,few_shot,3,MedGemma 1.0-27B,ollama,medgemma:27b,715734006,retrieval_failure
Hypothyroidism,few_shot,3,MedGemma 1.0-27B,ollama,medgemma:27b,43507005,retrieval_failure
Hypothyroidism,few_shot,3,MedGemma 1.0-27B,ollama,medgemma:27b,237559000,retrieval_failure
Hypothyroidism,few_shot,3,MedGemma 1.0-27B,ollama,medgemma:27b,237516005,retrieval_failure
Hypothyroidism,few_shot,3,MedGemma 1.0-27B,ollama,medgemma:27b,1281843005,retrieval_failure
Hypothyroidism,few_shot,3,MedGemma 1.0-27B,ollama,medgemma:27b,8868001,retrieval_failure
Hypothyroidism,few_shot,3,MedGemma 1.0-27B,ollama,medgemma:27b,237566004,retrieval_failure
Hypothyroidism,few_shot,3,MedGemma 1.0-27B,ollama,medgemma:27b,405629002,generation_failure
Hypothyroidism,few_shot,3,MedGemma 1.0-27B,ollama,medgemma:27b,405630007,generation_failure
Hypothyroidism,few_shot,3,MedGemma 1.0-27B,ollama,medgemma:27b,367631000119105,generation_failure
Hypothyroidism,few_shot,3,MedGemma 1.0-27B,ollama,medgemma:27b,3716002,retrieval_failure
Hypothyroidism,few_shot,3,MedGemma 1.0-27B,ollama,medgemma:27b,717333002,generation_failure
Hypothyroidism,few_shot,3,MedGemma 1.0-27B,ollama,medgemma:27b,74728003,retrieval_failure
Hypothyroidism,few_shot,3,MedGemma 1.0-27B,ollama,medgemma:27b,206457007,generation_failure
Hypothyroidism,few_shot,3,MedGemma 1.0-27B,ollama,medgemma:27b,92978002,retrieval_failure
Hypothyroidism,few_shot,3,MedGemma 1.0-27B,ollama,medgemma:27b,93359004,retrieval_failure
Hypothyroidism,few_shot,3,MedGemma 1.0-27B,ollama,medgemma:27b,215677009,generation_failure
Hypothyroidism,few_shot,3,MedGemma 1.0-27B,ollama,medgemma:27b,50375007,retrieval_failure
Hypothyroidism,few_shot,3,MedGemma 1.0-27B,ollama,medgemma:27b,22558005,retrieval_failure
Hypothyroidism,few_shot,3,MedGemma 1.0-27B,ollama,medgemma:27b,10753681000119101,generation_failure
Hypothyroidism,few_shot,3,MedGemma 1.0-27B,ollama,medgemma:27b,237560005,retrieval_failure
Hypothyroidism,few_shot,3,MedGemma 1.0-27B,ollama,medgemma:27b,237567008,generation_failure
Hypothyroidism,few_shot,3,MedGemma 1.0-27B,ollama,medgemma:27b,60733007,generation_failure
Hypothyroidism,few_shot,3,MedGemma 1.0-27B,ollama,medgemma:27b,21263006,retrieval_failure
Hypothyroidism,few_shot,3,MedGemma 1.0-27B,ollama,medgemma:27b,718183003,retrieval_failure
Hypothyroidism,few_shot,3,MedGemma 1.0-27B,ollama,medgemma:27b,725462002,retrieval_failure
Hypothyroidism,few_shot,3,MedGemma 1.0-27B,ollama,medgemma:27b,237515009,generation_failure
Hypothyroidism,few_shot,3,MedGemma 1.0-27B,ollama,medgemma:27b,1137378008,generation_failure
Hypothyroidism,few_shot,3,MedGemma 1.0-27B,ollama,medgemma:27b,1179376009,generation_failure
Hypothyroidism,few_shot,3,MedGemma 1.0-27B,ollama,medgemma:27b,237554005,retrieval_failure
Hypothyroidism,few_shot,3,MedGemma 1.0-27B,ollama,medgemma:27b,55838005,generation_failure
Hypothyroidism,few_shot,3,MedGemma 1.0-27B,ollama,medgemma:27b,190309006,retrieval_failure
Hypothyroidism,few_shot,3,MedGemma 1.0-27B,ollama,medgemma:27b,722051004,retrieval_failure
Hypothyroidism,few_shot,3,MedGemma 1.0-27B,ollama,medgemma:27b,39444001,generation_failure
Hypothyroidism,few_shot,3,MedGemma 1.0-27B,ollama,medgemma:27b,83664006,generation_failure
Hypothyroidism,few_shot,3,MedGemma 1.0-27B,ollama,medgemma:27b,722939004,generation_failure
Hypothyroidism,few_shot,3,MedGemma 1.0-27B,ollama,medgemma:27b,278503003,retrieval_failure
Hypothyroidism,few_shot,3,MedGemma 1.0-27B,ollama,medgemma:27b,1179394003,generation_failure
Hypothyroidism,few_shot,3,MedGemma 1.0-27B,ollama,medgemma:27b,216693007,generation_failure
Hypothyroidism,few_shot,3,MedGemma 1.0-27B,ollama,medgemma:27b,190304001,retrieval_failure
Hypothyroidism,few_shot,3,MedGemma 1.0-27B,ollama,medgemma:27b,17885001,retrieval_failure
Hypothyroidism,few_shot,3,MedGemma 1.0-27B,ollama,medgemma:27b,64491003,retrieval_failure
Hypothyroidism,few_shot,3,MedGemma 1.0-27B,ollama,medgemma:27b,49830003,generation_failure
Hypothyroidism,few_shot,3,MedGemma 1.0-27B,ollama,medgemma:27b,1264402008,generation_failure
Hypothyroidism,few_shot,3,MedGemma 1.0-27B,ollama,medgemma:27b,1179392004,generation_failure
Hypothyroidism,few_shot,3,MedGemma 1.0-27B,ollama,medgemma:27b,70348004,retrieval_failure
Hypothyroidism,few_shot,3,MedGemma 1.0-27B,ollama,medgemma:27b,1179397005,generation_failure
Hypothyroidism,few_shot,3,MedGemma 1.0-27B,ollama,medgemma:27b,440092001,retrieval_failure
Hypothyroidism,few_shot,3,MedGemma 1.0-27B,ollama,medgemma:27b,190279008,generation_failure
Hypothyroidism,few_shot,3,MedGemma 1.0-27B,ollama,medgemma:27b,237517001,retrieval_failure
Hypothyroidism,few_shot,3,MedGemma 1.0-27B,ollama,medgemma:27b,718193005,retrieval_failure
Hypothyroidism,few_shot,3,MedGemma 1.0-27B,ollama,medgemma:27b,1179396001,generation_failure
Hypothyroidism,few_shot,3,MedGemma 1.0-27B,ollama,medgemma:27b,237526003,retrieval_failure
Hypothyroidism,few_shot,3,MedGemma 1.0-27B,ollama,medgemma:27b,190284002,generation_failure
Hypothyroidism,few_shot,3,MedGemma 1.0-27B,ollama,medgemma:27b,190282003,generation_failure
Hypothyroidism,few_shot,3,MedGemma 1.0-27B,ollama,medgemma:27b,237528002,generation_failure
Hypothyroidism,few_shot,3,MedGemma 1.0-27B,ollama,medgemma:27b,276566003,generation_failure
Hypothyroidism,few_shot,3,MedGemma 1.0-27B,ollama,medgemma:27b,237518006,generation_failure
Hypothyroidism,few_shot,3,MedGemma 1.0-27B,ollama,medgemma:27b,763890006,retrieval_failure
Hypothyroidism,few_shot,3,MedGemma 1.0-27B,ollama,medgemma:27b,771510006,retrieval_failure
Hypothyroidism,few_shot,3,MedGemma 1.0-27B,ollama,medgemma:27b,4641009,retrieval_failure
Hypothyroidism,few_shot,3,MedGemma 1.0-27B,ollama,medgemma:27b,286910004,generation_failure
Hypothyroidism,few_shot,3,MedGemma 1.0-27B,ollama,medgemma:27b,78574007,generation_failure
Hypothyroidism,few_shot,3,MedGemma 1.0-27B,ollama,medgemma:27b,1179384008,generation_failure
Hypothyroidism,few_shot,3,MedGemma 1.0-27B,ollama,medgemma:27b,14779006,generation_failure
Hypothyroidism,few_shot,3,MedGemma 1.0-27B,ollama,medgemma:27b,1260240000,retrieval_failure
Hypothyroidism,few_shot,3,MedGemma 1.0-27B,ollama,medgemma:27b,27059002,generation_failure
Hypothyroidism,few_shot,3,MedGemma 1.0-27B,ollama,medgemma:27b,217710005,retrieval_failure
Hypothyroidism,few_shot,3,MedGemma 1.0-27B,ollama,medgemma:27b,237556007,generation_failure
Hypothyroidism,few_shot,3,MedGemma 1.0-27B,ollama,medgemma:27b,190283008,generation_failure
Hypothyroidism,few_shot,3,MedGemma 1.0-27B,ollama,medgemma:27b,2917005,generation_failure
Hypothyroidism,few_shot,3,MedGemma 1.0-27B,ollama,medgemma:27b,89261000,retrieval_failure
Hypothyroidism,few_shot,3,MedGemma 1.0-27B,ollama,medgemma:27b,237695004,retrieval_failure
Hypothyroidism,few_shot,3,MedGemma 1.0-27B,ollama,medgemma:27b,70225006,generation_failure
Hypothyroidism,few_shot,3,MedGemma 1.0-27B,ollama,medgemma:27b,722375007,retrieval_failure
Hypothyroidism,few_shot,3,MedGemma 1.0-27B,ollama,medgemma:27b,42785009,generation_failure
Hypothyroidism,few_shot,3,MedGemma 1.0-27B,ollama,medgemma:27b,84781002,retrieval_failure
Hypothyroidism,few_shot,3,MedGemma 1.0-27B,ollama,medgemma:27b,23536000,retrieval_failure
Hypothyroidism,few_shot,3,MedGemma 1.0-27B,ollama,medgemma:27b,237562002,retrieval_failure
Hypothyroidism,few_shot,3,MedGemma 1.0-27B,ollama,medgemma:27b,18621008,retrieval_failure
Hypothyroidism,chain_of_thought,1,MedGemma 1.0-27B,ollama,medgemma:27b,190277005,generation_failure
Hypothyroidism,chain_of_thought,1,MedGemma 1.0-27B,ollama,medgemma:27b,190268003,generation_failure
Hypothyroidism,chain_of_thought,1,MedGemma 1.0-27B,ollama,medgemma:27b,63115005,generation_failure
Hypothyroidism,chain_of_thought,1,MedGemma 1.0-27B,ollama,medgemma:27b,1179404005,generation_failure
Hypothyroidism,chain_of_thought,1,MedGemma 1.0-27B,ollama,medgemma:27b,1179399008,generation_failure
Hypothyroidism,chain_of_thought,1,MedGemma 1.0-27B,ollama,medgemma:27b,722940002,generation_failure
Hypothyroidism,chain_of_thought,1,MedGemma 1.0-27B,ollama,medgemma:27b,43153006,retrieval_failure
Hypothyroidism,chain_of_thought,1,MedGemma 1.0-27B,ollama,medgemma:27b,237555006,generation_failure
Hypothyroidism,chain_of_thought,1,MedGemma 1.0-27B,ollama,medgemma:27b,276630006,retrieval_failure
Hypothyroidism,chain_of_thought,1,MedGemma 1.0-27B,ollama,medgemma:27b,42277004,retrieval_failure
Hypothyroidism,chain_of_thought,1,MedGemma 1.0-27B,ollama,medgemma:27b,237565000,retrieval_failure
Hypothyroidism,chain_of_thought,1,MedGemma 1.0-27B,ollama,medgemma:27b,237520009,generation_failure
Hypothyroidism,chain_of_thought,1,MedGemma 1.0-27B,ollama,medgemma:27b,360348000,retrieval_failure
Hypothyroidism,chain_of_thought,1,MedGemma 1.0-27B,ollama,medgemma:27b,82598004,generation_failure
Hypothyroidism,chain_of_thought,1,MedGemma 1.0-27B,ollama,medgemma:27b,10718002,retrieval_failure
Hypothyroidism,chain_of_thought,1,MedGemma 1.0-27B,ollama,medgemma:27b,237525004,retrieval_failure
Hypothyroidism,chain_of_thought,1,MedGemma 1.0-27B,ollama,medgemma:27b,52724003,retrieval_failure
Hypothyroidism,chain_of_thought,1,MedGemma 1.0-27B,ollama,medgemma:27b,1179401002,generation_failure
Hypothyroidism,chain_of_thought,1,MedGemma 1.0-27B,ollama,medgemma:27b,718194004,generation_failure
Hypothyroidism,chain_of_thought,1,MedGemma 1.0-27B,ollama,medgemma:27b,63127008,retrieval_failure
Hypothyroidism,chain_of_thought,1,MedGemma 1.0-27B,ollama,medgemma:27b,111308000,retrieval_failure
Hypothyroidism,chain_of_thought,1,MedGemma 1.0-27B,ollama,medgemma:27b,56041007,generation_failure
Hypothyroidism,chain_of_thought,1,MedGemma 1.0-27B,ollama,medgemma:27b,75065003,retrieval_failure
Hypothyroidism,chain_of_thought,1,MedGemma 1.0-27B,ollama,medgemma:27b,715734006,retrieval_failure
Hypothyroidism,chain_of_thought,1,MedGemma 1.0-27B,ollama,medgemma:27b,43507005,retrieval_failure
Hypothyroidism,chain_of_thought,1,MedGemma 1.0-27B,ollama,medgemma:27b,237559000,retrieval_failure
Hypothyroidism,chain_of_thought,1,MedGemma 1.0-27B,ollama,medgemma:27b,237516005,retrieval_failure
Hypothyroidism,chain_of_thought,1,MedGemma 1.0-27B,ollama,medgemma:27b,1281843005,retrieval_failure
Hypothyroidism,chain_of_thought,1,MedGemma 1.0-27B,ollama,medgemma:27b,8868001,retrieval_failure
Hypothyroidism,chain_of_thought,1,MedGemma 1.0-27B,ollama,medgemma:27b,237566004,retrieval_failure
Hypothyroidism,chain_of_thought,1,MedGemma 1.0-27B,ollama,medgemma:27b,367631000119105,generation_failure
Hypothyroidism,chain_of_thought,1,MedGemma 1.0-27B,ollama,medgemma:27b,3716002,retrieval_failure
Hypothyroidism,chain_of_thought,1,MedGemma 1.0-27B,ollama,medgemma:27b,74728003,retrieval_failure
Hypothyroidism,chain_of_thought,1,MedGemma 1.0-27B,ollama,medgemma:27b,206457007,generation_failure
Hypothyroidism,chain_of_thought,1,MedGemma 1.0-27B,ollama,medgemma:27b,92978002,retrieval_failure
Hypothyroidism,chain_of_thought,1,MedGemma 1.0-27B,ollama,medgemma:27b,93359004,retrieval_failure
Hypothyroidism,chain_of_thought,1,MedGemma 1.0-27B,ollama,medgemma:27b,215677009,generation_failure
Hypothyroidism,chain_of_thought,1,MedGemma 1.0-27B,ollama,medgemma:27b,50375007,retrieval_failure
Hypothyroidism,chain_of_thought,1,MedGemma 1.0-27B,ollama,medgemma:27b,22558005,retrieval_failure
Hypothyroidism,chain_of_thought,1,MedGemma 1.0-27B,ollama,medgemma:27b,10753681000119101,generation_failure
Hypothyroidism,chain_of_thought,1,MedGemma 1.0-27B,ollama,medgemma:27b,237560005,retrieval_failure
Hypothyroidism,chain_of_thought,1,MedGemma 1.0-27B,ollama,medgemma:27b,718690009,generation_failure
Hypothyroidism,chain_of_thought,1,MedGemma 1.0-27B,ollama,medgemma:27b,60733007,generation_failure
Hypothyroidism,chain_of_thought,1,MedGemma 1.0-27B,ollama,medgemma:27b,21263006,retrieval_failure
Hypothyroidism,chain_of_thought,1,MedGemma 1.0-27B,ollama,medgemma:27b,1179382007,generation_failure
Hypothyroidism,chain_of_thought,1,MedGemma 1.0-27B,ollama,medgemma:27b,718183003,retrieval_failure
Hypothyroidism,chain_of_thought,1,MedGemma 1.0-27B,ollama,medgemma:27b,725462002,retrieval_failure
Hypothyroidism,chain_of_thought,1,MedGemma 1.0-27B,ollama,medgemma:27b,237515009,generation_failure
Hypothyroidism,chain_of_thought,1,MedGemma 1.0-27B,ollama,medgemma:27b,1137378008,generation_failure
Hypothyroidism,chain_of_thought,1,MedGemma 1.0-27B,ollama,medgemma:27b,1179376009,generation_failure
Hypothyroidism,chain_of_thought,1,MedGemma 1.0-27B,ollama,medgemma:27b,237554005,retrieval_failure
Hypothyroidism,chain_of_thought,1,MedGemma 1.0-27B,ollama,medgemma:27b,1230272009,generation_failure
Hypothyroidism,chain_of_thought,1,MedGemma 1.0-27B,ollama,medgemma:27b,190309006,retrieval_failure
Hypothyroidism,chain_of_thought,1,MedGemma 1.0-27B,ollama,medgemma:27b,716338001,generation_failure
Hypothyroidism,chain_of_thought,1,MedGemma 1.0-27B,ollama,medgemma:27b,722051004,retrieval_failure
Hypothyroidism,chain_of_thought,1,MedGemma 1.0-27B,ollama,medgemma:27b,278503003,retrieval_failure
Hypothyroidism,chain_of_thought,1,MedGemma 1.0-27B,ollama,medgemma:27b,190304001,retrieval_failure
Hypothyroidism,chain_of_thought,1,MedGemma 1.0-27B,ollama,medgemma:27b,17885001,retrieval_failure
Hypothyroidism,chain_of_thought,1,MedGemma 1.0-27B,ollama,medgemma:27b,64491003,retrieval_failure
Hypothyroidism,chain_of_thought,1,MedGemma 1.0-27B,ollama,medgemma:27b,1264402008,generation_failure
Hypothyroidism,chain_of_thought,1,MedGemma 1.0-27B,ollama,medgemma:27b,1179392004,generation_failure
Hypothyroidism,chain_of_thought,1,MedGemma 1.0-27B,ollama,medgemma:27b,70348004,retrieval_failure
Hypothyroidism,chain_of_thought,1,MedGemma 1.0-27B,ollama,medgemma:27b,1179397005,generation_failure
Hypothyroidism,chain_of_thought,1,MedGemma 1.0-27B,ollama,medgemma:27b,440092001,retrieval_failure
Hypothyroidism,chain_of_thought,1,MedGemma 1.0-27B,ollama,medgemma:27b,190279008,generation_failure
Hypothyroidism,chain_of_thought,1,MedGemma 1.0-27B,ollama,medgemma:27b,237517001,retrieval_failure
Hypothyroidism,chain_of_thought,1,MedGemma 1.0-27B,ollama,medgemma:27b,718193005,retrieval_failure
Hypothyroidism,chain_of_thought,1,MedGemma 1.0-27B,ollama,medgemma:27b,1179396001,generation_failure
Hypothyroidism,chain_of_thought,1,MedGemma 1.0-27B,ollama,medgemma:27b,237526003,retrieval_failure
Hypothyroidism,chain_of_thought,1,MedGemma 1.0-27B,ollama,medgemma:27b,190284002,generation_failure
Hypothyroidism,chain_of_thought,1,MedGemma 1.0-27B,ollama,medgemma:27b,190282003,generation_failure
Hypothyroidism,chain_of_thought,1,MedGemma 1.0-27B,ollama,medgemma:27b,237528002,generation_failure
Hypothyroidism,chain_of_thought,1,MedGemma 1.0-27B,ollama,medgemma:27b,237518006,generation_failure
Hypothyroidism,chain_of_thought,1,MedGemma 1.0-27B,ollama,medgemma:27b,763890006,retrieval_failure
Hypothyroidism,chain_of_thought,1,MedGemma 1.0-27B,ollama,medgemma:27b,771510006,retrieval_failure
Hypothyroidism,chain_of_thought,1,MedGemma 1.0-27B,ollama,medgemma:27b,4641009,retrieval_failure
Hypothyroidism,chain_of_thought,1,MedGemma 1.0-27B,ollama,medgemma:27b,102871000119101,generation_failure
Hypothyroidism,chain_of_thought,1,MedGemma 1.0-27B,ollama,medgemma:27b,1179384008,generation_failure
Hypothyroidism,chain_of_thought,1,MedGemma 1.0-27B,ollama,medgemma:27b,14779006,generation_failure
Hypothyroidism,chain_of_thought,1,MedGemma 1.0-27B,ollama,medgemma:27b,30229009,generation_failure
Hypothyroidism,chain_of_thought,1,MedGemma 1.0-27B,ollama,medgemma:27b,1260240000,retrieval_failure
Hypothyroidism,chain_of_thought,1,MedGemma 1.0-27B,ollama,medgemma:27b,27059002,generation_failure
Hypothyroidism,chain_of_thought,1,MedGemma 1.0-27B,ollama,medgemma:27b,217710005,retrieval_failure
Hypothyroidism,chain_of_thought,1,MedGemma 1.0-27B,ollama,medgemma:27b,190283008,generation_failure
Hypothyroidism,chain_of_thought,1,MedGemma 1.0-27B,ollama,medgemma:27b,89261000,retrieval_failure
Hypothyroidism,chain_of_thought,1,MedGemma 1.0-27B,ollama,medgemma:27b,237695004,retrieval_failure
Hypothyroidism,chain_of_thought,1,MedGemma 1.0-27B,ollama,medgemma:27b,70225006,generation_failure
Hypothyroidism,chain_of_thought,1,MedGemma 1.0-27B,ollama,medgemma:27b,722375007,retrieval_failure
Hypothyroidism,chain_of_thought,1,MedGemma 1.0-27B,ollama,medgemma:27b,84781002,retrieval_failure
Hypothyroidism,chain_of_thought,1,MedGemma 1.0-27B,ollama,medgemma:27b,23536000,retrieval_failure
Hypothyroidism,chain_of_thought,1,MedGemma 1.0-27B,ollama,medgemma:27b,237562002,retrieval_failure
Hypothyroidism,chain_of_thought,1,MedGemma 1.0-27B,ollama,medgemma:27b,18621008,retrieval_failure
Hypothyroidism,chain_of_thought,2,MedGemma 1.0-27B,ollama,medgemma:27b,190277005,generation_failure
Hypothyroidism,chain_of_thought,2,MedGemma 1.0-27B,ollama,medgemma:27b,190268003,generation_failure
Hypothyroidism,chain_of_thought,2,MedGemma 1.0-27B,ollama,medgemma:27b,1179404005,generation_failure
Hypothyroidism,chain_of_thought,2,MedGemma 1.0-27B,ollama,medgemma:27b,1179399008,generation_failure
Hypothyroidism,chain_of_thought,2,MedGemma 1.0-27B,ollama,medgemma:27b,43153006,retrieval_failure
Hypothyroidism,chain_of_thought,2,MedGemma 1.0-27B,ollama,medgemma:27b,237555006,generation_failure
Hypothyroidism,chain_of_thought,2,MedGemma 1.0-27B,ollama,medgemma:27b,698577000,generation_failure
Hypothyroidism,chain_of_thought,2,MedGemma 1.0-27B,ollama,medgemma:27b,276630006,retrieval_failure
Hypothyroidism,chain_of_thought,2,MedGemma 1.0-27B,ollama,medgemma:27b,237521008,generation_failure
Hypothyroidism,chain_of_thought,2,MedGemma 1.0-27B,ollama,medgemma:27b,42277004,retrieval_failure
Hypothyroidism,chain_of_thought,2,MedGemma 1.0-27B,ollama,medgemma:27b,237565000,retrieval_failure
Hypothyroidism,chain_of_thought,2,MedGemma 1.0-27B,ollama,medgemma:27b,237520009,generation_failure
Hypothyroidism,chain_of_thought,2,MedGemma 1.0-27B,ollama,medgemma:27b,1179381000,generation_failure
Hypothyroidism,chain_of_thought,2,MedGemma 1.0-27B,ollama,medgemma:27b,360348000,retrieval_failure
Hypothyroidism,chain_of_thought,2,MedGemma 1.0-27B,ollama,medgemma:27b,82598004,generation_failure
Hypothyroidism,chain_of_thought,2,MedGemma 1.0-27B,ollama,medgemma:27b,10718002,retrieval_failure
Hypothyroidism,chain_of_thought,2,MedGemma 1.0-27B,ollama,medgemma:27b,1179385009,generation_failure
Hypothyroidism,chain_of_thought,2,MedGemma 1.0-27B,ollama,medgemma:27b,237525004,retrieval_failure
Hypothyroidism,chain_of_thought,2,MedGemma 1.0-27B,ollama,medgemma:27b,52724003,retrieval_failure
Hypothyroidism,chain_of_thought,2,MedGemma 1.0-27B,ollama,medgemma:27b,428165003,generation_failure
Hypothyroidism,chain_of_thought,2,MedGemma 1.0-27B,ollama,medgemma:27b,1179395002,generation_failure
Hypothyroidism,chain_of_thought,2,MedGemma 1.0-27B,ollama,medgemma:27b,1179401002,generation_failure
Hypothyroidism,chain_of_thought,2,MedGemma 1.0-27B,ollama,medgemma:27b,718194004,generation_failure
Hypothyroidism,chain_of_thought,2,MedGemma 1.0-27B,ollama,medgemma:27b,63127008,retrieval_failure
Hypothyroidism,chain_of_thought,2,MedGemma 1.0-27B,ollama,medgemma:27b,111308000,retrieval_failure
Hypothyroidism,chain_of_thought,2,MedGemma 1.0-27B,ollama,medgemma:27b,56041007,generation_failure
Hypothyroidism,chain_of_thought,2,MedGemma 1.0-27B,ollama,medgemma:27b,75065003,retrieval_failure
Hypothyroidism,chain_of_thought,2,MedGemma 1.0-27B,ollama,medgemma:27b,715734006,retrieval_failure
Hypothyroidism,chain_of_thought,2,MedGemma 1.0-27B,ollama,medgemma:27b,43507005,retrieval_failure
Hypothyroidism,chain_of_thought,2,MedGemma 1.0-27B,ollama,medgemma:27b,237559000,retrieval_failure
Hypothyroidism,chain_of_thought,2,MedGemma 1.0-27B,ollama,medgemma:27b,237516005,retrieval_failure
Hypothyroidism,chain_of_thought,2,MedGemma 1.0-27B,ollama,medgemma:27b,1281843005,retrieval_failure
Hypothyroidism,chain_of_thought,2,MedGemma 1.0-27B,ollama,medgemma:27b,8868001,retrieval_failure
Hypothyroidism,chain_of_thought,2,MedGemma 1.0-27B,ollama,medgemma:27b,237566004,retrieval_failure
Hypothyroidism,chain_of_thought,2,MedGemma 1.0-27B,ollama,medgemma:27b,405629002,generation_failure
Hypothyroidism,chain_of_thought,2,MedGemma 1.0-27B,ollama,medgemma:27b,405630007,generation_failure
Hypothyroidism,chain_of_thought,2,MedGemma 1.0-27B,ollama,medgemma:27b,237523006,generation_failure
Hypothyroidism,chain_of_thought,2,MedGemma 1.0-27B,ollama,medgemma:27b,717333002,generation_failure
Hypothyroidism,chain_of_thought,2,MedGemma 1.0-27B,ollama,medgemma:27b,10809101000119109,generation_failure
Hypothyroidism,chain_of_thought,2,MedGemma 1.0-27B,ollama,medgemma:27b,3716002,retrieval_failure
Hypothyroidism,chain_of_thought,2,MedGemma 1.0-27B,ollama,medgemma:27b,88273006,generation_failure
Hypothyroidism,chain_of_thought,2,MedGemma 1.0-27B,ollama,medgemma:27b,74728003,retrieval_failure
Hypothyroidism,chain_of_thought,2,MedGemma 1.0-27B,ollama,medgemma:27b,206457007,generation_failure
Hypothyroidism,chain_of_thought,2,MedGemma 1.0-27B,ollama,medgemma:27b,92978002,retrieval_failure
Hypothyroidism,chain_of_thought,2,MedGemma 1.0-27B,ollama,medgemma:27b,93359004,retrieval_failure
Hypothyroidism,chain_of_thought,2,MedGemma 1.0-27B,ollama,medgemma:27b,50375007,retrieval_failure
Hypothyroidism,chain_of_thought,2,MedGemma 1.0-27B,ollama,medgemma:27b,22558005,retrieval_failure
Hypothyroidism,chain_of_thought,2,MedGemma 1.0-27B,ollama,medgemma:27b,10753681000119101,generation_failure
Hypothyroidism,chain_of_thought,2,MedGemma 1.0-27B,ollama,medgemma:27b,237560005,retrieval_failure
Hypothyroidism,chain_of_thought,2,MedGemma 1.0-27B,ollama,medgemma:27b,237567008,generation_failure
Hypothyroidism,chain_of_thought,2,MedGemma 1.0-27B,ollama,medgemma:27b,718690009,generation_failure
Hypothyroidism,chain_of_thought,2,MedGemma 1.0-27B,ollama,medgemma:27b,60733007,generation_failure
Hypothyroidism,chain_of_thought,2,MedGemma 1.0-27B,ollama,medgemma:27b,21263006,retrieval_failure
Hypothyroidism,chain_of_thought,2,MedGemma 1.0-27B,ollama,medgemma:27b,718183003,retrieval_failure
Hypothyroidism,chain_of_thought,2,MedGemma 1.0-27B,ollama,medgemma:27b,725462002,retrieval_failure
Hypothyroidism,chain_of_thought,2,MedGemma 1.0-27B,ollama,medgemma:27b,237515009,generation_failure
Hypothyroidism,chain_of_thought,2,MedGemma 1.0-27B,ollama,medgemma:27b,1137378008,generation_failure
Hypothyroidism,chain_of_thought,2,MedGemma 1.0-27B,ollama,medgemma:27b,1179376009,generation_failure
Hypothyroidism,chain_of_thought,2,MedGemma 1.0-27B,ollama,medgemma:27b,237554005,retrieval_failure
Hypothyroidism,chain_of_thought,2,MedGemma 1.0-27B,ollama,medgemma:27b,1230272009,generation_failure
Hypothyroidism,chain_of_thought,2,MedGemma 1.0-27B,ollama,medgemma:27b,55838005,generation_failure
Hypothyroidism,chain_of_thought,2,MedGemma 1.0-27B,ollama,medgemma:27b,190309006,retrieval_failure
Hypothyroidism,chain_of_thought,2,MedGemma 1.0-27B,ollama,medgemma:27b,716338001,generation_failure
Hypothyroidism,chain_of_thought,2,MedGemma 1.0-27B,ollama,medgemma:27b,722051004,retrieval_failure
Hypothyroidism,chain_of_thought,2,MedGemma 1.0-27B,ollama,medgemma:27b,39444001,generation_failure
Hypothyroidism,chain_of_thought,2,MedGemma 1.0-27B,ollama,medgemma:27b,722939004,generation_failure
Hypothyroidism,chain_of_thought,2,MedGemma 1.0-27B,ollama,medgemma:27b,278503003,retrieval_failure
Hypothyroidism,chain_of_thought,2,MedGemma 1.0-27B,ollama,medgemma:27b,1179394003,generation_failure
Hypothyroidism,chain_of_thought,2,MedGemma 1.0-27B,ollama,medgemma:27b,216693007,generation_failure
Hypothyroidism,chain_of_thought,2,MedGemma 1.0-27B,ollama,medgemma:27b,190304001,retrieval_failure
Hypothyroidism,chain_of_thought,2,MedGemma 1.0-27B,ollama,medgemma:27b,237519003,generation_failure
Hypothyroidism,chain_of_thought,2,MedGemma 1.0-27B,ollama,medgemma:27b,17885001,retrieval_failure
Hypothyroidism,chain_of_thought,2,MedGemma 1.0-27B,ollama,medgemma:27b,64491003,retrieval_failure
Hypothyroidism,chain_of_thought,2,MedGemma 1.0-27B,ollama,medgemma:27b,49830003,generation_failure
Hypothyroidism,chain_of_thought,2,MedGemma 1.0-27B,ollama,medgemma:27b,1264402008,generation_failure
Hypothyroidism,chain_of_thought,2,MedGemma 1.0-27B,ollama,medgemma:27b,1179392004,generation_failure
Hypothyroidism,chain_of_thought,2,MedGemma 1.0-27B,ollama,medgemma:27b,70348004,retrieval_failure
Hypothyroidism,chain_of_thought,2,MedGemma 1.0-27B,ollama,medgemma:27b,722938007,generation_failure
Hypothyroidism,chain_of_thought,2,MedGemma 1.0-27B,ollama,medgemma:27b,1179397005,generation_failure
Hypothyroidism,chain_of_thought,2,MedGemma 1.0-27B,ollama,medgemma:27b,440092001,retrieval_failure
Hypothyroidism,chain_of_thought,2,MedGemma 1.0-27B,ollama,medgemma:27b,190279008,generation_failure
Hypothyroidism,chain_of_thought,2,MedGemma 1.0-27B,ollama,medgemma:27b,237517001,retrieval_failure
Hypothyroidism,chain_of_thought,2,MedGemma 1.0-27B,ollama,medgemma:27b,718193005,retrieval_failure
Hypothyroidism,chain_of_thought,2,MedGemma 1.0-27B,ollama,medgemma:27b,1179396001,generation_failure
Hypothyroidism,chain_of_thought,2,MedGemma 1.0-27B,ollama,medgemma:27b,237526003,retrieval_failure
Hypothyroidism,chain_of_thought,2,MedGemma 1.0-27B,ollama,medgemma:27b,190284002,generation_failure
Hypothyroidism,chain_of_thought,2,MedGemma 1.0-27B,ollama,medgemma:27b,190282003,generation_failure
Hypothyroidism,chain_of_thought,2,MedGemma 1.0-27B,ollama,medgemma:27b,26692000,generation_failure
Hypothyroidism,chain_of_thought,2,MedGemma 1.0-27B,ollama,medgemma:27b,237528002,generation_failure
Hypothyroidism,chain_of_thought,2,MedGemma 1.0-27B,ollama,medgemma:27b,276566003,generation_failure
Hypothyroidism,chain_of_thought,2,MedGemma 1.0-27B,ollama,medgemma:27b,237518006,generation_failure
Hypothyroidism,chain_of_thought,2,MedGemma 1.0-27B,ollama,medgemma:27b,763890006,retrieval_failure
Hypothyroidism,chain_of_thought,2,MedGemma 1.0-27B,ollama,medgemma:27b,771510006,retrieval_failure
Hypothyroidism,chain_of_thought,2,MedGemma 1.0-27B,ollama,medgemma:27b,4641009,retrieval_failure
Hypothyroidism,chain_of_thought,2,MedGemma 1.0-27B,ollama,medgemma:27b,102871000119101,generation_failure
Hypothyroidism,chain_of_thought,2,MedGemma 1.0-27B,ollama,medgemma:27b,286910004,generation_failure
Hypothyroidism,chain_of_thought,2,MedGemma 1.0-27B,ollama,medgemma:27b,78574007,generation_failure
Hypothyroidism,chain_of_thought,2,MedGemma 1.0-27B,ollama,medgemma:27b,1179384008,generation_failure
Hypothyroidism,chain_of_thought,2,MedGemma 1.0-27B,ollama,medgemma:27b,30229009,generation_failure
Hypothyroidism,chain_of_thought,2,MedGemma 1.0-27B,ollama,medgemma:27b,717334008,generation_failure
Hypothyroidism,chain_of_thought,2,MedGemma 1.0-27B,ollama,medgemma:27b,1260240000,retrieval_failure
Hypothyroidism,chain_of_thought,2,MedGemma 1.0-27B,ollama,medgemma:27b,27059002,generation_failure
Hypothyroidism,chain_of_thought,2,MedGemma 1.0-27B,ollama,medgemma:27b,217710005,retrieval_failure
Hypothyroidism,chain_of_thought,2,MedGemma 1.0-27B,ollama,medgemma:27b,1179400001,generation_failure
Hypothyroidism,chain_of_thought,2,MedGemma 1.0-27B,ollama,medgemma:27b,190283008,generation_failure
Hypothyroidism,chain_of_thought,2,MedGemma 1.0-27B,ollama,medgemma:27b,237556007,generation_failure
Hypothyroidism,chain_of_thought,2,MedGemma 1.0-27B,ollama,medgemma:27b,89261000,retrieval_failure
Hypothyroidism,chain_of_thought,2,MedGemma 1.0-27B,ollama,medgemma:27b,237695004,retrieval_failure
Hypothyroidism,chain_of_thought,2,MedGemma 1.0-27B,ollama,medgemma:27b,70225006,generation_failure
Hypothyroidism,chain_of_thought,2,MedGemma 1.0-27B,ollama,medgemma:27b,722375007,retrieval_failure
Hypothyroidism,chain_of_thought,2,MedGemma 1.0-27B,ollama,medgemma:27b,42785009,generation_failure
Hypothyroidism,chain_of_thought,2,MedGemma 1.0-27B,ollama,medgemma:27b,84781002,retrieval_failure
Hypothyroidism,chain_of_thought,2,MedGemma 1.0-27B,ollama,medgemma:27b,23536000,retrieval_failure
Hypothyroidism,chain_of_thought,2,MedGemma 1.0-27B,ollama,medgemma:27b,237562002,retrieval_failure
Hypothyroidism,chain_of_thought,2,MedGemma 1.0-27B,ollama,medgemma:27b,18621008,retrieval_failure
Hypothyroidism,chain_of_thought,3,MedGemma 1.0-27B,ollama,medgemma:27b,190277005,generation_failure
Hypothyroidism,chain_of_thought,3,MedGemma 1.0-27B,ollama,medgemma:27b,63115005,generation_failure
Hypothyroidism,chain_of_thought,3,MedGemma 1.0-27B,ollama,medgemma:27b,1179404005,generation_failure
Hypothyroidism,chain_of_thought,3,MedGemma 1.0-27B,ollama,medgemma:27b,1179399008,generation_failure
Hypothyroidism,chain_of_thought,3,MedGemma 1.0-27B,ollama,medgemma:27b,43153006,retrieval_failure
Hypothyroidism,chain_of_thought,3,MedGemma 1.0-27B,ollama,medgemma:27b,237555006,generation_failure
Hypothyroidism,chain_of_thought,3,MedGemma 1.0-27B,ollama,medgemma:27b,698577000,generation_failure
Hypothyroidism,chain_of_thought,3,MedGemma 1.0-27B,ollama,medgemma:27b,276630006,retrieval_failure
Hypothyroidism,chain_of_thought,3,MedGemma 1.0-27B,ollama,medgemma:27b,237521008,generation_failure
Hypothyroidism,chain_of_thought,3,MedGemma 1.0-27B,ollama,medgemma:27b,42277004,retrieval_failure
Hypothyroidism,chain_of_thought,3,MedGemma 1.0-27B,ollama,medgemma:27b,237565000,retrieval_failure
Hypothyroidism,chain_of_thought,3,MedGemma 1.0-27B,ollama,medgemma:27b,237520009,generation_failure
Hypothyroidism,chain_of_thought,3,MedGemma 1.0-27B,ollama,medgemma:27b,1179381000,generation_failure
Hypothyroidism,chain_of_thought,3,MedGemma 1.0-27B,ollama,medgemma:27b,360348000,retrieval_failure
Hypothyroidism,chain_of_thought,3,MedGemma 1.0-27B,ollama,medgemma:27b,10718002,retrieval_failure
Hypothyroidism,chain_of_thought,3,MedGemma 1.0-27B,ollama,medgemma:27b,1179385009,generation_failure
Hypothyroidism,chain_of_thought,3,MedGemma 1.0-27B,ollama,medgemma:27b,237525004,retrieval_failure
Hypothyroidism,chain_of_thought,3,MedGemma 1.0-27B,ollama,medgemma:27b,52724003,retrieval_failure
Hypothyroidism,chain_of_thought,3,MedGemma 1.0-27B,ollama,medgemma:27b,428165003,generation_failure
Hypothyroidism,chain_of_thought,3,MedGemma 1.0-27B,ollama,medgemma:27b,1179395002,generation_failure
Hypothyroidism,chain_of_thought,3,MedGemma 1.0-27B,ollama,medgemma:27b,1179401002,generation_failure
Hypothyroidism,chain_of_thought,3,MedGemma 1.0-27B,ollama,medgemma:27b,718194004,generation_failure
Hypothyroidism,chain_of_thought,3,MedGemma 1.0-27B,ollama,medgemma:27b,63127008,retrieval_failure
Hypothyroidism,chain_of_thought,3,MedGemma 1.0-27B,ollama,medgemma:27b,111308000,retrieval_failure
Hypothyroidism,chain_of_thought,3,MedGemma 1.0-27B,ollama,medgemma:27b,75065003,retrieval_failure
Hypothyroidism,chain_of_thought,3,MedGemma 1.0-27B,ollama,medgemma:27b,715734006,retrieval_failure
Hypothyroidism,chain_of_thought,3,MedGemma 1.0-27B,ollama,medgemma:27b,43507005,retrieval_failure
Hypothyroidism,chain_of_thought,3,MedGemma 1.0-27B,ollama,medgemma:27b,237559000,retrieval_failure
Hypothyroidism,chain_of_thought,3,MedGemma 1.0-27B,ollama,medgemma:27b,237516005,retrieval_failure
Hypothyroidism,chain_of_thought,3,MedGemma 1.0-27B,ollama,medgemma:27b,1281843005,retrieval_failure
Hypothyroidism,chain_of_thought,3,MedGemma 1.0-27B,ollama,medgemma:27b,8868001,retrieval_failure
Hypothyroidism,chain_of_thought,3,MedGemma 1.0-27B,ollama,medgemma:27b,237566004,retrieval_failure
Hypothyroidism,chain_of_thought,3,MedGemma 1.0-27B,ollama,medgemma:27b,405629002,generation_failure
Hypothyroidism,chain_of_thought,3,MedGemma 1.0-27B,ollama,medgemma:27b,405630007,generation_failure
Hypothyroidism,chain_of_thought,3,MedGemma 1.0-27B,ollama,medgemma:27b,367631000119105,generation_failure
Hypothyroidism,chain_of_thought,3,MedGemma 1.0-27B,ollama,medgemma:27b,10809101000119109,generation_failure
Hypothyroidism,chain_of_thought,3,MedGemma 1.0-27B,ollama,medgemma:27b,3716002,retrieval_failure
Hypothyroidism,chain_of_thought,3,MedGemma 1.0-27B,ollama,medgemma:27b,717333002,generation_failure
Hypothyroidism,chain_of_thought,3,MedGemma 1.0-27B,ollama,medgemma:27b,74728003,retrieval_failure
Hypothyroidism,chain_of_thought,3,MedGemma 1.0-27B,ollama,medgemma:27b,206457007,generation_failure
Hypothyroidism,chain_of_thought,3,MedGemma 1.0-27B,ollama,medgemma:27b,92978002,retrieval_failure
Hypothyroidism,chain_of_thought,3,MedGemma 1.0-27B,ollama,medgemma:27b,93359004,retrieval_failure
Hypothyroidism,chain_of_thought,3,MedGemma 1.0-27B,ollama,medgemma:27b,215677009,generation_failure
Hypothyroidism,chain_of_thought,3,MedGemma 1.0-27B,ollama,medgemma:27b,50375007,retrieval_failure
Hypothyroidism,chain_of_thought,3,MedGemma 1.0-27B,ollama,medgemma:27b,22558005,retrieval_failure
Hypothyroidism,chain_of_thought,3,MedGemma 1.0-27B,ollama,medgemma:27b,10753681000119101,generation_failure
Hypothyroidism,chain_of_thought,3,MedGemma 1.0-27B,ollama,medgemma:27b,237560005,retrieval_failure
Hypothyroidism,chain_of_thought,3,MedGemma 1.0-27B,ollama,medgemma:27b,237567008,generation_failure
Hypothyroidism,chain_of_thought,3,MedGemma 1.0-27B,ollama,medgemma:27b,718690009,generation_failure
Hypothyroidism,chain_of_thought,3,MedGemma 1.0-27B,ollama,medgemma:27b,60733007,generation_failure
Hypothyroidism,chain_of_thought,3,MedGemma 1.0-27B,ollama,medgemma:27b,21263006,retrieval_failure
Hypothyroidism,chain_of_thought,3,MedGemma 1.0-27B,ollama,medgemma:27b,1179382007,generation_failure
Hypothyroidism,chain_of_thought,3,MedGemma 1.0-27B,ollama,medgemma:27b,718183003,retrieval_failure
Hypothyroidism,chain_of_thought,3,MedGemma 1.0-27B,ollama,medgemma:27b,725462002,retrieval_failure
Hypothyroidism,chain_of_thought,3,MedGemma 1.0-27B,ollama,medgemma:27b,237515009,generation_failure
Hypothyroidism,chain_of_thought,3,MedGemma 1.0-27B,ollama,medgemma:27b,1137378008,generation_failure
Hypothyroidism,chain_of_thought,3,MedGemma 1.0-27B,ollama,medgemma:27b,1179376009,generation_failure
Hypothyroidism,chain_of_thought,3,MedGemma 1.0-27B,ollama,medgemma:27b,237554005,retrieval_failure
Hypothyroidism,chain_of_thought,3,MedGemma 1.0-27B,ollama,medgemma:27b,1230272009,generation_failure
Hypothyroidism,chain_of_thought,3,MedGemma 1.0-27B,ollama,medgemma:27b,55838005,generation_failure
Hypothyroidism,chain_of_thought,3,MedGemma 1.0-27B,ollama,medgemma:27b,190309006,retrieval_failure
Hypothyroidism,chain_of_thought,3,MedGemma 1.0-27B,ollama,medgemma:27b,716338001,generation_failure
Hypothyroidism,chain_of_thought,3,MedGemma 1.0-27B,ollama,medgemma:27b,722051004,retrieval_failure
Hypothyroidism,chain_of_thought,3,MedGemma 1.0-27B,ollama,medgemma:27b,39444001,generation_failure
Hypothyroidism,chain_of_thought,3,MedGemma 1.0-27B,ollama,medgemma:27b,722939004,generation_failure
Hypothyroidism,chain_of_thought,3,MedGemma 1.0-27B,ollama,medgemma:27b,278503003,retrieval_failure
Hypothyroidism,chain_of_thought,3,MedGemma 1.0-27B,ollama,medgemma:27b,1179394003,generation_failure
Hypothyroidism,chain_of_thought,3,MedGemma 1.0-27B,ollama,medgemma:27b,216693007,generation_failure
Hypothyroidism,chain_of_thought,3,MedGemma 1.0-27B,ollama,medgemma:27b,190304001,retrieval_failure
Hypothyroidism,chain_of_thought,3,MedGemma 1.0-27B,ollama,medgemma:27b,17885001,retrieval_failure
Hypothyroidism,chain_of_thought,3,MedGemma 1.0-27B,ollama,medgemma:27b,64491003,retrieval_failure
Hypothyroidism,chain_of_thought,3,MedGemma 1.0-27B,ollama,medgemma:27b,49830003,generation_failure
Hypothyroidism,chain_of_thought,3,MedGemma 1.0-27B,ollama,medgemma:27b,1264402008,generation_failure
Hypothyroidism,chain_of_thought,3,MedGemma 1.0-27B,ollama,medgemma:27b,1179392004,generation_failure
Hypothyroidism,chain_of_thought,3,MedGemma 1.0-27B,ollama,medgemma:27b,70348004,retrieval_failure
Hypothyroidism,chain_of_thought,3,MedGemma 1.0-27B,ollama,medgemma:27b,722938007,generation_failure
Hypothyroidism,chain_of_thought,3,MedGemma 1.0-27B,ollama,medgemma:27b,1179397005,generation_failure
Hypothyroidism,chain_of_thought,3,MedGemma 1.0-27B,ollama,medgemma:27b,440092001,retrieval_failure
Hypothyroidism,chain_of_thought,3,MedGemma 1.0-27B,ollama,medgemma:27b,190279008,generation_failure
Hypothyroidism,chain_of_thought,3,MedGemma 1.0-27B,ollama,medgemma:27b,237517001,retrieval_failure
Hypothyroidism,chain_of_thought,3,MedGemma 1.0-27B,ollama,medgemma:27b,718193005,retrieval_failure
Hypothyroidism,chain_of_thought,3,MedGemma 1.0-27B,ollama,medgemma:27b,1179396001,generation_failure
Hypothyroidism,chain_of_thought,3,MedGemma 1.0-27B,ollama,medgemma:27b,237526003,retrieval_failure
Hypothyroidism,chain_of_thought,3,MedGemma 1.0-27B,ollama,medgemma:27b,190284002,generation_failure
Hypothyroidism,chain_of_thought,3,MedGemma 1.0-27B,ollama,medgemma:27b,190282003,generation_failure
Hypothyroidism,chain_of_thought,3,MedGemma 1.0-27B,ollama,medgemma:27b,237528002,generation_failure
Hypothyroidism,chain_of_thought,3,MedGemma 1.0-27B,ollama,medgemma:27b,276566003,generation_failure
Hypothyroidism,chain_of_thought,3,MedGemma 1.0-27B,ollama,medgemma:27b,237518006,generation_failure
Hypothyroidism,chain_of_thought,3,MedGemma 1.0-27B,ollama,medgemma:27b,763890006,retrieval_failure
Hypothyroidism,chain_of_thought,3,MedGemma 1.0-27B,ollama,medgemma:27b,771510006,retrieval_failure
Hypothyroidism,chain_of_thought,3,MedGemma 1.0-27B,ollama,medgemma:27b,4641009,retrieval_failure
Hypothyroidism,chain_of_thought,3,MedGemma 1.0-27B,ollama,medgemma:27b,78574007,generation_failure
Hypothyroidism,chain_of_thought,3,MedGemma 1.0-27B,ollama,medgemma:27b,1179384008,generation_failure
Hypothyroidism,chain_of_thought,3,MedGemma 1.0-27B,ollama,medgemma:27b,717334008,generation_failure
Hypothyroidism,chain_of_thought,3,MedGemma 1.0-27B,ollama,medgemma:27b,1260240000,retrieval_failure
Hypothyroidism,chain_of_thought,3,MedGemma 1.0-27B,ollama,medgemma:27b,27059002,generation_failure
Hypothyroidism,chain_of_thought,3,MedGemma 1.0-27B,ollama,medgemma:27b,217710005,retrieval_failure
Hypothyroidism,chain_of_thought,3,MedGemma 1.0-27B,ollama,medgemma:27b,1179400001,generation_failure
Hypothyroidism,chain_of_thought,3,MedGemma 1.0-27B,ollama,medgemma:27b,190283008,generation_failure
Hypothyroidism,chain_of_thought,3,MedGemma 1.0-27B,ollama,medgemma:27b,237556007,generation_failure
Hypothyroidism,chain_of_thought,3,MedGemma 1.0-27B,ollama,medgemma:27b,89261000,retrieval_failure
Hypothyroidism,chain_of_thought,3,MedGemma 1.0-27B,ollama,medgemma:27b,237695004,retrieval_failure
Hypothyroidism,chain_of_thought,3,MedGemma 1.0-27B,ollama,medgemma:27b,70225006,generation_failure
Hypothyroidism,chain_of_thought,3,MedGemma 1.0-27B,ollama,medgemma:27b,722375007,retrieval_failure
Hypothyroidism,chain_of_thought,3,MedGemma 1.0-27B,ollama,medgemma:27b,42785009,generation_failure
Hypothyroidism,chain_of_thought,3,MedGemma 1.0-27B,ollama,medgemma:27b,84781002,retrieval_failure
Hypothyroidism,chain_of_thought,3,MedGemma 1.0-27B,ollama,medgemma:27b,23536000,retrieval_failure
Hypothyroidism,chain_of_thought,3,MedGemma 1.0-27B,ollama,medgemma:27b,237562002,retrieval_failure
Hypothyroidism,chain_of_thought,3,MedGemma 1.0-27B,ollama,medgemma:27b,18621008,retrieval_failure
Multiple Sclerosis,zero_shot,1,MedGemma 1.0-27B,ollama,medgemma:27b,39181000087106,generation_failure
Multiple Sclerosis,zero_shot,1,MedGemma 1.0-27B,ollama,medgemma:27b,343581000000101,generation_failure
Multiple Sclerosis,zero_shot,1,MedGemma 1.0-27B,ollama,medgemma:27b,438511000,generation_failure
Multiple Sclerosis,zero_shot,1,MedGemma 1.0-27B,ollama,medgemma:27b,903741000000102,retrieval_failure
Multiple Sclerosis,zero_shot,1,MedGemma 1.0-27B,ollama,medgemma:27b,733028000,retrieval_failure
Multiple Sclerosis,zero_shot,1,MedGemma 1.0-27B,ollama,medgemma:27b,176111000000101,generation_failure
Multiple Sclerosis,zero_shot,1,MedGemma 1.0-27B,ollama,medgemma:27b,766246000,generation_failure
Multiple Sclerosis,zero_shot,1,MedGemma 1.0-27B,ollama,medgemma:27b,230380005,generation_failure
Multiple Sclerosis,zero_shot,1,MedGemma 1.0-27B,ollama,medgemma:27b,1263495005,generation_failure
Multiple Sclerosis,zero_shot,1,MedGemma 1.0-27B,ollama,medgemma:27b,343601000000105,generation_failure
Multiple Sclerosis,zero_shot,1,MedGemma 1.0-27B,ollama,medgemma:27b,82371000119101,generation_failure
Multiple Sclerosis,zero_shot,1,MedGemma 1.0-27B,ollama,medgemma:27b,1231659007,generation_failure
Multiple Sclerosis,zero_shot,1,MedGemma 1.0-27B,ollama,medgemma:27b,1260384002,generation_failure
Multiple Sclerosis,zero_shot,1,MedGemma 1.0-27B,ollama,medgemma:27b,1231232007,generation_failure
Multiple Sclerosis,zero_shot,2,MedGemma 1.0-27B,ollama,medgemma:27b,368821000000101,generation_failure
Multiple Sclerosis,zero_shot,2,MedGemma 1.0-27B,ollama,medgemma:27b,343581000000101,generation_failure
Multiple Sclerosis,zero_shot,2,MedGemma 1.0-27B,ollama,medgemma:27b,368801000000105,generation_failure
Multiple Sclerosis,zero_shot,2,MedGemma 1.0-27B,ollama,medgemma:27b,903741000000102,retrieval_failure
Multiple Sclerosis,zero_shot,2,MedGemma 1.0-27B,ollama,medgemma:27b,586591000000100,generation_failure
Multiple Sclerosis,zero_shot,2,MedGemma 1.0-27B,ollama,medgemma:27b,733028000,retrieval_failure
Multiple Sclerosis,zero_shot,2,MedGemma 1.0-27B,ollama,medgemma:27b,698626001,generation_failure
Multiple Sclerosis,zero_shot,2,MedGemma 1.0-27B,ollama,medgemma:27b,766246000,generation_failure
Multiple Sclerosis,zero_shot,2,MedGemma 1.0-27B,ollama,medgemma:27b,176111000000101,generation_failure
Multiple Sclerosis,zero_shot,2,MedGemma 1.0-27B,ollama,medgemma:27b,1263495005,generation_failure
Multiple Sclerosis,zero_shot,2,MedGemma 1.0-27B,ollama,medgemma:27b,230380005,generation_failure
Multiple Sclerosis,zero_shot,2,MedGemma 1.0-27B,ollama,medgemma:27b,343601000000105,generation_failure
Multiple Sclerosis,zero_shot,2,MedGemma 1.0-27B,ollama,medgemma:27b,343591000000104,generation_failure
Multiple Sclerosis,zero_shot,2,MedGemma 1.0-27B,ollama,medgemma:27b,368811000000107,generation_failure
Multiple Sclerosis,zero_shot,2,MedGemma 1.0-27B,ollama,medgemma:27b,1259083006,generation_failure
Multiple Sclerosis,zero_shot,2,MedGemma 1.0-27B,ollama,medgemma:27b,1231659007,generation_failure
Multiple Sclerosis,zero_shot,2,MedGemma 1.0-27B,ollama,medgemma:27b,1260384002,generation_failure
Multiple Sclerosis,zero_shot,2,MedGemma 1.0-27B,ollama,medgemma:27b,1231232007,generation_failure
Multiple Sclerosis,zero_shot,3,MedGemma 1.0-27B,ollama,medgemma:27b,368791000000106,generation_failure
Multiple Sclerosis,zero_shot,3,MedGemma 1.0-27B,ollama,medgemma:27b,39181000087106,generation_failure
Multiple Sclerosis,zero_shot,3,MedGemma 1.0-27B,ollama,medgemma:27b,368821000000101,generation_failure
Multiple Sclerosis,zero_shot,3,MedGemma 1.0-27B,ollama,medgemma:27b,368801000000105,generation_failure
Multiple Sclerosis,zero_shot,3,MedGemma 1.0-27B,ollama,medgemma:27b,903741000000102,retrieval_failure
Multiple Sclerosis,zero_shot,3,MedGemma 1.0-27B,ollama,medgemma:27b,733028000,retrieval_failure
Multiple Sclerosis,zero_shot,3,MedGemma 1.0-27B,ollama,medgemma:27b,1186728004,generation_failure
Multiple Sclerosis,zero_shot,3,MedGemma 1.0-27B,ollama,medgemma:27b,439567002,generation_failure
Multiple Sclerosis,zero_shot,3,MedGemma 1.0-27B,ollama,medgemma:27b,766246000,generation_failure
Multiple Sclerosis,zero_shot,3,MedGemma 1.0-27B,ollama,medgemma:27b,230380005,generation_failure
Multiple Sclerosis,zero_shot,3,MedGemma 1.0-27B,ollama,medgemma:27b,343601000000105,generation_failure
Multiple Sclerosis,zero_shot,3,MedGemma 1.0-27B,ollama,medgemma:27b,343571000000103,generation_failure
Multiple Sclerosis,zero_shot,3,MedGemma 1.0-27B,ollama,medgemma:27b,82371000119101,generation_failure
Multiple Sclerosis,zero_shot,3,MedGemma 1.0-27B,ollama,medgemma:27b,1260384002,generation_failure
Multiple Sclerosis,zero_shot,3,MedGemma 1.0-27B,ollama,medgemma:27b,1231232007,generation_failure
Multiple Sclerosis,few_shot,1,MedGemma 1.0-27B,ollama,medgemma:27b,343541000000109,generation_failure
Multiple Sclerosis,few_shot,1,MedGemma 1.0-27B,ollama,medgemma:27b,368781000000109,generation_failure
Multiple Sclerosis,few_shot,1,MedGemma 1.0-27B,ollama,medgemma:27b,733028000,retrieval_failure
Multiple Sclerosis,few_shot,1,MedGemma 1.0-27B,ollama,medgemma:27b,586591000000100,generation_failure
Multiple Sclerosis,few_shot,1,MedGemma 1.0-27B,ollama,medgemma:27b,439567002,generation_failure
Multiple Sclerosis,few_shot,1,MedGemma 1.0-27B,ollama,medgemma:27b,1263495005,generation_failure
Multiple Sclerosis,few_shot,1,MedGemma 1.0-27B,ollama,medgemma:27b,82371000119101,generation_failure
Multiple Sclerosis,few_shot,1,MedGemma 1.0-27B,ollama,medgemma:27b,1231659007,generation_failure
Multiple Sclerosis,few_shot,1,MedGemma 1.0-27B,ollama,medgemma:27b,368791000000106,generation_failure
Multiple Sclerosis,few_shot,1,MedGemma 1.0-27B,ollama,medgemma:27b,903741000000102,retrieval_failure
Multiple Sclerosis,few_shot,1,MedGemma 1.0-27B,ollama,medgemma:27b,1260384002,generation_failure
Multiple Sclerosis,few_shot,1,MedGemma 1.0-27B,ollama,medgemma:27b,1231232007,generation_failure
Multiple Sclerosis,few_shot,1,MedGemma 1.0-27B,ollama,medgemma:27b,438511000,generation_failure
Multiple Sclerosis,few_shot,1,MedGemma 1.0-27B,ollama,medgemma:27b,698626001,generation_failure
Multiple Sclerosis,few_shot,1,MedGemma 1.0-27B,ollama,medgemma:27b,176111000000101,generation_failure
Multiple Sclerosis,few_shot,1,MedGemma 1.0-27B,ollama,medgemma:27b,230380005,generation_failure
Multiple Sclerosis,few_shot,1,MedGemma 1.0-27B,ollama,medgemma:27b,343601000000105,generation_failure
Multiple Sclerosis,few_shot,1,MedGemma 1.0-27B,ollama,medgemma:27b,343571000000103,generation_failure
Multiple Sclerosis,few_shot,1,MedGemma 1.0-27B,ollama,medgemma:27b,192927008,generation_failure
Multiple Sclerosis,few_shot,2,MedGemma 1.0-27B,ollama,medgemma:27b,368791000000106,generation_failure
Multiple Sclerosis,few_shot,2,MedGemma 1.0-27B,ollama,medgemma:27b,903741000000102,retrieval_failure
Multiple Sclerosis,few_shot,2,MedGemma 1.0-27B,ollama,medgemma:27b,733028000,retrieval_failure
Multiple Sclerosis,few_shot,2,MedGemma 1.0-27B,ollama,medgemma:27b,176111000000101,generation_failure
Multiple Sclerosis,few_shot,2,MedGemma 1.0-27B,ollama,medgemma:27b,766246000,generation_failure
Multiple Sclerosis,few_shot,2,MedGemma 1.0-27B,ollama,medgemma:27b,1263495005,generation_failure
Multiple Sclerosis,few_shot,2,MedGemma 1.0-27B,ollama,medgemma:27b,82371000119101,generation_failure
Multiple Sclerosis,few_shot,2,MedGemma 1.0-27B,ollama,medgemma:27b,1231659007,generation_failure
Multiple Sclerosis,few_shot,2,MedGemma 1.0-27B,ollama,medgemma:27b,1260384002,generation_failure
Multiple Sclerosis,few_shot,2,MedGemma 1.0-27B,ollama,medgemma:27b,1231232007,generation_failure
Multiple Sclerosis,few_shot,3,MedGemma 1.0-27B,ollama,medgemma:27b,724778008,generation_failure
Multiple Sclerosis,few_shot,3,MedGemma 1.0-27B,ollama,medgemma:27b,368821000000101,generation_failure
Multiple Sclerosis,few_shot,3,MedGemma 1.0-27B,ollama,medgemma:27b,766246000,generation_failure
Multiple Sclerosis,few_shot,3,MedGemma 1.0-27B,ollama,medgemma:27b,368811000000107,generation_failure
Multiple Sclerosis,few_shot,3,MedGemma 1.0-27B,ollama,medgemma:27b,343541000000109,generation_failure
Multiple Sclerosis,few_shot,3,MedGemma 1.0-27B,ollama,medgemma:27b,343581000000101,generation_failure
Multiple Sclerosis,few_shot,3,MedGemma 1.0-27B,ollama,medgemma:27b,368781000000109,generation_failure
Multiple Sclerosis,few_shot,3,MedGemma 1.0-27B,ollama,medgemma:27b,733028000,retrieval_failure
Multiple Sclerosis,few_shot,3,MedGemma 1.0-27B,ollama,medgemma:27b,439567002,generation_failure
Multiple Sclerosis,few_shot,3,MedGemma 1.0-27B,ollama,medgemma:27b,1263495005,generation_failure
Multiple Sclerosis,few_shot,3,MedGemma 1.0-27B,ollama,medgemma:27b,343591000000104,generation_failure
Multiple Sclerosis,few_shot,3,MedGemma 1.0-27B,ollama,medgemma:27b,82371000119101,generation_failure
Multiple Sclerosis,few_shot,3,MedGemma 1.0-27B,ollama,medgemma:27b,1231659007,generation_failure
Multiple Sclerosis,few_shot,3,MedGemma 1.0-27B,ollama,medgemma:27b,368791000000106,generation_failure
Multiple Sclerosis,few_shot,3,MedGemma 1.0-27B,ollama,medgemma:27b,368801000000105,generation_failure
Multiple Sclerosis,few_shot,3,MedGemma 1.0-27B,ollama,medgemma:27b,903741000000102,retrieval_failure
Multiple Sclerosis,few_shot,3,MedGemma 1.0-27B,ollama,medgemma:27b,1259083006,generation_failure
Multiple Sclerosis,few_shot,3,MedGemma 1.0-27B,ollama,medgemma:27b,1260384002,generation_failure
Multiple Sclerosis,few_shot,3,MedGemma 1.0-27B,ollama,medgemma:27b,1231232007,generation_failure
Multiple Sclerosis,few_shot,3,MedGemma 1.0-27B,ollama,medgemma:27b,698626001,generation_failure
Multiple Sclerosis,few_shot,3,MedGemma 1.0-27B,ollama,medgemma:27b,1186728004,generation_failure
Multiple Sclerosis,few_shot,3,MedGemma 1.0-27B,ollama,medgemma:27b,176111000000101,generation_failure
Multiple Sclerosis,few_shot,3,MedGemma 1.0-27B,ollama,medgemma:27b,230380005,generation_failure
Multiple Sclerosis,few_shot,3,MedGemma 1.0-27B,ollama,medgemma:27b,343601000000105,generation_failure
Multiple Sclerosis,few_shot,3,MedGemma 1.0-27B,ollama,medgemma:27b,343571000000103,generation_failure
Multiple Sclerosis,chain_of_thought,1,MedGemma 1.0-27B,ollama,medgemma:27b,39181000087106,generation_failure
Multiple Sclerosis,chain_of_thought,1,MedGemma 1.0-27B,ollama,medgemma:27b,766246000,generation_failure
Multiple Sclerosis,chain_of_thought,1,MedGemma 1.0-27B,ollama,medgemma:27b,428700003,generation_failure
Multiple Sclerosis,chain_of_thought,1,MedGemma 1.0-27B,ollama,medgemma:27b,155023009,generation_failure
Multiple Sclerosis,chain_of_thought,1,MedGemma 1.0-27B,ollama,medgemma:27b,368811000000107,generation_failure
Multiple Sclerosis,chain_of_thought,1,MedGemma 1.0-27B,ollama,medgemma:27b,343541000000109,generation_failure
Multiple Sclerosis,chain_of_thought,1,MedGemma 1.0-27B,ollama,medgemma:27b,368781000000109,generation_failure
Multiple Sclerosis,chain_of_thought,1,MedGemma 1.0-27B,ollama,medgemma:27b,586591000000100,generation_failure
Multiple Sclerosis,chain_of_thought,1,MedGemma 1.0-27B,ollama,medgemma:27b,733028000,retrieval_failure
Multiple Sclerosis,chain_of_thought,1,MedGemma 1.0-27B,ollama,medgemma:27b,230373008,generation_failure
Multiple Sclerosis,chain_of_thought,1,MedGemma 1.0-27B,ollama,medgemma:27b,1263495005,generation_failure
Multiple Sclerosis,chain_of_thought,1,MedGemma 1.0-27B,ollama,medgemma:27b,192930001,generation_failure
Multiple Sclerosis,chain_of_thought,1,MedGemma 1.0-27B,ollama,medgemma:27b,82371000119101,generation_failure
Multiple Sclerosis,chain_of_thought,1,MedGemma 1.0-27B,ollama,medgemma:27b,1231659007,generation_failure
Multiple Sclerosis,chain_of_thought,1,MedGemma 1.0-27B,ollama,medgemma:27b,368791000000106,generation_failure
Multiple Sclerosis,chain_of_thought,1,MedGemma 1.0-27B,ollama,medgemma:27b,903741000000102,retrieval_failure
Multiple Sclerosis,chain_of_thought,1,MedGemma 1.0-27B,ollama,medgemma:27b,425500002,generation_failure
Multiple Sclerosis,chain_of_thought,1,MedGemma 1.0-27B,ollama,medgemma:27b,1260384002,generation_failure
Multiple Sclerosis,chain_of_thought,1,MedGemma 1.0-27B,ollama,medgemma:27b,1231232007,generation_failure
Multiple Sclerosis,chain_of_thought,1,MedGemma 1.0-27B,ollama,medgemma:27b,438511000,generation_failure
Multiple Sclerosis,chain_of_thought,1,MedGemma 1.0-27B,ollama,medgemma:27b,1186728004,generation_failure
Multiple Sclerosis,chain_of_thought,1,MedGemma 1.0-27B,ollama,medgemma:27b,176111000000101,generation_failure
Multiple Sclerosis,chain_of_thought,1,MedGemma 1.0-27B,ollama,medgemma:27b,230380005,generation_failure
Multiple Sclerosis,chain_of_thought,1,MedGemma 1.0-27B,ollama,medgemma:27b,343601000000105,generation_failure
Multiple Sclerosis,chain_of_thought,1,MedGemma 1.0-27B,ollama,medgemma:27b,343571000000103,generation_failure
Multiple Sclerosis,chain_of_thought,2,MedGemma 1.0-27B,ollama,medgemma:27b,724778008,generation_failure
Multiple Sclerosis,chain_of_thought,2,MedGemma 1.0-27B,ollama,medgemma:27b,368821000000101,generation_failure
Multiple Sclerosis,chain_of_thought,2,MedGemma 1.0-27B,ollama,medgemma:27b,39181000087106,generation_failure
Multiple Sclerosis,chain_of_thought,2,MedGemma 1.0-27B,ollama,medgemma:27b,766246000,generation_failure
Multiple Sclerosis,chain_of_thought,2,MedGemma 1.0-27B,ollama,medgemma:27b,343541000000109,generation_failure
Multiple Sclerosis,chain_of_thought,2,MedGemma 1.0-27B,ollama,medgemma:27b,343581000000101,generation_failure
Multiple Sclerosis,chain_of_thought,2,MedGemma 1.0-27B,ollama,medgemma:27b,368781000000109,generation_failure
Multiple Sclerosis,chain_of_thought,2,MedGemma 1.0-27B,ollama,medgemma:27b,733028000,retrieval_failure
Multiple Sclerosis,chain_of_thought,2,MedGemma 1.0-27B,ollama,medgemma:27b,82371000119101,generation_failure
Multiple Sclerosis,chain_of_thought,2,MedGemma 1.0-27B,ollama,medgemma:27b,1231659007,generation_failure
Multiple Sclerosis,chain_of_thought,2,MedGemma 1.0-27B,ollama,medgemma:27b,368791000000106,generation_failure
Multiple Sclerosis,chain_of_thought,2,MedGemma 1.0-27B,ollama,medgemma:27b,368801000000105,generation_failure
Multiple Sclerosis,chain_of_thought,2,MedGemma 1.0-27B,ollama,medgemma:27b,903741000000102,retrieval_failure
Multiple Sclerosis,chain_of_thought,2,MedGemma 1.0-27B,ollama,medgemma:27b,1260384002,generation_failure
Multiple Sclerosis,chain_of_thought,2,MedGemma 1.0-27B,ollama,medgemma:27b,1231232007,generation_failure
Multiple Sclerosis,chain_of_thought,2,MedGemma 1.0-27B,ollama,medgemma:27b,176111000000101,generation_failure
Multiple Sclerosis,chain_of_thought,2,MedGemma 1.0-27B,ollama,medgemma:27b,230380005,generation_failure
Multiple Sclerosis,chain_of_thought,2,MedGemma 1.0-27B,ollama,medgemma:27b,343601000000105,generation_failure
Multiple Sclerosis,chain_of_thought,2,MedGemma 1.0-27B,ollama,medgemma:27b,343571000000103,generation_failure
Multiple Sclerosis,chain_of_thought,3,MedGemma 1.0-27B,ollama,medgemma:27b,39181000087106,generation_failure
Multiple Sclerosis,chain_of_thought,3,MedGemma 1.0-27B,ollama,medgemma:27b,368821000000101,generation_failure
Multiple Sclerosis,chain_of_thought,3,MedGemma 1.0-27B,ollama,medgemma:27b,368811000000107,generation_failure
Multiple Sclerosis,chain_of_thought,3,MedGemma 1.0-27B,ollama,medgemma:27b,343541000000109,generation_failure
Multiple Sclerosis,chain_of_thought,3,MedGemma 1.0-27B,ollama,medgemma:27b,343581000000101,generation_failure
Multiple Sclerosis,chain_of_thought,3,MedGemma 1.0-27B,ollama,medgemma:27b,368781000000109,generation_failure
Multiple Sclerosis,chain_of_thought,3,MedGemma 1.0-27B,ollama,medgemma:27b,733028000,retrieval_failure
Multiple Sclerosis,chain_of_thought,3,MedGemma 1.0-27B,ollama,medgemma:27b,230373008,generation_failure
Multiple Sclerosis,chain_of_thought,3,MedGemma 1.0-27B,ollama,medgemma:27b,439567002,generation_failure
Multiple Sclerosis,chain_of_thought,3,MedGemma 1.0-27B,ollama,medgemma:27b,1263495005,generation_failure
Multiple Sclerosis,chain_of_thought,3,MedGemma 1.0-27B,ollama,medgemma:27b,16092000,generation_failure
Multiple Sclerosis,chain_of_thought,3,MedGemma 1.0-27B,ollama,medgemma:27b,343591000000104,generation_failure
Multiple Sclerosis,chain_of_thought,3,MedGemma 1.0-27B,ollama,medgemma:27b,192930001,generation_failure
Multiple Sclerosis,chain_of_thought,3,MedGemma 1.0-27B,ollama,medgemma:27b,82371000119101,generation_failure
Multiple Sclerosis,chain_of_thought,3,MedGemma 1.0-27B,ollama,medgemma:27b,368791000000106,generation_failure
Multiple Sclerosis,chain_of_thought,3,MedGemma 1.0-27B,ollama,medgemma:27b,368801000000105,generation_failure
Multiple Sclerosis,chain_of_thought,3,MedGemma 1.0-27B,ollama,medgemma:27b,903741000000102,retrieval_failure
Multiple Sclerosis,chain_of_thought,3,MedGemma 1.0-27B,ollama,medgemma:27b,425500002,generation_failure
Multiple Sclerosis,chain_of_thought,3,MedGemma 1.0-27B,ollama,medgemma:27b,1259083006,generation_failure
Multiple Sclerosis,chain_of_thought,3,MedGemma 1.0-27B,ollama,medgemma:27b,1260384002,generation_failure
Multiple Sclerosis,chain_of_thought,3,MedGemma 1.0-27B,ollama,medgemma:27b,18353007,generation_failure
Multiple Sclerosis,chain_of_thought,3,MedGemma 1.0-27B,ollama,medgemma:27b,438511000,generation_failure
Multiple Sclerosis,chain_of_thought,3,MedGemma 1.0-27B,ollama,medgemma:27b,176111000000101,generation_failure
Multiple Sclerosis,chain_of_thought,3,MedGemma 1.0-27B,ollama,medgemma:27b,343601000000105,generation_failure
Multiple Sclerosis,chain_of_thought,3,MedGemma 1.0-27B,ollama,medgemma:27b,343571000000103,generation_failure
Coronary Heart Disease,zero_shot,1,MedGemma 1.0-27B,ollama,medgemma:27b,896697005,retrieval_failure
Coronary Heart Disease,zero_shot,1,MedGemma 1.0-27B,ollama,medgemma:27b,15712841000119100,retrieval_failure
Coronary Heart Disease,zero_shot,1,MedGemma 1.0-27B,ollama,medgemma:27b,703326006,retrieval_failure
Coronary Heart Disease,zero_shot,1,MedGemma 1.0-27B,ollama,medgemma:27b,233847009,retrieval_failure
Coronary Heart Disease,zero_shot,1,MedGemma 1.0-27B,ollama,medgemma:27b,1255624007,retrieval_failure
Coronary Heart Disease,zero_shot,1,MedGemma 1.0-27B,ollama,medgemma:27b,846667001,retrieval_failure
Coronary Heart Disease,zero_shot,1,MedGemma 1.0-27B,ollama,medgemma:27b,42531007,retrieval_failure
Coronary Heart Disease,zero_shot,1,MedGemma 1.0-27B,ollama,medgemma:27b,300995000,retrieval_failure
Coronary Heart Disease,zero_shot,1,MedGemma 1.0-27B,ollama,medgemma:27b,719678003,generation_failure
Coronary Heart Disease,zero_shot,1,MedGemma 1.0-27B,ollama,medgemma:27b,233834004,retrieval_failure
Coronary Heart Disease,zero_shot,1,MedGemma 1.0-27B,ollama,medgemma:27b,429559004,retrieval_failure
Coronary Heart Disease,zero_shot,1,MedGemma 1.0-27B,ollama,medgemma:27b,427919004,retrieval_failure
Coronary Heart Disease,zero_shot,1,MedGemma 1.0-27B,ollama,medgemma:27b,840309000,retrieval_failure
Coronary Heart Disease,zero_shot,1,MedGemma 1.0-27B,ollama,medgemma:27b,44801000087106,retrieval_failure
Coronary Heart Disease,zero_shot,1,MedGemma 1.0-27B,ollama,medgemma:27b,429391004,retrieval_failure
Coronary Heart Disease,zero_shot,1,MedGemma 1.0-27B,ollama,medgemma:27b,414545008,generation_failure
Coronary Heart Disease,zero_shot,1,MedGemma 1.0-27B,ollama,medgemma:27b,44851000087107,retrieval_failure
Coronary Heart Disease,zero_shot,1,MedGemma 1.0-27B,ollama,medgemma:27b,414024009,generation_failure
Coronary Heart Disease,zero_shot,1,MedGemma 1.0-27B,ollama,medgemma:27b,314116003,retrieval_failure
Coronary Heart Disease,zero_shot,1,MedGemma 1.0-27B,ollama,medgemma:27b,723861001,retrieval_failure
Coronary Heart Disease,zero_shot,1,MedGemma 1.0-27B,ollama,medgemma:27b,840312002,retrieval_failure
Coronary Heart Disease,zero_shot,1,MedGemma 1.0-27B,ollama,medgemma:27b,35481000087104,retrieval_failure
Coronary Heart Disease,zero_shot,1,MedGemma 1.0-27B,ollama,medgemma:27b,443502000,generation_failure
Coronary Heart Disease,zero_shot,1,MedGemma 1.0-27B,ollama,medgemma:27b,21470009,retrieval_failure
Coronary Heart Disease,zero_shot,1,MedGemma 1.0-27B,ollama,medgemma:27b,233823002,retrieval_failure
Coronary Heart Disease,zero_shot,1,MedGemma 1.0-27B,ollama,medgemma:27b,1204154001,retrieval_failure
Coronary Heart Disease,zero_shot,1,MedGemma 1.0-27B,ollama,medgemma:27b,44761000087104,retrieval_failure
Coronary Heart Disease,zero_shot,1,MedGemma 1.0-27B,ollama,medgemma:27b,42866003,retrieval_failure
Coronary Heart Disease,zero_shot,1,MedGemma 1.0-27B,ollama,medgemma:27b,35401000087106,retrieval_failure
Coronary Heart Disease,zero_shot,1,MedGemma 1.0-27B,ollama,medgemma:27b,233844002,generation_failure
Coronary Heart Disease,zero_shot,1,MedGemma 1.0-27B,ollama,medgemma:27b,846684007,retrieval_failure
Coronary Heart Disease,zero_shot,1,MedGemma 1.0-27B,ollama,medgemma:27b,461000119108,retrieval_failure
Coronary Heart Disease,zero_shot,1,MedGemma 1.0-27B,ollama,medgemma:27b,1204151009,retrieval_failure
Coronary Heart Disease,zero_shot,1,MedGemma 1.0-27B,ollama,medgemma:27b,394659003,generation_failure
Coronary Heart Disease,zero_shot,1,MedGemma 1.0-27B,ollama,medgemma:27b,868221006,retrieval_failure
Coronary Heart Disease,zero_shot,1,MedGemma 1.0-27B,ollama,medgemma:27b,703330009,retrieval_failure
Coronary Heart Disease,zero_shot,1,MedGemma 1.0-27B,ollama,medgemma:27b,15960981000119105,retrieval_failure
Coronary Heart Disease,zero_shot,1,MedGemma 1.0-27B,ollama,medgemma:27b,868216008,retrieval_failure
Coronary Heart Disease,zero_shot,1,MedGemma 1.0-27B,ollama,medgemma:27b,71023004,retrieval_failure
Coronary Heart Disease,zero_shot,1,MedGemma 1.0-27B,ollama,medgemma:27b,70422006,retrieval_failure
Coronary Heart Disease,zero_shot,1,MedGemma 1.0-27B,ollama,medgemma:27b,82522008,retrieval_failure
Coronary Heart Disease,zero_shot,1,MedGemma 1.0-27B,ollama,medgemma:27b,15960541000119107,retrieval_failure
Coronary Heart Disease,zero_shot,1,MedGemma 1.0-27B,ollama,medgemma:27b,233833005,retrieval_failure
Coronary Heart Disease,zero_shot,1,MedGemma 1.0-27B,ollama,medgemma:27b,868215007,retrieval_failure
Coronary Heart Disease,zero_shot,1,MedGemma 1.0-27B,ollama,medgemma:27b,399261000,retrieval_failure
Coronary Heart Disease,zero_shot,1,MedGemma 1.0-27B,ollama,medgemma:27b,194861007,retrieval_failure
Coronary Heart Disease,zero_shot,1,MedGemma 1.0-27B,ollama,medgemma:27b,233838001,retrieval_failure
Coronary Heart Disease,zero_shot,1,MedGemma 1.0-27B,ollama,medgemma:27b,251024009,generation_failure
Coronary Heart Disease,zero_shot,1,MedGemma 1.0-27B,ollama,medgemma:27b,836293000,retrieval_failure
Coronary Heart Disease,zero_shot,1,MedGemma 1.0-27B,ollama,medgemma:27b,44831000087103,retrieval_failure
Coronary Heart Disease,zero_shot,1,MedGemma 1.0-27B,ollama,medgemma:27b,868222004,retrieval_failure
Coronary Heart Disease,zero_shot,1,MedGemma 1.0-27B,ollama,medgemma:27b,723858002,retrieval_failure
Coronary Heart Disease,zero_shot,1,MedGemma 1.0-27B,ollama,medgemma:27b,41334000,retrieval_failure
Coronary Heart Disease,zero_shot,1,MedGemma 1.0-27B,ollama,medgemma:27b,35511000087107,retrieval_failure
Coronary Heart Disease,zero_shot,1,MedGemma 1.0-27B,ollama,medgemma:27b,233837006,retrieval_failure
Coronary Heart Disease,zero_shot,1,MedGemma 1.0-27B,ollama,medgemma:27b,429245005,retrieval_failure
Coronary Heart Disease,zero_shot,1,MedGemma 1.0-27B,ollama,medgemma:27b,35501000087105,retrieval_failure
Coronary Heart Disease,zero_shot,1,MedGemma 1.0-27B,ollama,medgemma:27b,413444003,retrieval_failure
Coronary Heart Disease,zero_shot,1,MedGemma 1.0-27B,ollama,medgemma:27b,233830008,retrieval_failure
Coronary Heart Disease,zero_shot,1,MedGemma 1.0-27B,ollama,medgemma:27b,16415081000119104,retrieval_failure
Coronary Heart Disease,zero_shot,1,MedGemma 1.0-27B,ollama,medgemma:27b,194857001,retrieval_failure
Coronary Heart Disease,zero_shot,1,MedGemma 1.0-27B,ollama,medgemma:27b,35581000087103,retrieval_failure
Coronary Heart Disease,zero_shot,1,MedGemma 1.0-27B,ollama,medgemma:27b,73795002,retrieval_failure
Coronary Heart Disease,zero_shot,1,MedGemma 1.0-27B,ollama,medgemma:27b,408546009,retrieval_failure
Coronary Heart Disease,zero_shot,1,MedGemma 1.0-27B,ollama,medgemma:27b,130541000119100,retrieval_failure
Coronary Heart Disease,zero_shot,1,MedGemma 1.0-27B,ollama,medgemma:27b,15713161000119100,retrieval_failure
Coronary Heart Disease,zero_shot,1,MedGemma 1.0-27B,ollama,medgemma:27b,194865003,retrieval_failure
Coronary Heart Disease,zero_shot,1,MedGemma 1.0-27B,ollama,medgemma:27b,1077002,retrieval_failure
Coronary Heart Disease,zero_shot,1,MedGemma 1.0-27B,ollama,medgemma:27b,698377004,retrieval_failure
Coronary Heart Disease,zero_shot,1,MedGemma 1.0-27B,ollama,medgemma:27b,1255622006,retrieval_failure
Coronary Heart Disease,zero_shot,1,MedGemma 1.0-27B,ollama,medgemma:27b,52035003,retrieval_failure
Coronary Heart Disease,zero_shot,1,MedGemma 1.0-27B,ollama,medgemma:27b,1254658009,retrieval_failure
Coronary Heart Disease,zero_shot,1,MedGemma 1.0-27B,ollama,medgemma:27b,1255258007,retrieval_failure
Coronary Heart Disease,zero_shot,1,MedGemma 1.0-27B,ollama,medgemma:27b,840316004,retrieval_failure
Coronary Heart Disease,zero_shot,1,MedGemma 1.0-27B,ollama,medgemma:27b,233885007,retrieval_failure
Coronary Heart Disease,zero_shot,1,MedGemma 1.0-27B,ollama,medgemma:27b,311793000,retrieval_failure
Coronary Heart Disease,zero_shot,1,MedGemma 1.0-27B,ollama,medgemma:27b,194862000,retrieval_failure
Coronary Heart Disease,zero_shot,1,MedGemma 1.0-27B,ollama,medgemma:27b,703251009,retrieval_failure
Coronary Heart Disease,zero_shot,1,MedGemma 1.0-27B,ollama,medgemma:27b,723862008,retrieval_failure
Coronary Heart Disease,zero_shot,1,MedGemma 1.0-27B,ollama,medgemma:27b,17531000119105,retrieval_failure
Coronary Heart Disease,zero_shot,1,MedGemma 1.0-27B,ollama,medgemma:27b,840310005,retrieval_failure
Coronary Heart Disease,zero_shot,1,MedGemma 1.0-27B,ollama,medgemma:27b,896696001,retrieval_failure
Coronary Heart Disease,zero_shot,1,MedGemma 1.0-27B,ollama,medgemma:27b,442240008,retrieval_failure
Coronary Heart Disease,zero_shot,1,MedGemma 1.0-27B,ollama,medgemma:27b,15960461000119105,retrieval_failure
Coronary Heart Disease,zero_shot,1,MedGemma 1.0-27B,ollama,medgemma:27b,703164000,retrieval_failure
Coronary Heart Disease,zero_shot,1,MedGemma 1.0-27B,ollama,medgemma:27b,414795007,retrieval_failure
Coronary Heart Disease,zero_shot,1,MedGemma 1.0-27B,ollama,medgemma:27b,394710008,retrieval_failure
Coronary Heart Disease,zero_shot,1,MedGemma 1.0-27B,ollama,medgemma:27b,868224003,retrieval_failure
Coronary Heart Disease,zero_shot,1,MedGemma 1.0-27B,ollama,medgemma:27b,58612006,retrieval_failure
Coronary Heart Disease,zero_shot,1,MedGemma 1.0-27B,ollama,medgemma:27b,836294006,retrieval_failure
Coronary Heart Disease,zero_shot,1,MedGemma 1.0-27B,ollama,medgemma:27b,70211005,retrieval_failure
Coronary Heart Disease,zero_shot,1,MedGemma 1.0-27B,ollama,medgemma:27b,285141000119106,retrieval_failure
Coronary Heart Disease,zero_shot,1,MedGemma 1.0-27B,ollama,medgemma:27b,371809004,retrieval_failure
Coronary Heart Disease,zero_shot,1,MedGemma 1.0-27B,ollama,medgemma:27b,1254659001,retrieval_failure
Coronary Heart Disease,zero_shot,1,MedGemma 1.0-27B,ollama,medgemma:27b,1204222000,retrieval_failure
Coronary Heart Disease,zero_shot,1,MedGemma 1.0-27B,ollama,medgemma:27b,311796008,retrieval_failure
Coronary Heart Disease,zero_shot,1,MedGemma 1.0-27B,ollama,medgemma:27b,810681000000101,generation_failure
Coronary Heart Disease,zero_shot,1,MedGemma 1.0-27B,ollama,medgemma:27b,315025001,retrieval_failure
Coronary Heart Disease,zero_shot,1,MedGemma 1.0-27B,ollama,medgemma:27b,194856005,retrieval_failure
Coronary Heart Disease,zero_shot,1,MedGemma 1.0-27B,ollama,medgemma:27b,15712881000119105,retrieval_failure
Coronary Heart Disease,zero_shot,1,MedGemma 1.0-27B,ollama,medgemma:27b,15713081000119108,retrieval_failure
Coronary Heart Disease,zero_shot,1,MedGemma 1.0-27B,ollama,medgemma:27b,233835003,retrieval_failure
Coronary Heart Disease,zero_shot,1,MedGemma 1.0-27B,ollama,medgemma:27b,15960061000119102,retrieval_failure
Coronary Heart Disease,zero_shot,1,MedGemma 1.0-27B,ollama,medgemma:27b,418044006,retrieval_failure
Coronary Heart Disease,zero_shot,1,MedGemma 1.0-27B,ollama,medgemma:27b,194842008,generation_failure
Coronary Heart Disease,zero_shot,1,MedGemma 1.0-27B,ollama,medgemma:27b,311792005,retrieval_failure
Coronary Heart Disease,zero_shot,1,MedGemma 1.0-27B,ollama,medgemma:27b,1163420005,retrieval_failure
Coronary Heart Disease,zero_shot,1,MedGemma 1.0-27B,ollama,medgemma:27b,285991000119100,retrieval_failure
Coronary Heart Disease,zero_shot,1,MedGemma 1.0-27B,ollama,medgemma:27b,62695002,retrieval_failure
Coronary Heart Disease,zero_shot,1,MedGemma 1.0-27B,ollama,medgemma:27b,44841000087109,retrieval_failure
Coronary Heart Disease,zero_shot,1,MedGemma 1.0-27B,ollama,medgemma:27b,868225002,retrieval_failure
Coronary Heart Disease,zero_shot,1,MedGemma 1.0-27B,ollama,medgemma:27b,304914007,retrieval_failure
Coronary Heart Disease,zero_shot,1,MedGemma 1.0-27B,ollama,medgemma:27b,76593002,retrieval_failure
Coronary Heart Disease,zero_shot,1,MedGemma 1.0-27B,ollama,medgemma:27b,92517006,retrieval_failure
Coronary Heart Disease,zero_shot,1,MedGemma 1.0-27B,ollama,medgemma:27b,726499301000119105,retrieval_failure
Coronary Heart Disease,zero_shot,1,MedGemma 1.0-27B,ollama,medgemma:27b,371810009,retrieval_failure
Coronary Heart Disease,zero_shot,1,MedGemma 1.0-27B,ollama,medgemma:27b,868219001,retrieval_failure
Coronary Heart Disease,zero_shot,1,MedGemma 1.0-27B,ollama,medgemma:27b,703213009,retrieval_failure
Coronary Heart Disease,zero_shot,1,MedGemma 1.0-27B,ollama,medgemma:27b,1293192009,generation_failure
Coronary Heart Disease,zero_shot,1,MedGemma 1.0-27B,ollama,medgemma:27b,35421000087100,retrieval_failure
Coronary Heart Disease,zero_shot,1,MedGemma 1.0-27B,ollama,medgemma:27b,44811000087108,retrieval_failure
Coronary Heart Disease,zero_shot,1,MedGemma 1.0-27B,ollama,medgemma:27b,1089471000000109,retrieval_failure
Coronary Heart Disease,zero_shot,1,MedGemma 1.0-27B,ollama,medgemma:27b,285151000119108,retrieval_failure
Coronary Heart Disease,zero_shot,1,MedGemma 1.0-27B,ollama,medgemma:27b,1641000119107,retrieval_failure
Coronary Heart Disease,zero_shot,1,MedGemma 1.0-27B,ollama,medgemma:27b,67682002,retrieval_failure
Coronary Heart Disease,zero_shot,1,MedGemma 1.0-27B,ollama,medgemma:27b,194809007,retrieval_failure
Coronary Heart Disease,zero_shot,1,MedGemma 1.0-27B,ollama,medgemma:27b,413838009,generation_failure
Coronary Heart Disease,zero_shot,1,MedGemma 1.0-27B,ollama,medgemma:27b,868223009,retrieval_failure
Coronary Heart Disease,zero_shot,1,MedGemma 1.0-27B,ollama,medgemma:27b,399211009,retrieval_failure
Coronary Heart Disease,zero_shot,1,MedGemma 1.0-27B,ollama,medgemma:27b,1255266003,retrieval_failure
Coronary Heart Disease,zero_shot,1,MedGemma 1.0-27B,ollama,medgemma:27b,429673002,retrieval_failure
Coronary Heart Disease,zero_shot,1,MedGemma 1.0-27B,ollama,medgemma:27b,1255257002,retrieval_failure
Coronary Heart Disease,zero_shot,1,MedGemma 1.0-27B,ollama,medgemma:27b,776219771000119107,retrieval_failure
Coronary Heart Disease,zero_shot,1,MedGemma 1.0-27B,ollama,medgemma:27b,11018701000119109,retrieval_failure
Coronary Heart Disease,zero_shot,1,MedGemma 1.0-27B,ollama,medgemma:27b,413439005,retrieval_failure
Coronary Heart Disease,zero_shot,1,MedGemma 1.0-27B,ollama,medgemma:27b,4557003,retrieval_failure
Coronary Heart Disease,zero_shot,1,MedGemma 1.0-27B,ollama,medgemma:27b,15960661000119107,retrieval_failure
Coronary Heart Disease,zero_shot,1,MedGemma 1.0-27B,ollama,medgemma:27b,703252002,retrieval_failure
Coronary Heart Disease,zero_shot,1,MedGemma 1.0-27B,ollama,medgemma:27b,64627002,retrieval_failure
Coronary Heart Disease,zero_shot,1,MedGemma 1.0-27B,ollama,medgemma:27b,15960381000119109,retrieval_failure
Coronary Heart Disease,zero_shot,1,MedGemma 1.0-27B,ollama,medgemma:27b,15960581000119102,retrieval_failure
Coronary Heart Disease,zero_shot,1,MedGemma 1.0-27B,ollama,medgemma:27b,371808007,retrieval_failure
Coronary Heart Disease,zero_shot,1,MedGemma 1.0-27B,ollama,medgemma:27b,387785661000119105,retrieval_failure
Coronary Heart Disease,zero_shot,1,MedGemma 1.0-27B,ollama,medgemma:27b,1255621004,retrieval_failure
Coronary Heart Disease,zero_shot,1,MedGemma 1.0-27B,ollama,medgemma:27b,35521000087104,retrieval_failure
Coronary Heart Disease,zero_shot,1,MedGemma 1.0-27B,ollama,medgemma:27b,15960741000119103,retrieval_failure
Coronary Heart Disease,zero_shot,1,MedGemma 1.0-27B,ollama,medgemma:27b,896691006,retrieval_failure
Coronary Heart Disease,zero_shot,1,MedGemma 1.0-27B,ollama,medgemma:27b,35441000087109,retrieval_failure
Coronary Heart Disease,zero_shot,1,MedGemma 1.0-27B,ollama,medgemma:27b,139011000119104,retrieval_failure
Coronary Heart Disease,zero_shot,1,MedGemma 1.0-27B,ollama,medgemma:27b,194866002,retrieval_failure
Coronary Heart Disease,zero_shot,1,MedGemma 1.0-27B,ollama,medgemma:27b,46109009,retrieval_failure
Coronary Heart Disease,zero_shot,1,MedGemma 1.0-27B,ollama,medgemma:27b,233836002,retrieval_failure
Coronary Heart Disease,zero_shot,1,MedGemma 1.0-27B,ollama,medgemma:27b,703253007,retrieval_failure
Coronary Heart Disease,zero_shot,1,MedGemma 1.0-27B,ollama,medgemma:27b,698378009,retrieval_failure
Coronary Heart Disease,zero_shot,1,MedGemma 1.0-27B,ollama,medgemma:27b,285951000119105,retrieval_failure
Coronary Heart Disease,zero_shot,1,MedGemma 1.0-27B,ollama,medgemma:27b,233840006,retrieval_failure
Coronary Heart Disease,zero_shot,1,MedGemma 1.0-27B,ollama,medgemma:27b,281093002,retrieval_failure
Coronary Heart Disease,zero_shot,1,MedGemma 1.0-27B,ollama,medgemma:27b,791000119109,retrieval_failure
Coronary Heart Disease,zero_shot,1,MedGemma 1.0-27B,ollama,medgemma:27b,194863005,retrieval_failure
Coronary Heart Disease,zero_shot,1,MedGemma 1.0-27B,ollama,medgemma:27b,15960141000119102,retrieval_failure
Coronary Heart Disease,zero_shot,1,MedGemma 1.0-27B,ollama,medgemma:27b,736978009,retrieval_failure
Coronary Heart Disease,zero_shot,1,MedGemma 1.0-27B,ollama,medgemma:27b,401303003,retrieval_failure
Coronary Heart Disease,zero_shot,1,MedGemma 1.0-27B,ollama,medgemma:27b,35541000087108,retrieval_failure
Coronary Heart Disease,zero_shot,1,MedGemma 1.0-27B,ollama,medgemma:27b,1089441000000103,retrieval_failure
Coronary Heart Disease,zero_shot,1,MedGemma 1.0-27B,ollama,medgemma:27b,16891191000119108,retrieval_failure
Coronary Heart Disease,zero_shot,1,MedGemma 1.0-27B,ollama,medgemma:27b,868214006,retrieval_failure
Coronary Heart Disease,zero_shot,1,MedGemma 1.0-27B,ollama,medgemma:27b,1163440003,retrieval_failure
Coronary Heart Disease,zero_shot,1,MedGemma 1.0-27B,ollama,medgemma:27b,44791000087107,retrieval_failure
Coronary Heart Disease,zero_shot,1,MedGemma 1.0-27B,ollama,medgemma:27b,442421004,retrieval_failure
Coronary Heart Disease,zero_shot,1,MedGemma 1.0-27B,ollama,medgemma:27b,194802003,retrieval_failure
Coronary Heart Disease,zero_shot,1,MedGemma 1.0-27B,ollama,medgemma:27b,35451000087107,retrieval_failure
Coronary Heart Disease,zero_shot,1,MedGemma 1.0-27B,ollama,medgemma:27b,281091000,retrieval_failure
Coronary Heart Disease,zero_shot,1,MedGemma 1.0-27B,ollama,medgemma:27b,15712921000119103,retrieval_failure
Coronary Heart Disease,zero_shot,1,MedGemma 1.0-27B,ollama,medgemma:27b,194821006,retrieval_failure
Coronary Heart Disease,zero_shot,1,MedGemma 1.0-27B,ollama,medgemma:27b,896689003,retrieval_failure
Coronary Heart Disease,zero_shot,1,MedGemma 1.0-27B,ollama,medgemma:27b,233970002,generation_failure
Coronary Heart Disease,zero_shot,1,MedGemma 1.0-27B,ollama,medgemma:27b,1254663008,retrieval_failure
Coronary Heart Disease,zero_shot,1,MedGemma 1.0-27B,ollama,medgemma:27b,307140009,retrieval_failure
Coronary Heart Disease,zero_shot,1,MedGemma 1.0-27B,ollama,medgemma:27b,371806006,retrieval_failure
Coronary Heart Disease,zero_shot,1,MedGemma 1.0-27B,ollama,medgemma:27b,840679006,retrieval_failure
Coronary Heart Disease,zero_shot,1,MedGemma 1.0-27B,ollama,medgemma:27b,1254660006,retrieval_failure
Coronary Heart Disease,zero_shot,1,MedGemma 1.0-27B,ollama,medgemma:27b,401314000,retrieval_failure
Coronary Heart Disease,zero_shot,1,MedGemma 1.0-27B,ollama,medgemma:27b,233817007,generation_failure
Coronary Heart Disease,zero_shot,1,MedGemma 1.0-27B,ollama,medgemma:27b,233828006,retrieval_failure
Coronary Heart Disease,zero_shot,1,MedGemma 1.0-27B,ollama,medgemma:27b,703328007,retrieval_failure
Coronary Heart Disease,zero_shot,1,MedGemma 1.0-27B,ollama,medgemma:27b,15713121000119105,retrieval_failure
Coronary Heart Disease,zero_shot,1,MedGemma 1.0-27B,ollama,medgemma:27b,32574007,retrieval_failure
Coronary Heart Disease,zero_shot,1,MedGemma 1.0-27B,ollama,medgemma:27b,16837681000119104,retrieval_failure
Coronary Heart Disease,zero_shot,1,MedGemma 1.0-27B,ollama,medgemma:27b,697976003,retrieval_failure
Coronary Heart Disease,zero_shot,1,MedGemma 1.0-27B,ollama,medgemma:27b,398274000,generation_failure
Coronary Heart Disease,zero_shot,1,MedGemma 1.0-27B,ollama,medgemma:27b,836295007,retrieval_failure
Coronary Heart Disease,zero_shot,1,MedGemma 1.0-27B,ollama,medgemma:27b,1269257006,retrieval_failure
Coronary Heart Disease,zero_shot,1,MedGemma 1.0-27B,ollama,medgemma:27b,129574000,retrieval_failure
Coronary Heart Disease,zero_shot,1,MedGemma 1.0-27B,ollama,medgemma:27b,876857001,retrieval_failure
Coronary Heart Disease,zero_shot,1,MedGemma 1.0-27B,ollama,medgemma:27b,1255569006,retrieval_failure
Coronary Heart Disease,zero_shot,1,MedGemma 1.0-27B,ollama,medgemma:27b,85284003,retrieval_failure
Coronary Heart Disease,zero_shot,1,MedGemma 1.0-27B,ollama,medgemma:27b,1255623001,retrieval_failure
Coronary Heart Disease,zero_shot,1,MedGemma 1.0-27B,ollama,medgemma:27b,19057007,retrieval_failure
Coronary Heart Disease,zero_shot,1,MedGemma 1.0-27B,ollama,medgemma:27b,413844008,retrieval_failure
Coronary Heart Disease,zero_shot,1,MedGemma 1.0-27B,ollama,medgemma:27b,15713041000119103,retrieval_failure
Coronary Heart Disease,zero_shot,1,MedGemma 1.0-27B,ollama,medgemma:27b,194849004,retrieval_failure
Coronary Heart Disease,zero_shot,1,MedGemma 1.0-27B,ollama,medgemma:27b,371811008,retrieval_failure
Coronary Heart Disease,zero_shot,1,MedGemma 1.0-27B,ollama,medgemma:27b,1204152002,retrieval_failure
Coronary Heart Disease,zero_shot,1,MedGemma 1.0-27B,ollama,medgemma:27b,35551000087106,retrieval_failure
Coronary Heart Disease,zero_shot,1,MedGemma 1.0-27B,ollama,medgemma:27b,282006,retrieval_failure
Coronary Heart Disease,zero_shot,1,MedGemma 1.0-27B,ollama,medgemma:27b,12238151000119107,retrieval_failure
Coronary Heart Disease,zero_shot,1,MedGemma 1.0-27B,ollama,medgemma:27b,1255265004,retrieval_failure
Coronary Heart Disease,zero_shot,1,MedGemma 1.0-27B,ollama,medgemma:27b,161503005,retrieval_failure
Coronary Heart Disease,zero_shot,1,MedGemma 1.0-27B,ollama,medgemma:27b,66189004,retrieval_failure
Coronary Heart Disease,zero_shot,1,MedGemma 1.0-27B,ollama,medgemma:27b,371807002,retrieval_failure
Coronary Heart Disease,zero_shot,1,MedGemma 1.0-27B,ollama,medgemma:27b,827163002,retrieval_failure
Coronary Heart Disease,zero_shot,1,MedGemma 1.0-27B,ollama,medgemma:27b,233827001,retrieval_failure
Coronary Heart Disease,zero_shot,1,MedGemma 1.0-27B,ollama,medgemma:27b,89323001,retrieval_failure
Coronary Heart Disease,zero_shot,1,MedGemma 1.0-27B,ollama,medgemma:27b,846668006,retrieval_failure
Coronary Heart Disease,zero_shot,1,MedGemma 1.0-27B,ollama,medgemma:27b,868217004,retrieval_failure
Coronary Heart Disease,zero_shot,1,MedGemma 1.0-27B,ollama,medgemma:27b,1089431000000107,retrieval_failure
Coronary Heart Disease,zero_shot,1,MedGemma 1.0-27B,ollama,medgemma:27b,15712961000119108,retrieval_failure
Coronary Heart Disease,zero_shot,1,MedGemma 1.0-27B,ollama,medgemma:27b,35928006,retrieval_failure
Coronary Heart Disease,zero_shot,1,MedGemma 1.0-27B,ollama,medgemma:27b,426856002,retrieval_failure
Coronary Heart Disease,zero_shot,1,MedGemma 1.0-27B,ollama,medgemma:27b,713405002,retrieval_failure
Coronary Heart Disease,zero_shot,1,MedGemma 1.0-27B,ollama,medgemma:27b,1254661005,retrieval_failure
Coronary Heart Disease,zero_shot,1,MedGemma 1.0-27B,ollama,medgemma:27b,724431008,retrieval_failure
Coronary Heart Disease,zero_shot,1,MedGemma 1.0-27B,ollama,medgemma:27b,444856008,retrieval_failure
Coronary Heart Disease,zero_shot,1,MedGemma 1.0-27B,ollama,medgemma:27b,703360004,retrieval_failure
Coronary Heart Disease,zero_shot,1,MedGemma 1.0-27B,ollama,medgemma:27b,35411000087108,retrieval_failure
Coronary Heart Disease,zero_shot,1,MedGemma 1.0-27B,ollama,medgemma:27b,103011000119106,generation_failure
Coronary Heart Disease,zero_shot,1,MedGemma 1.0-27B,ollama,medgemma:27b,35571000087100,retrieval_failure
Coronary Heart Disease,zero_shot,1,MedGemma 1.0-27B,ollama,medgemma:27b,840315000,retrieval_failure
Coronary Heart Disease,zero_shot,1,MedGemma 1.0-27B,ollama,medgemma:27b,194858006,retrieval_failure
Coronary Heart Disease,zero_shot,1,MedGemma 1.0-27B,ollama,medgemma:27b,35461000087105,retrieval_failure
Coronary Heart Disease,zero_shot,1,MedGemma 1.0-27B,ollama,medgemma:27b,65547006,retrieval_failure
Coronary Heart Disease,zero_shot,1,MedGemma 1.0-27B,ollama,medgemma:27b,23311000119105,retrieval_failure
Coronary Heart Disease,zero_shot,1,MedGemma 1.0-27B,ollama,medgemma:27b,1755008,retrieval_failure
Coronary Heart Disease,zero_shot,1,MedGemma 1.0-27B,ollama,medgemma:27b,233831007,retrieval_failure
Coronary Heart Disease,zero_shot,1,MedGemma 1.0-27B,ollama,medgemma:27b,61236006,retrieval_failure
Coronary Heart Disease,zero_shot,1,MedGemma 1.0-27B,ollama,medgemma:27b,194843003,generation_failure
Coronary Heart Disease,zero_shot,1,MedGemma 1.0-27B,ollama,medgemma:27b,1204155000,retrieval_failure
Coronary Heart Disease,zero_shot,1,MedGemma 1.0-27B,ollama,medgemma:27b,442224005,retrieval_failure
Coronary Heart Disease,zero_shot,1,MedGemma 1.0-27B,ollama,medgemma:27b,79009004,retrieval_failure
Coronary Heart Disease,zero_shot,1,MedGemma 1.0-27B,ollama,medgemma:27b,472100003,retrieval_failure
Coronary Heart Disease,zero_shot,1,MedGemma 1.0-27B,ollama,medgemma:27b,44771000087108,retrieval_failure
Coronary Heart Disease,zero_shot,1,MedGemma 1.0-27B,ollama,medgemma:27b,703210007,retrieval_failure
Coronary Heart Disease,zero_shot,1,MedGemma 1.0-27B,ollama,medgemma:27b,723860000,retrieval_failure
Coronary Heart Disease,zero_shot,1,MedGemma 1.0-27B,ollama,medgemma:27b,233825009,retrieval_failure
Coronary Heart Disease,zero_shot,1,MedGemma 1.0-27B,ollama,medgemma:27b,57054005,retrieval_failure
Coronary Heart Disease,zero_shot,1,MedGemma 1.0-27B,ollama,medgemma:27b,15960341000119104,retrieval_failure
Coronary Heart Disease,zero_shot,1,MedGemma 1.0-27B,ollama,medgemma:27b,15990001,retrieval_failure
Coronary Heart Disease,zero_shot,1,MedGemma 1.0-27B,ollama,medgemma:27b,35561000087109,retrieval_failure
Coronary Heart Disease,zero_shot,1,MedGemma 1.0-27B,ollama,medgemma:27b,285981000119103,retrieval_failure
Coronary Heart Disease,zero_shot,1,MedGemma 1.0-27B,ollama,medgemma:27b,22298006,generation_failure
Coronary Heart Disease,zero_shot,1,MedGemma 1.0-27B,ollama,medgemma:27b,233846000,retrieval_failure
Coronary Heart Disease,zero_shot,1,MedGemma 1.0-27B,ollama,medgemma:27b,78741000119103,retrieval_failure
Coronary Heart Disease,zero_shot,1,MedGemma 1.0-27B,ollama,medgemma:27b,444855007,retrieval_failure
Coronary Heart Disease,zero_shot,1,MedGemma 1.0-27B,ollama,medgemma:27b,161502000,retrieval_failure
Coronary Heart Disease,zero_shot,1,MedGemma 1.0-27B,ollama,medgemma:27b,59063002,retrieval_failure
Coronary Heart Disease,zero_shot,1,MedGemma 1.0-27B,ollama,medgemma:27b,827164008,retrieval_failure
Coronary Heart Disease,zero_shot,1,MedGemma 1.0-27B,ollama,medgemma:27b,876858006,retrieval_failure
Coronary Heart Disease,zero_shot,1,MedGemma 1.0-27B,ollama,medgemma:27b,10971000087107,retrieval_failure
Coronary Heart Disease,zero_shot,1,MedGemma 1.0-27B,ollama,medgemma:27b,868220007,retrieval_failure
Coronary Heart Disease,zero_shot,1,MedGemma 1.0-27B,ollama,medgemma:27b,281092007,retrieval_failure
Coronary Heart Disease,zero_shot,1,MedGemma 1.0-27B,ollama,medgemma:27b,703212004,retrieval_failure
Coronary Heart Disease,zero_shot,1,MedGemma 1.0-27B,ollama,medgemma:27b,117051000119103,retrieval_failure
Coronary Heart Disease,zero_shot,1,MedGemma 1.0-27B,ollama,medgemma:27b,35491000087102,retrieval_failure
Coronary Heart Disease,zero_shot,1,MedGemma 1.0-27B,ollama,medgemma:27b,59021001,retrieval_failure
Coronary Heart Disease,zero_shot,1,MedGemma 1.0-27B,ollama,medgemma:27b,1222625002,retrieval_failure
Coronary Heart Disease,zero_shot,1,MedGemma 1.0-27B,ollama,medgemma:27b,16891151000119103,retrieval_failure
Coronary Heart Disease,zero_shot,1,MedGemma 1.0-27B,ollama,medgemma:27b,1254657004,retrieval_failure
Coronary Heart Disease,zero_shot,1,MedGemma 1.0-27B,ollama,medgemma:27b,703211006,retrieval_failure
Coronary Heart Disease,zero_shot,1,MedGemma 1.0-27B,ollama,medgemma:27b,123641001,retrieval_failure
Coronary Heart Disease,zero_shot,1,MedGemma 1.0-27B,ollama,medgemma:27b,698593009,retrieval_failure
Coronary Heart Disease,zero_shot,1,MedGemma 1.0-27B,ollama,medgemma:27b,25106000,retrieval_failure
Coronary Heart Disease,zero_shot,1,MedGemma 1.0-27B,ollama,medgemma:27b,233819005,retrieval_failure
Coronary Heart Disease,zero_shot,1,MedGemma 1.0-27B,ollama,medgemma:27b,225566008,retrieval_failure
Coronary Heart Disease,zero_shot,1,MedGemma 1.0-27B,ollama,medgemma:27b,233843008,retrieval_failure
Coronary Heart Disease,zero_shot,1,MedGemma 1.0-27B,ollama,medgemma:27b,233826005,retrieval_failure
Coronary Heart Disease,zero_shot,1,MedGemma 1.0-27B,ollama,medgemma:27b,35431000087103,retrieval_failure
Coronary Heart Disease,zero_shot,1,MedGemma 1.0-27B,ollama,medgemma:27b,10273003,retrieval_failure
Coronary Heart Disease,zero_shot,1,MedGemma 1.0-27B,ollama,medgemma:27b,12238111000119106,retrieval_failure
Coronary Heart Disease,zero_shot,1,MedGemma 1.0-27B,ollama,medgemma:27b,1208873007,retrieval_failure
Coronary Heart Disease,zero_shot,1,MedGemma 1.0-27B,ollama,medgemma:27b,233821000,retrieval_failure
Coronary Heart Disease,zero_shot,1,MedGemma 1.0-27B,ollama,medgemma:27b,876859003,retrieval_failure
Coronary Heart Disease,zero_shot,1,MedGemma 1.0-27B,ollama,medgemma:27b,371804009,generation_failure
Coronary Heart Disease,zero_shot,1,MedGemma 1.0-27B,ollama,medgemma:27b,30277009,retrieval_failure
Coronary Heart Disease,zero_shot,1,MedGemma 1.0-27B,ollama,medgemma:27b,840609007,retrieval_failure
Coronary Heart Disease,zero_shot,1,MedGemma 1.0-27B,ollama,medgemma:27b,315026000,retrieval_failure
Coronary Heart Disease,zero_shot,1,MedGemma 1.0-27B,ollama,medgemma:27b,233839009,retrieval_failure
Coronary Heart Disease,zero_shot,1,MedGemma 1.0-27B,ollama,medgemma:27b,1208872002,retrieval_failure
Coronary Heart Disease,zero_shot,1,MedGemma 1.0-27B,ollama,medgemma:27b,846683001,retrieval_failure
Coronary Heart Disease,zero_shot,1,MedGemma 1.0-27B,ollama,medgemma:27b,61490001,retrieval_failure
Coronary Heart Disease,zero_shot,1,MedGemma 1.0-27B,ollama,medgemma:27b,703209002,retrieval_failure
Coronary Heart Disease,zero_shot,1,MedGemma 1.0-27B,ollama,medgemma:27b,15713001000119100,retrieval_failure
Coronary Heart Disease,zero_shot,1,MedGemma 1.0-27B,ollama,medgemma:27b,428752002,retrieval_failure
Coronary Heart Disease,zero_shot,1,MedGemma 1.0-27B,ollama,medgemma:27b,123642008,retrieval_failure
Coronary Heart Disease,zero_shot,1,MedGemma 1.0-27B,ollama,medgemma:27b,54329005,retrieval_failure
Coronary Heart Disease,zero_shot,1,MedGemma 1.0-27B,ollama,medgemma:27b,1089451000000100,retrieval_failure
Coronary Heart Disease,zero_shot,1,MedGemma 1.0-27B,ollama,medgemma:27b,233832000,retrieval_failure
Coronary Heart Disease,zero_shot,1,MedGemma 1.0-27B,ollama,medgemma:27b,285721000119104,retrieval_failure
Coronary Heart Disease,zero_shot,1,MedGemma 1.0-27B,ollama,medgemma:27b,703165004,retrieval_failure
Coronary Heart Disease,zero_shot,1,MedGemma 1.0-27B,ollama,medgemma:27b,876856005,retrieval_failure
Coronary Heart Disease,zero_shot,1,MedGemma 1.0-27B,ollama,medgemma:27b,194868001,retrieval_failure
Coronary Heart Disease,zero_shot,1,MedGemma 1.0-27B,ollama,medgemma:27b,44781000087105,retrieval_failure
Coronary Heart Disease,zero_shot,1,MedGemma 1.0-27B,ollama,medgemma:27b,896690007,retrieval_failure
Coronary Heart Disease,zero_shot,1,MedGemma 1.0-27B,ollama,medgemma:27b,840313007,retrieval_failure
Coronary Heart Disease,zero_shot,1,MedGemma 1.0-27B,ollama,medgemma:27b,194828000,retrieval_failure
Coronary Heart Disease,zero_shot,1,MedGemma 1.0-27B,ollama,medgemma:27b,63739005,generation_failure
Coronary Heart Disease,zero_shot,1,MedGemma 1.0-27B,ollama,medgemma:27b,1255256006,retrieval_failure
Coronary Heart Disease,zero_shot,1,MedGemma 1.0-27B,ollama,medgemma:27b,314207007,retrieval_failure
Coronary Heart Disease,zero_shot,1,MedGemma 1.0-27B,ollama,medgemma:27b,70998009,retrieval_failure
Coronary Heart Disease,zero_shot,1,MedGemma 1.0-27B,ollama,medgemma:27b,840608004,retrieval_failure
Coronary Heart Disease,zero_shot,1,MedGemma 1.0-27B,ollama,medgemma:27b,712866001,retrieval_failure
Coronary Heart Disease,zero_shot,1,MedGemma 1.0-27B,ollama,medgemma:27b,194867006,retrieval_failure
Coronary Heart Disease,zero_shot,1,MedGemma 1.0-27B,ollama,medgemma:27b,1254662003,retrieval_failure
Coronary Heart Disease,zero_shot,1,MedGemma 1.0-27B,ollama,medgemma:27b,44821000087100,retrieval_failure
Coronary Heart Disease,zero_shot,1,MedGemma 1.0-27B,ollama,medgemma:27b,1254666000,retrieval_failure
Coronary Heart Disease,zero_shot,1,MedGemma 1.0-27B,ollama,medgemma:27b,868226001,retrieval_failure
Coronary Heart Disease,zero_shot,1,MedGemma 1.0-27B,ollama,medgemma:27b,1208867006,retrieval_failure
Coronary Heart Disease,zero_shot,1,MedGemma 1.0-27B,ollama,medgemma:27b,308065005,retrieval_failure
Coronary Heart Disease,zero_shot,1,MedGemma 1.0-27B,ollama,medgemma:27b,35471000087101,retrieval_failure
Coronary Heart Disease,zero_shot,1,MedGemma 1.0-27B,ollama,medgemma:27b,428196007,retrieval_failure
Coronary Heart Disease,zero_shot,1,MedGemma 1.0-27B,ollama,medgemma:27b,371805005,generation_failure
Coronary Heart Disease,zero_shot,1,MedGemma 1.0-27B,ollama,medgemma:27b,703214003,generation_failure
Coronary Heart Disease,zero_shot,1,MedGemma 1.0-27B,ollama,medgemma:27b,233841005,retrieval_failure
Coronary Heart Disease,zero_shot,1,MedGemma 1.0-27B,ollama,medgemma:27b,371068009,retrieval_failure
Coronary Heart Disease,zero_shot,1,MedGemma 1.0-27B,ollama,medgemma:27b,879955009,retrieval_failure
Coronary Heart Disease,zero_shot,1,MedGemma 1.0-27B,ollama,medgemma:27b,723859005,retrieval_failure
Coronary Heart Disease,zero_shot,1,MedGemma 1.0-27B,ollama,medgemma:27b,233842003,retrieval_failure
Coronary Heart Disease,zero_shot,1,MedGemma 1.0-27B,ollama,medgemma:27b,840680009,retrieval_failure
Coronary Heart Disease,zero_shot,1,MedGemma 1.0-27B,ollama,medgemma:27b,15713201000119105,retrieval_failure
Coronary Heart Disease,zero_shot,1,MedGemma 1.0-27B,ollama,medgemma:27b,233829003,retrieval_failure
Coronary Heart Disease,zero_shot,1,MedGemma 1.0-27B,ollama,medgemma:27b,371812001,retrieval_failure
Coronary Heart Disease,zero_shot,1,MedGemma 1.0-27B,ollama,medgemma:27b,194823009,generation_failure
Coronary Heart Disease,zero_shot,2,MedGemma 1.0-27B,ollama,medgemma:27b,896697005,retrieval_failure
Coronary Heart Disease,zero_shot,2,MedGemma 1.0-27B,ollama,medgemma:27b,15712841000119100,retrieval_failure
Coronary Heart Disease,zero_shot,2,MedGemma 1.0-27B,ollama,medgemma:27b,703326006,retrieval_failure
Coronary Heart Disease,zero_shot,2,MedGemma 1.0-27B,ollama,medgemma:27b,233847009,retrieval_failure
Coronary Heart Disease,zero_shot,2,MedGemma 1.0-27B,ollama,medgemma:27b,1255624007,retrieval_failure
Coronary Heart Disease,zero_shot,2,MedGemma 1.0-27B,ollama,medgemma:27b,846667001,retrieval_failure
Coronary Heart Disease,zero_shot,2,MedGemma 1.0-27B,ollama,medgemma:27b,42531007,retrieval_failure
Coronary Heart Disease,zero_shot,2,MedGemma 1.0-27B,ollama,medgemma:27b,300995000,retrieval_failure
Coronary Heart Disease,zero_shot,2,MedGemma 1.0-27B,ollama,medgemma:27b,719678003,generation_failure
Coronary Heart Disease,zero_shot,2,MedGemma 1.0-27B,ollama,medgemma:27b,233834004,retrieval_failure
Coronary Heart Disease,zero_shot,2,MedGemma 1.0-27B,ollama,medgemma:27b,429559004,retrieval_failure
Coronary Heart Disease,zero_shot,2,MedGemma 1.0-27B,ollama,medgemma:27b,427919004,retrieval_failure
Coronary Heart Disease,zero_shot,2,MedGemma 1.0-27B,ollama,medgemma:27b,840309000,retrieval_failure
Coronary Heart Disease,zero_shot,2,MedGemma 1.0-27B,ollama,medgemma:27b,44801000087106,retrieval_failure
Coronary Heart Disease,zero_shot,2,MedGemma 1.0-27B,ollama,medgemma:27b,429391004,retrieval_failure
Coronary Heart Disease,zero_shot,2,MedGemma 1.0-27B,ollama,medgemma:27b,414545008,generation_failure
Coronary Heart Disease,zero_shot,2,MedGemma 1.0-27B,ollama,medgemma:27b,44851000087107,retrieval_failure
Coronary Heart Disease,zero_shot,2,MedGemma 1.0-27B,ollama,medgemma:27b,414024009,generation_failure
Coronary Heart Disease,zero_shot,2,MedGemma 1.0-27B,ollama,medgemma:27b,314116003,retrieval_failure
Coronary Heart Disease,zero_shot,2,MedGemma 1.0-27B,ollama,medgemma:27b,723861001,retrieval_failure
Coronary Heart Disease,zero_shot,2,MedGemma 1.0-27B,ollama,medgemma:27b,840312002,retrieval_failure
Coronary Heart Disease,zero_shot,2,MedGemma 1.0-27B,ollama,medgemma:27b,35481000087104,retrieval_failure
Coronary Heart Disease,zero_shot,2,MedGemma 1.0-27B,ollama,medgemma:27b,443502000,generation_failure
Coronary Heart Disease,zero_shot,2,MedGemma 1.0-27B,ollama,medgemma:27b,21470009,retrieval_failure
Coronary Heart Disease,zero_shot,2,MedGemma 1.0-27B,ollama,medgemma:27b,233823002,retrieval_failure
Coronary Heart Disease,zero_shot,2,MedGemma 1.0-27B,ollama,medgemma:27b,1204154001,retrieval_failure
Coronary Heart Disease,zero_shot,2,MedGemma 1.0-27B,ollama,medgemma:27b,44761000087104,retrieval_failure
Coronary Heart Disease,zero_shot,2,MedGemma 1.0-27B,ollama,medgemma:27b,42866003,retrieval_failure
Coronary Heart Disease,zero_shot,2,MedGemma 1.0-27B,ollama,medgemma:27b,35401000087106,retrieval_failure
Coronary Heart Disease,zero_shot,2,MedGemma 1.0-27B,ollama,medgemma:27b,846684007,retrieval_failure
Coronary Heart Disease,zero_shot,2,MedGemma 1.0-27B,ollama,medgemma:27b,461000119108,retrieval_failure
Coronary Heart Disease,zero_shot,2,MedGemma 1.0-27B,ollama,medgemma:27b,1204151009,retrieval_failure
Coronary Heart Disease,zero_shot,2,MedGemma 1.0-27B,ollama,medgemma:27b,394659003,generation_failure
Coronary Heart Disease,zero_shot,2,MedGemma 1.0-27B,ollama,medgemma:27b,868221006,retrieval_failure
Coronary Heart Disease,zero_shot,2,MedGemma 1.0-27B,ollama,medgemma:27b,703330009,retrieval_failure
Coronary Heart Disease,zero_shot,2,MedGemma 1.0-27B,ollama,medgemma:27b,15960981000119105,retrieval_failure
Coronary Heart Disease,zero_shot,2,MedGemma 1.0-27B,ollama,medgemma:27b,868216008,retrieval_failure
Coronary Heart Disease,zero_shot,2,MedGemma 1.0-27B,ollama,medgemma:27b,71023004,retrieval_failure
Coronary Heart Disease,zero_shot,2,MedGemma 1.0-27B,ollama,medgemma:27b,70422006,retrieval_failure
Coronary Heart Disease,zero_shot,2,MedGemma 1.0-27B,ollama,medgemma:27b,82522008,retrieval_failure
Coronary Heart Disease,zero_shot,2,MedGemma 1.0-27B,ollama,medgemma:27b,15960541000119107,retrieval_failure
Coronary Heart Disease,zero_shot,2,MedGemma 1.0-27B,ollama,medgemma:27b,233833005,retrieval_failure
Coronary Heart Disease,zero_shot,2,MedGemma 1.0-27B,ollama,medgemma:27b,868215007,retrieval_failure
Coronary Heart Disease,zero_shot,2,MedGemma 1.0-27B,ollama,medgemma:27b,399261000,retrieval_failure
Coronary Heart Disease,zero_shot,2,MedGemma 1.0-27B,ollama,medgemma:27b,194861007,retrieval_failure
Coronary Heart Disease,zero_shot,2,MedGemma 1.0-27B,ollama,medgemma:27b,233838001,retrieval_failure
Coronary Heart Disease,zero_shot,2,MedGemma 1.0-27B,ollama,medgemma:27b,251024009,generation_failure
Coronary Heart Disease,zero_shot,2,MedGemma 1.0-27B,ollama,medgemma:27b,836293000,retrieval_failure
Coronary Heart Disease,zero_shot,2,MedGemma 1.0-27B,ollama,medgemma:27b,44831000087103,retrieval_failure
Coronary Heart Disease,zero_shot,2,MedGemma 1.0-27B,ollama,medgemma:27b,868222004,retrieval_failure
Coronary Heart Disease,zero_shot,2,MedGemma 1.0-27B,ollama,medgemma:27b,723858002,retrieval_failure
Coronary Heart Disease,zero_shot,2,MedGemma 1.0-27B,ollama,medgemma:27b,41334000,retrieval_failure
Coronary Heart Disease,zero_shot,2,MedGemma 1.0-27B,ollama,medgemma:27b,35511000087107,retrieval_failure
Coronary Heart Disease,zero_shot,2,MedGemma 1.0-27B,ollama,medgemma:27b,233837006,retrieval_failure
Coronary Heart Disease,zero_shot,2,MedGemma 1.0-27B,ollama,medgemma:27b,429245005,retrieval_failure
Coronary Heart Disease,zero_shot,2,MedGemma 1.0-27B,ollama,medgemma:27b,35501000087105,retrieval_failure
Coronary Heart Disease,zero_shot,2,MedGemma 1.0-27B,ollama,medgemma:27b,413444003,retrieval_failure
Coronary Heart Disease,zero_shot,2,MedGemma 1.0-27B,ollama,medgemma:27b,233830008,retrieval_failure
Coronary Heart Disease,zero_shot,2,MedGemma 1.0-27B,ollama,medgemma:27b,16415081000119104,retrieval_failure
Coronary Heart Disease,zero_shot,2,MedGemma 1.0-27B,ollama,medgemma:27b,194857001,retrieval_failure
Coronary Heart Disease,zero_shot,2,MedGemma 1.0-27B,ollama,medgemma:27b,35581000087103,retrieval_failure
Coronary Heart Disease,zero_shot,2,MedGemma 1.0-27B,ollama,medgemma:27b,73795002,retrieval_failure
Coronary Heart Disease,zero_shot,2,MedGemma 1.0-27B,ollama,medgemma:27b,408546009,retrieval_failure
Coronary Heart Disease,zero_shot,2,MedGemma 1.0-27B,ollama,medgemma:27b,130541000119100,retrieval_failure
Coronary Heart Disease,zero_shot,2,MedGemma 1.0-27B,ollama,medgemma:27b,15713161000119100,retrieval_failure
Coronary Heart Disease,zero_shot,2,MedGemma 1.0-27B,ollama,medgemma:27b,194865003,retrieval_failure
Coronary Heart Disease,zero_shot,2,MedGemma 1.0-27B,ollama,medgemma:27b,1077002,retrieval_failure
Coronary Heart Disease,zero_shot,2,MedGemma 1.0-27B,ollama,medgemma:27b,698377004,retrieval_failure
Coronary Heart Disease,zero_shot,2,MedGemma 1.0-27B,ollama,medgemma:27b,1255622006,retrieval_failure
Coronary Heart Disease,zero_shot,2,MedGemma 1.0-27B,ollama,medgemma:27b,52035003,retrieval_failure
Coronary Heart Disease,zero_shot,2,MedGemma 1.0-27B,ollama,medgemma:27b,1254658009,retrieval_failure
Coronary Heart Disease,zero_shot,2,MedGemma 1.0-27B,ollama,medgemma:27b,1255258007,retrieval_failure
Coronary Heart Disease,zero_shot,2,MedGemma 1.0-27B,ollama,medgemma:27b,840316004,retrieval_failure
Coronary Heart Disease,zero_shot,2,MedGemma 1.0-27B,ollama,medgemma:27b,233885007,retrieval_failure
Coronary Heart Disease,zero_shot,2,MedGemma 1.0-27B,ollama,medgemma:27b,311793000,retrieval_failure
Coronary Heart Disease,zero_shot,2,MedGemma 1.0-27B,ollama,medgemma:27b,194862000,retrieval_failure
Coronary Heart Disease,zero_shot,2,MedGemma 1.0-27B,ollama,medgemma:27b,703251009,retrieval_failure
Coronary Heart Disease,zero_shot,2,MedGemma 1.0-27B,ollama,medgemma:27b,723862008,retrieval_failure
Coronary Heart Disease,zero_shot,2,MedGemma 1.0-27B,ollama,medgemma:27b,17531000119105,retrieval_failure
Coronary Heart Disease,zero_shot,2,MedGemma 1.0-27B,ollama,medgemma:27b,840310005,retrieval_failure
Coronary Heart Disease,zero_shot,2,MedGemma 1.0-27B,ollama,medgemma:27b,896696001,retrieval_failure
Coronary Heart Disease,zero_shot,2,MedGemma 1.0-27B,ollama,medgemma:27b,442240008,retrieval_failure
Coronary Heart Disease,zero_shot,2,MedGemma 1.0-27B,ollama,medgemma:27b,15960461000119105,retrieval_failure
Coronary Heart Disease,zero_shot,2,MedGemma 1.0-27B,ollama,medgemma:27b,703164000,retrieval_failure
Coronary Heart Disease,zero_shot,2,MedGemma 1.0-27B,ollama,medgemma:27b,414795007,retrieval_failure
Coronary Heart Disease,zero_shot,2,MedGemma 1.0-27B,ollama,medgemma:27b,394710008,retrieval_failure
Coronary Heart Disease,zero_shot,2,MedGemma 1.0-27B,ollama,medgemma:27b,868224003,retrieval_failure
Coronary Heart Disease,zero_shot,2,MedGemma 1.0-27B,ollama,medgemma:27b,58612006,retrieval_failure
Coronary Heart Disease,zero_shot,2,MedGemma 1.0-27B,ollama,medgemma:27b,836294006,retrieval_failure
Coronary Heart Disease,zero_shot,2,MedGemma 1.0-27B,ollama,medgemma:27b,70211005,retrieval_failure
Coronary Heart Disease,zero_shot,2,MedGemma 1.0-27B,ollama,medgemma:27b,285141000119106,retrieval_failure
Coronary Heart Disease,zero_shot,2,MedGemma 1.0-27B,ollama,medgemma:27b,371809004,retrieval_failure
Coronary Heart Disease,zero_shot,2,MedGemma 1.0-27B,ollama,medgemma:27b,1254659001,retrieval_failure
Coronary Heart Disease,zero_shot,2,MedGemma 1.0-27B,ollama,medgemma:27b,1204222000,retrieval_failure
Coronary Heart Disease,zero_shot,2,MedGemma 1.0-27B,ollama,medgemma:27b,311796008,retrieval_failure
Coronary Heart Disease,zero_shot,2,MedGemma 1.0-27B,ollama,medgemma:27b,315025001,retrieval_failure
Coronary Heart Disease,zero_shot,2,MedGemma 1.0-27B,ollama,medgemma:27b,194856005,retrieval_failure
Coronary Heart Disease,zero_shot,2,MedGemma 1.0-27B,ollama,medgemma:27b,15712881000119105,retrieval_failure
Coronary Heart Disease,zero_shot,2,MedGemma 1.0-27B,ollama,medgemma:27b,15713081000119108,retrieval_failure
Coronary Heart Disease,zero_shot,2,MedGemma 1.0-27B,ollama,medgemma:27b,233835003,retrieval_failure
Coronary Heart Disease,zero_shot,2,MedGemma 1.0-27B,ollama,medgemma:27b,15960061000119102,retrieval_failure
Coronary Heart Disease,zero_shot,2,MedGemma 1.0-27B,ollama,medgemma:27b,371803003,generation_failure
Coronary Heart Disease,zero_shot,2,MedGemma 1.0-27B,ollama,medgemma:27b,418044006,retrieval_failure
Coronary Heart Disease,zero_shot,2,MedGemma 1.0-27B,ollama,medgemma:27b,311792005,retrieval_failure
Coronary Heart Disease,zero_shot,2,MedGemma 1.0-27B,ollama,medgemma:27b,1163420005,retrieval_failure
Coronary Heart Disease,zero_shot,2,MedGemma 1.0-27B,ollama,medgemma:27b,285991000119100,retrieval_failure
Coronary Heart Disease,zero_shot,2,MedGemma 1.0-27B,ollama,medgemma:27b,62695002,retrieval_failure
Coronary Heart Disease,zero_shot,2,MedGemma 1.0-27B,ollama,medgemma:27b,44841000087109,retrieval_failure
Coronary Heart Disease,zero_shot,2,MedGemma 1.0-27B,ollama,medgemma:27b,868225002,retrieval_failure
Coronary Heart Disease,zero_shot,2,MedGemma 1.0-27B,ollama,medgemma:27b,304914007,retrieval_failure
Coronary Heart Disease,zero_shot,2,MedGemma 1.0-27B,ollama,medgemma:27b,76593002,retrieval_failure
Coronary Heart Disease,zero_shot,2,MedGemma 1.0-27B,ollama,medgemma:27b,92517006,retrieval_failure
Coronary Heart Disease,zero_shot,2,MedGemma 1.0-27B,ollama,medgemma:27b,726499301000119105,retrieval_failure
Coronary Heart Disease,zero_shot,2,MedGemma 1.0-27B,ollama,medgemma:27b,371810009,retrieval_failure
Coronary Heart Disease,zero_shot,2,MedGemma 1.0-27B,ollama,medgemma:27b,868219001,retrieval_failure
Coronary Heart Disease,zero_shot,2,MedGemma 1.0-27B,ollama,medgemma:27b,703213009,retrieval_failure
Coronary Heart Disease,zero_shot,2,MedGemma 1.0-27B,ollama,medgemma:27b,35421000087100,retrieval_failure
Coronary Heart Disease,zero_shot,2,MedGemma 1.0-27B,ollama,medgemma:27b,44811000087108,retrieval_failure
Coronary Heart Disease,zero_shot,2,MedGemma 1.0-27B,ollama,medgemma:27b,1089471000000109,retrieval_failure
Coronary Heart Disease,zero_shot,2,MedGemma 1.0-27B,ollama,medgemma:27b,285151000119108,retrieval_failure
Coronary Heart Disease,zero_shot,2,MedGemma 1.0-27B,ollama,medgemma:27b,1641000119107,retrieval_failure
Coronary Heart Disease,zero_shot,2,MedGemma 1.0-27B,ollama,medgemma:27b,67682002,retrieval_failure
Coronary Heart Disease,zero_shot,2,MedGemma 1.0-27B,ollama,medgemma:27b,194809007,retrieval_failure
Coronary Heart Disease,zero_shot,2,MedGemma 1.0-27B,ollama,medgemma:27b,413838009,generation_failure
Coronary Heart Disease,zero_shot,2,MedGemma 1.0-27B,ollama,medgemma:27b,868223009,retrieval_failure
Coronary Heart Disease,zero_shot,2,MedGemma 1.0-27B,ollama,medgemma:27b,399211009,retrieval_failure
Coronary Heart Disease,zero_shot,2,MedGemma 1.0-27B,ollama,medgemma:27b,1255266003,retrieval_failure
Coronary Heart Disease,zero_shot,2,MedGemma 1.0-27B,ollama,medgemma:27b,429673002,retrieval_failure
Coronary Heart Disease,zero_shot,2,MedGemma 1.0-27B,ollama,medgemma:27b,1255257002,retrieval_failure
Coronary Heart Disease,zero_shot,2,MedGemma 1.0-27B,ollama,medgemma:27b,776219771000119107,retrieval_failure
Coronary Heart Disease,zero_shot,2,MedGemma 1.0-27B,ollama,medgemma:27b,11018701000119109,retrieval_failure
Coronary Heart Disease,zero_shot,2,MedGemma 1.0-27B,ollama,medgemma:27b,413439005,retrieval_failure
Coronary Heart Disease,zero_shot,2,MedGemma 1.0-27B,ollama,medgemma:27b,4557003,retrieval_failure
Coronary Heart Disease,zero_shot,2,MedGemma 1.0-27B,ollama,medgemma:27b,15960661000119107,retrieval_failure
Coronary Heart Disease,zero_shot,2,MedGemma 1.0-27B,ollama,medgemma:27b,703252002,retrieval_failure
Coronary Heart Disease,zero_shot,2,MedGemma 1.0-27B,ollama,medgemma:27b,64627002,retrieval_failure
Coronary Heart Disease,zero_shot,2,MedGemma 1.0-27B,ollama,medgemma:27b,15960381000119109,retrieval_failure
Coronary Heart Disease,zero_shot,2,MedGemma 1.0-27B,ollama,medgemma:27b,15960581000119102,retrieval_failure
Coronary Heart Disease,zero_shot,2,MedGemma 1.0-27B,ollama,medgemma:27b,371808007,retrieval_failure
Coronary Heart Disease,zero_shot,2,MedGemma 1.0-27B,ollama,medgemma:27b,387785661000119105,retrieval_failure
Coronary Heart Disease,zero_shot,2,MedGemma 1.0-27B,ollama,medgemma:27b,1255621004,retrieval_failure
Coronary Heart Disease,zero_shot,2,MedGemma 1.0-27B,ollama,medgemma:27b,35521000087104,retrieval_failure
Coronary Heart Disease,zero_shot,2,MedGemma 1.0-27B,ollama,medgemma:27b,15960741000119103,retrieval_failure
Coronary Heart Disease,zero_shot,2,MedGemma 1.0-27B,ollama,medgemma:27b,896691006,retrieval_failure
Coronary Heart Disease,zero_shot,2,MedGemma 1.0-27B,ollama,medgemma:27b,35441000087109,retrieval_failure
Coronary Heart Disease,zero_shot,2,MedGemma 1.0-27B,ollama,medgemma:27b,139011000119104,retrieval_failure
Coronary Heart Disease,zero_shot,2,MedGemma 1.0-27B,ollama,medgemma:27b,194866002,retrieval_failure
Coronary Heart Disease,zero_shot,2,MedGemma 1.0-27B,ollama,medgemma:27b,46109009,retrieval_failure
Coronary Heart Disease,zero_shot,2,MedGemma 1.0-27B,ollama,medgemma:27b,233836002,retrieval_failure
Coronary Heart Disease,zero_shot,2,MedGemma 1.0-27B,ollama,medgemma:27b,703253007,retrieval_failure
Coronary Heart Disease,zero_shot,2,MedGemma 1.0-27B,ollama,medgemma:27b,698378009,retrieval_failure
Coronary Heart Disease,zero_shot,2,MedGemma 1.0-27B,ollama,medgemma:27b,285951000119105,retrieval_failure
Coronary Heart Disease,zero_shot,2,MedGemma 1.0-27B,ollama,medgemma:27b,233840006,retrieval_failure
Coronary Heart Disease,zero_shot,2,MedGemma 1.0-27B,ollama,medgemma:27b,281093002,retrieval_failure
Coronary Heart Disease,zero_shot,2,MedGemma 1.0-27B,ollama,medgemma:27b,791000119109,retrieval_failure
Coronary Heart Disease,zero_shot,2,MedGemma 1.0-27B,ollama,medgemma:27b,194863005,retrieval_failure
Coronary Heart Disease,zero_shot,2,MedGemma 1.0-27B,ollama,medgemma:27b,15960141000119102,retrieval_failure
Coronary Heart Disease,zero_shot,2,MedGemma 1.0-27B,ollama,medgemma:27b,736978009,retrieval_failure
Coronary Heart Disease,zero_shot,2,MedGemma 1.0-27B,ollama,medgemma:27b,401303003,retrieval_failure
Coronary Heart Disease,zero_shot,2,MedGemma 1.0-27B,ollama,medgemma:27b,35541000087108,retrieval_failure
Coronary Heart Disease,zero_shot,2,MedGemma 1.0-27B,ollama,medgemma:27b,1089441000000103,retrieval_failure
Coronary Heart Disease,zero_shot,2,MedGemma 1.0-27B,ollama,medgemma:27b,16891191000119108,retrieval_failure
Coronary Heart Disease,zero_shot,2,MedGemma 1.0-27B,ollama,medgemma:27b,868214006,retrieval_failure
Coronary Heart Disease,zero_shot,2,MedGemma 1.0-27B,ollama,medgemma:27b,1163440003,retrieval_failure
Coronary Heart Disease,zero_shot,2,MedGemma 1.0-27B,ollama,medgemma:27b,44791000087107,retrieval_failure
Coronary Heart Disease,zero_shot,2,MedGemma 1.0-27B,ollama,medgemma:27b,442421004,retrieval_failure
Coronary Heart Disease,zero_shot,2,MedGemma 1.0-27B,ollama,medgemma:27b,194802003,retrieval_failure
Coronary Heart Disease,zero_shot,2,MedGemma 1.0-27B,ollama,medgemma:27b,35451000087107,retrieval_failure
Coronary Heart Disease,zero_shot,2,MedGemma 1.0-27B,ollama,medgemma:27b,281091000,retrieval_failure
Coronary Heart Disease,zero_shot,2,MedGemma 1.0-27B,ollama,medgemma:27b,15712921000119103,retrieval_failure
Coronary Heart Disease,zero_shot,2,MedGemma 1.0-27B,ollama,medgemma:27b,194821006,retrieval_failure
Coronary Heart Disease,zero_shot,2,MedGemma 1.0-27B,ollama,medgemma:27b,896689003,retrieval_failure
Coronary Heart Disease,zero_shot,2,MedGemma 1.0-27B,ollama,medgemma:27b,233970002,generation_failure
Coronary Heart Disease,zero_shot,2,MedGemma 1.0-27B,ollama,medgemma:27b,1254663008,retrieval_failure
Coronary Heart Disease,zero_shot,2,MedGemma 1.0-27B,ollama,medgemma:27b,307140009,retrieval_failure
Coronary Heart Disease,zero_shot,2,MedGemma 1.0-27B,ollama,medgemma:27b,371806006,retrieval_failure
Coronary Heart Disease,zero_shot,2,MedGemma 1.0-27B,ollama,medgemma:27b,840679006,retrieval_failure
Coronary Heart Disease,zero_shot,2,MedGemma 1.0-27B,ollama,medgemma:27b,1254660006,retrieval_failure
Coronary Heart Disease,zero_shot,2,MedGemma 1.0-27B,ollama,medgemma:27b,401314000,retrieval_failure
Coronary Heart Disease,zero_shot,2,MedGemma 1.0-27B,ollama,medgemma:27b,233817007,generation_failure
Coronary Heart Disease,zero_shot,2,MedGemma 1.0-27B,ollama,medgemma:27b,233828006,retrieval_failure
Coronary Heart Disease,zero_shot,2,MedGemma 1.0-27B,ollama,medgemma:27b,703328007,retrieval_failure
Coronary Heart Disease,zero_shot,2,MedGemma 1.0-27B,ollama,medgemma:27b,15713121000119105,retrieval_failure
Coronary Heart Disease,zero_shot,2,MedGemma 1.0-27B,ollama,medgemma:27b,32574007,retrieval_failure
Coronary Heart Disease,zero_shot,2,MedGemma 1.0-27B,ollama,medgemma:27b,16837681000119104,retrieval_failure
Coronary Heart Disease,zero_shot,2,MedGemma 1.0-27B,ollama,medgemma:27b,697976003,retrieval_failure
Coronary Heart Disease,zero_shot,2,MedGemma 1.0-27B,ollama,medgemma:27b,398274000,generation_failure
Coronary Heart Disease,zero_shot,2,MedGemma 1.0-27B,ollama,medgemma:27b,836295007,retrieval_failure
Coronary Heart Disease,zero_shot,2,MedGemma 1.0-27B,ollama,medgemma:27b,1269257006,retrieval_failure
Coronary Heart Disease,zero_shot,2,MedGemma 1.0-27B,ollama,medgemma:27b,129574000,retrieval_failure
Coronary Heart Disease,zero_shot,2,MedGemma 1.0-27B,ollama,medgemma:27b,876857001,retrieval_failure
Coronary Heart Disease,zero_shot,2,MedGemma 1.0-27B,ollama,medgemma:27b,1255569006,retrieval_failure
Coronary Heart Disease,zero_shot,2,MedGemma 1.0-27B,ollama,medgemma:27b,85284003,retrieval_failure
Coronary Heart Disease,zero_shot,2,MedGemma 1.0-27B,ollama,medgemma:27b,53741008,generation_failure
Coronary Heart Disease,zero_shot,2,MedGemma 1.0-27B,ollama,medgemma:27b,1255623001,retrieval_failure
Coronary Heart Disease,zero_shot,2,MedGemma 1.0-27B,ollama,medgemma:27b,19057007,retrieval_failure
Coronary Heart Disease,zero_shot,2,MedGemma 1.0-27B,ollama,medgemma:27b,413844008,retrieval_failure
Coronary Heart Disease,zero_shot,2,MedGemma 1.0-27B,ollama,medgemma:27b,15713041000119103,retrieval_failure
Coronary Heart Disease,zero_shot,2,MedGemma 1.0-27B,ollama,medgemma:27b,194849004,retrieval_failure
Coronary Heart Disease,zero_shot,2,MedGemma 1.0-27B,ollama,medgemma:27b,371811008,retrieval_failure
Coronary Heart Disease,zero_shot,2,MedGemma 1.0-27B,ollama,medgemma:27b,1204152002,retrieval_failure
Coronary Heart Disease,zero_shot,2,MedGemma 1.0-27B,ollama,medgemma:27b,35551000087106,retrieval_failure
Coronary Heart Disease,zero_shot,2,MedGemma 1.0-27B,ollama,medgemma:27b,282006,retrieval_failure
Coronary Heart Disease,zero_shot,2,MedGemma 1.0-27B,ollama,medgemma:27b,12238151000119107,retrieval_failure
Coronary Heart Disease,zero_shot,2,MedGemma 1.0-27B,ollama,medgemma:27b,1255265004,retrieval_failure
Coronary Heart Disease,zero_shot,2,MedGemma 1.0-27B,ollama,medgemma:27b,161503005,retrieval_failure
Coronary Heart Disease,zero_shot,2,MedGemma 1.0-27B,ollama,medgemma:27b,66189004,retrieval_failure
Coronary Heart Disease,zero_shot,2,MedGemma 1.0-27B,ollama,medgemma:27b,371807002,retrieval_failure
Coronary Heart Disease,zero_shot,2,MedGemma 1.0-27B,ollama,medgemma:27b,827163002,retrieval_failure
Coronary Heart Disease,zero_shot,2,MedGemma 1.0-27B,ollama,medgemma:27b,233827001,retrieval_failure
Coronary Heart Disease,zero_shot,2,MedGemma 1.0-27B,ollama,medgemma:27b,89323001,retrieval_failure
Coronary Heart Disease,zero_shot,2,MedGemma 1.0-27B,ollama,medgemma:27b,846668006,retrieval_failure
Coronary Heart Disease,zero_shot,2,MedGemma 1.0-27B,ollama,medgemma:27b,868217004,retrieval_failure
Coronary Heart Disease,zero_shot,2,MedGemma 1.0-27B,ollama,medgemma:27b,1089431000000107,retrieval_failure
Coronary Heart Disease,zero_shot,2,MedGemma 1.0-27B,ollama,medgemma:27b,15712961000119108,retrieval_failure
Coronary Heart Disease,zero_shot,2,MedGemma 1.0-27B,ollama,medgemma:27b,35928006,retrieval_failure
Coronary Heart Disease,zero_shot,2,MedGemma 1.0-27B,ollama,medgemma:27b,426856002,retrieval_failure
Coronary Heart Disease,zero_shot,2,MedGemma 1.0-27B,ollama,medgemma:27b,792842004,generation_failure
Coronary Heart Disease,zero_shot,2,MedGemma 1.0-27B,ollama,medgemma:27b,713405002,retrieval_failure
Coronary Heart Disease,zero_shot,2,MedGemma 1.0-27B,ollama,medgemma:27b,1254661005,retrieval_failure
Coronary Heart Disease,zero_shot,2,MedGemma 1.0-27B,ollama,medgemma:27b,724431008,retrieval_failure
Coronary Heart Disease,zero_shot,2,MedGemma 1.0-27B,ollama,medgemma:27b,444856008,retrieval_failure
Coronary Heart Disease,zero_shot,2,MedGemma 1.0-27B,ollama,medgemma:27b,703360004,retrieval_failure
Coronary Heart Disease,zero_shot,2,MedGemma 1.0-27B,ollama,medgemma:27b,35411000087108,retrieval_failure
Coronary Heart Disease,zero_shot,2,MedGemma 1.0-27B,ollama,medgemma:27b,103011000119106,generation_failure
Coronary Heart Disease,zero_shot,2,MedGemma 1.0-27B,ollama,medgemma:27b,35571000087100,retrieval_failure
Coronary Heart Disease,zero_shot,2,MedGemma 1.0-27B,ollama,medgemma:27b,840315000,retrieval_failure
Coronary Heart Disease,zero_shot,2,MedGemma 1.0-27B,ollama,medgemma:27b,194858006,retrieval_failure
Coronary Heart Disease,zero_shot,2,MedGemma 1.0-27B,ollama,medgemma:27b,35461000087105,retrieval_failure
Coronary Heart Disease,zero_shot,2,MedGemma 1.0-27B,ollama,medgemma:27b,65547006,retrieval_failure
Coronary Heart Disease,zero_shot,2,MedGemma 1.0-27B,ollama,medgemma:27b,23311000119105,retrieval_failure
Coronary Heart Disease,zero_shot,2,MedGemma 1.0-27B,ollama,medgemma:27b,1755008,retrieval_failure
Coronary Heart Disease,zero_shot,2,MedGemma 1.0-27B,ollama,medgemma:27b,233831007,retrieval_failure
Coronary Heart Disease,zero_shot,2,MedGemma 1.0-27B,ollama,medgemma:27b,61236006,retrieval_failure
Coronary Heart Disease,zero_shot,2,MedGemma 1.0-27B,ollama,medgemma:27b,1204155000,retrieval_failure
Coronary Heart Disease,zero_shot,2,MedGemma 1.0-27B,ollama,medgemma:27b,442224005,retrieval_failure
Coronary Heart Disease,zero_shot,2,MedGemma 1.0-27B,ollama,medgemma:27b,79009004,retrieval_failure
Coronary Heart Disease,zero_shot,2,MedGemma 1.0-27B,ollama,medgemma:27b,472100003,retrieval_failure
Coronary Heart Disease,zero_shot,2,MedGemma 1.0-27B,ollama,medgemma:27b,44771000087108,retrieval_failure
Coronary Heart Disease,zero_shot,2,MedGemma 1.0-27B,ollama,medgemma:27b,703210007,retrieval_failure
Coronary Heart Disease,zero_shot,2,MedGemma 1.0-27B,ollama,medgemma:27b,723860000,retrieval_failure
Coronary Heart Disease,zero_shot,2,MedGemma 1.0-27B,ollama,medgemma:27b,233825009,retrieval_failure
Coronary Heart Disease,zero_shot,2,MedGemma 1.0-27B,ollama,medgemma:27b,57054005,retrieval_failure
Coronary Heart Disease,zero_shot,2,MedGemma 1.0-27B,ollama,medgemma:27b,15960341000119104,retrieval_failure
Coronary Heart Disease,zero_shot,2,MedGemma 1.0-27B,ollama,medgemma:27b,15990001,retrieval_failure
Coronary Heart Disease,zero_shot,2,MedGemma 1.0-27B,ollama,medgemma:27b,35561000087109,retrieval_failure
Coronary Heart Disease,zero_shot,2,MedGemma 1.0-27B,ollama,medgemma:27b,285981000119103,retrieval_failure
Coronary Heart Disease,zero_shot,2,MedGemma 1.0-27B,ollama,medgemma:27b,22298006,generation_failure
Coronary Heart Disease,zero_shot,2,MedGemma 1.0-27B,ollama,medgemma:27b,233846000,retrieval_failure
Coronary Heart Disease,zero_shot,2,MedGemma 1.0-27B,ollama,medgemma:27b,78741000119103,retrieval_failure
Coronary Heart Disease,zero_shot,2,MedGemma 1.0-27B,ollama,medgemma:27b,444855007,retrieval_failure
Coronary Heart Disease,zero_shot,2,MedGemma 1.0-27B,ollama,medgemma:27b,161502000,retrieval_failure
Coronary Heart Disease,zero_shot,2,MedGemma 1.0-27B,ollama,medgemma:27b,59063002,retrieval_failure
Coronary Heart Disease,zero_shot,2,MedGemma 1.0-27B,ollama,medgemma:27b,827164008,retrieval_failure
Coronary Heart Disease,zero_shot,2,MedGemma 1.0-27B,ollama,medgemma:27b,876858006,retrieval_failure
Coronary Heart Disease,zero_shot,2,MedGemma 1.0-27B,ollama,medgemma:27b,10971000087107,retrieval_failure
Coronary Heart Disease,zero_shot,2,MedGemma 1.0-27B,ollama,medgemma:27b,868220007,retrieval_failure
Coronary Heart Disease,zero_shot,2,MedGemma 1.0-27B,ollama,medgemma:27b,281092007,retrieval_failure
Coronary Heart Disease,zero_shot,2,MedGemma 1.0-27B,ollama,medgemma:27b,703212004,retrieval_failure
Coronary Heart Disease,zero_shot,2,MedGemma 1.0-27B,ollama,medgemma:27b,117051000119103,retrieval_failure
Coronary Heart Disease,zero_shot,2,MedGemma 1.0-27B,ollama,medgemma:27b,35491000087102,retrieval_failure
Coronary Heart Disease,zero_shot,2,MedGemma 1.0-27B,ollama,medgemma:27b,59021001,retrieval_failure
Coronary Heart Disease,zero_shot,2,MedGemma 1.0-27B,ollama,medgemma:27b,1222625002,retrieval_failure
Coronary Heart Disease,zero_shot,2,MedGemma 1.0-27B,ollama,medgemma:27b,16891151000119103,retrieval_failure
Coronary Heart Disease,zero_shot,2,MedGemma 1.0-27B,ollama,medgemma:27b,1254657004,retrieval_failure
Coronary Heart Disease,zero_shot,2,MedGemma 1.0-27B,ollama,medgemma:27b,703211006,retrieval_failure
Coronary Heart Disease,zero_shot,2,MedGemma 1.0-27B,ollama,medgemma:27b,123641001,retrieval_failure
Coronary Heart Disease,zero_shot,2,MedGemma 1.0-27B,ollama,medgemma:27b,698593009,retrieval_failure
Coronary Heart Disease,zero_shot,2,MedGemma 1.0-27B,ollama,medgemma:27b,25106000,retrieval_failure
Coronary Heart Disease,zero_shot,2,MedGemma 1.0-27B,ollama,medgemma:27b,233819005,retrieval_failure
Coronary Heart Disease,zero_shot,2,MedGemma 1.0-27B,ollama,medgemma:27b,225566008,retrieval_failure
Coronary Heart Disease,zero_shot,2,MedGemma 1.0-27B,ollama,medgemma:27b,233843008,retrieval_failure
Coronary Heart Disease,zero_shot,2,MedGemma 1.0-27B,ollama,medgemma:27b,233826005,retrieval_failure
Coronary Heart Disease,zero_shot,2,MedGemma 1.0-27B,ollama,medgemma:27b,35431000087103,retrieval_failure
Coronary Heart Disease,zero_shot,2,MedGemma 1.0-27B,ollama,medgemma:27b,10273003,retrieval_failure
Coronary Heart Disease,zero_shot,2,MedGemma 1.0-27B,ollama,medgemma:27b,12238111000119106,retrieval_failure
Coronary Heart Disease,zero_shot,2,MedGemma 1.0-27B,ollama,medgemma:27b,1208873007,retrieval_failure
Coronary Heart Disease,zero_shot,2,MedGemma 1.0-27B,ollama,medgemma:27b,233821000,retrieval_failure
Coronary Heart Disease,zero_shot,2,MedGemma 1.0-27B,ollama,medgemma:27b,876859003,retrieval_failure
Coronary Heart Disease,zero_shot,2,MedGemma 1.0-27B,ollama,medgemma:27b,30277009,retrieval_failure
Coronary Heart Disease,zero_shot,2,MedGemma 1.0-27B,ollama,medgemma:27b,840609007,retrieval_failure
Coronary Heart Disease,zero_shot,2,MedGemma 1.0-27B,ollama,medgemma:27b,315026000,retrieval_failure
Coronary Heart Disease,zero_shot,2,MedGemma 1.0-27B,ollama,medgemma:27b,233839009,retrieval_failure
Coronary Heart Disease,zero_shot,2,MedGemma 1.0-27B,ollama,medgemma:27b,1208872002,retrieval_failure
Coronary Heart Disease,zero_shot,2,MedGemma 1.0-27B,ollama,medgemma:27b,846683001,retrieval_failure
Coronary Heart Disease,zero_shot,2,MedGemma 1.0-27B,ollama,medgemma:27b,61490001,retrieval_failure
Coronary Heart Disease,zero_shot,2,MedGemma 1.0-27B,ollama,medgemma:27b,703209002,retrieval_failure
Coronary Heart Disease,zero_shot,2,MedGemma 1.0-27B,ollama,medgemma:27b,15713001000119100,retrieval_failure
Coronary Heart Disease,zero_shot,2,MedGemma 1.0-27B,ollama,medgemma:27b,428752002,retrieval_failure
Coronary Heart Disease,zero_shot,2,MedGemma 1.0-27B,ollama,medgemma:27b,123642008,retrieval_failure
Coronary Heart Disease,zero_shot,2,MedGemma 1.0-27B,ollama,medgemma:27b,54329005,retrieval_failure
Coronary Heart Disease,zero_shot,2,MedGemma 1.0-27B,ollama,medgemma:27b,1089451000000100,retrieval_failure
Coronary Heart Disease,zero_shot,2,MedGemma 1.0-27B,ollama,medgemma:27b,233832000,retrieval_failure
Coronary Heart Disease,zero_shot,2,MedGemma 1.0-27B,ollama,medgemma:27b,285721000119104,retrieval_failure
Coronary Heart Disease,zero_shot,2,MedGemma 1.0-27B,ollama,medgemma:27b,703165004,retrieval_failure
Coronary Heart Disease,zero_shot,2,MedGemma 1.0-27B,ollama,medgemma:27b,876856005,retrieval_failure
Coronary Heart Disease,zero_shot,2,MedGemma 1.0-27B,ollama,medgemma:27b,194868001,retrieval_failure
Coronary Heart Disease,zero_shot,2,MedGemma 1.0-27B,ollama,medgemma:27b,44781000087105,retrieval_failure
Coronary Heart Disease,zero_shot,2,MedGemma 1.0-27B,ollama,medgemma:27b,896690007,retrieval_failure
Coronary Heart Disease,zero_shot,2,MedGemma 1.0-27B,ollama,medgemma:27b,840313007,retrieval_failure
Coronary Heart Disease,zero_shot,2,MedGemma 1.0-27B,ollama,medgemma:27b,194828000,retrieval_failure
Coronary Heart Disease,zero_shot,2,MedGemma 1.0-27B,ollama,medgemma:27b,63739005,generation_failure
Coronary Heart Disease,zero_shot,2,MedGemma 1.0-27B,ollama,medgemma:27b,1255256006,retrieval_failure
Coronary Heart Disease,zero_shot,2,MedGemma 1.0-27B,ollama,medgemma:27b,314207007,retrieval_failure
Coronary Heart Disease,zero_shot,2,MedGemma 1.0-27B,ollama,medgemma:27b,70998009,retrieval_failure
Coronary Heart Disease,zero_shot,2,MedGemma 1.0-27B,ollama,medgemma:27b,840608004,retrieval_failure
Coronary Heart Disease,zero_shot,2,MedGemma 1.0-27B,ollama,medgemma:27b,712866001,retrieval_failure
Coronary Heart Disease,zero_shot,2,MedGemma 1.0-27B,ollama,medgemma:27b,194867006,retrieval_failure
Coronary Heart Disease,zero_shot,2,MedGemma 1.0-27B,ollama,medgemma:27b,1254662003,retrieval_failure
Coronary Heart Disease,zero_shot,2,MedGemma 1.0-27B,ollama,medgemma:27b,44821000087100,retrieval_failure
Coronary Heart Disease,zero_shot,2,MedGemma 1.0-27B,ollama,medgemma:27b,1254666000,retrieval_failure
Coronary Heart Disease,zero_shot,2,MedGemma 1.0-27B,ollama,medgemma:27b,868226001,retrieval_failure
Coronary Heart Disease,zero_shot,2,MedGemma 1.0-27B,ollama,medgemma:27b,1208867006,retrieval_failure
Coronary Heart Disease,zero_shot,2,MedGemma 1.0-27B,ollama,medgemma:27b,308065005,retrieval_failure
Coronary Heart Disease,zero_shot,2,MedGemma 1.0-27B,ollama,medgemma:27b,35471000087101,retrieval_failure
Coronary Heart Disease,zero_shot,2,MedGemma 1.0-27B,ollama,medgemma:27b,428196007,retrieval_failure
Coronary Heart Disease,zero_shot,2,MedGemma 1.0-27B,ollama,medgemma:27b,371805005,generation_failure
Coronary Heart Disease,zero_shot,2,MedGemma 1.0-27B,ollama,medgemma:27b,703214003,generation_failure
Coronary Heart Disease,zero_shot,2,MedGemma 1.0-27B,ollama,medgemma:27b,233841005,retrieval_failure
Coronary Heart Disease,zero_shot,2,MedGemma 1.0-27B,ollama,medgemma:27b,371068009,retrieval_failure
Coronary Heart Disease,zero_shot,2,MedGemma 1.0-27B,ollama,medgemma:27b,879955009,retrieval_failure
Coronary Heart Disease,zero_shot,2,MedGemma 1.0-27B,ollama,medgemma:27b,723859005,retrieval_failure
Coronary Heart Disease,zero_shot,2,MedGemma 1.0-27B,ollama,medgemma:27b,233842003,retrieval_failure
Coronary Heart Disease,zero_shot,2,MedGemma 1.0-27B,ollama,medgemma:27b,840680009,retrieval_failure
Coronary Heart Disease,zero_shot,2,MedGemma 1.0-27B,ollama,medgemma:27b,15713201000119105,retrieval_failure
Coronary Heart Disease,zero_shot,2,MedGemma 1.0-27B,ollama,medgemma:27b,233829003,retrieval_failure
Coronary Heart Disease,zero_shot,2,MedGemma 1.0-27B,ollama,medgemma:27b,371812001,retrieval_failure
Coronary Heart Disease,zero_shot,2,MedGemma 1.0-27B,ollama,medgemma:27b,194823009,generation_failure
Coronary Heart Disease,zero_shot,3,MedGemma 1.0-27B,ollama,medgemma:27b,896697005,retrieval_failure
Coronary Heart Disease,zero_shot,3,MedGemma 1.0-27B,ollama,medgemma:27b,15712841000119100,retrieval_failure
Coronary Heart Disease,zero_shot,3,MedGemma 1.0-27B,ollama,medgemma:27b,703326006,retrieval_failure
Coronary Heart Disease,zero_shot,3,MedGemma 1.0-27B,ollama,medgemma:27b,233847009,retrieval_failure
Coronary Heart Disease,zero_shot,3,MedGemma 1.0-27B,ollama,medgemma:27b,1255624007,retrieval_failure
Coronary Heart Disease,zero_shot,3,MedGemma 1.0-27B,ollama,medgemma:27b,846667001,retrieval_failure
Coronary Heart Disease,zero_shot,3,MedGemma 1.0-27B,ollama,medgemma:27b,42531007,retrieval_failure
Coronary Heart Disease,zero_shot,3,MedGemma 1.0-27B,ollama,medgemma:27b,300995000,retrieval_failure
Coronary Heart Disease,zero_shot,3,MedGemma 1.0-27B,ollama,medgemma:27b,719678003,generation_failure
Coronary Heart Disease,zero_shot,3,MedGemma 1.0-27B,ollama,medgemma:27b,233834004,retrieval_failure
Coronary Heart Disease,zero_shot,3,MedGemma 1.0-27B,ollama,medgemma:27b,429559004,retrieval_failure
Coronary Heart Disease,zero_shot,3,MedGemma 1.0-27B,ollama,medgemma:27b,427919004,retrieval_failure
Coronary Heart Disease,zero_shot,3,MedGemma 1.0-27B,ollama,medgemma:27b,840309000,retrieval_failure
Coronary Heart Disease,zero_shot,3,MedGemma 1.0-27B,ollama,medgemma:27b,44801000087106,retrieval_failure
Coronary Heart Disease,zero_shot,3,MedGemma 1.0-27B,ollama,medgemma:27b,429391004,retrieval_failure
Coronary Heart Disease,zero_shot,3,MedGemma 1.0-27B,ollama,medgemma:27b,414545008,generation_failure
Coronary Heart Disease,zero_shot,3,MedGemma 1.0-27B,ollama,medgemma:27b,44851000087107,retrieval_failure
Coronary Heart Disease,zero_shot,3,MedGemma 1.0-27B,ollama,medgemma:27b,314116003,retrieval_failure
Coronary Heart Disease,zero_shot,3,MedGemma 1.0-27B,ollama,medgemma:27b,723861001,retrieval_failure
Coronary Heart Disease,zero_shot,3,MedGemma 1.0-27B,ollama,medgemma:27b,840312002,retrieval_failure
Coronary Heart Disease,zero_shot,3,MedGemma 1.0-27B,ollama,medgemma:27b,35481000087104,retrieval_failure
Coronary Heart Disease,zero_shot,3,MedGemma 1.0-27B,ollama,medgemma:27b,443502000,generation_failure
Coronary Heart Disease,zero_shot,3,MedGemma 1.0-27B,ollama,medgemma:27b,21470009,retrieval_failure
Coronary Heart Disease,zero_shot,3,MedGemma 1.0-27B,ollama,medgemma:27b,233823002,retrieval_failure
Coronary Heart Disease,zero_shot,3,MedGemma 1.0-27B,ollama,medgemma:27b,1204154001,retrieval_failure
Coronary Heart Disease,zero_shot,3,MedGemma 1.0-27B,ollama,medgemma:27b,44761000087104,retrieval_failure
Coronary Heart Disease,zero_shot,3,MedGemma 1.0-27B,ollama,medgemma:27b,42866003,retrieval_failure
Coronary Heart Disease,zero_shot,3,MedGemma 1.0-27B,ollama,medgemma:27b,35401000087106,retrieval_failure
Coronary Heart Disease,zero_shot,3,MedGemma 1.0-27B,ollama,medgemma:27b,233844002,generation_failure
Coronary Heart Disease,zero_shot,3,MedGemma 1.0-27B,ollama,medgemma:27b,846684007,retrieval_failure
Coronary Heart Disease,zero_shot,3,MedGemma 1.0-27B,ollama,medgemma:27b,461000119108,retrieval_failure
Coronary Heart Disease,zero_shot,3,MedGemma 1.0-27B,ollama,medgemma:27b,1204151009,retrieval_failure
Coronary Heart Disease,zero_shot,3,MedGemma 1.0-27B,ollama,medgemma:27b,394659003,generation_failure
Coronary Heart Disease,zero_shot,3,MedGemma 1.0-27B,ollama,medgemma:27b,868221006,retrieval_failure
Coronary Heart Disease,zero_shot,3,MedGemma 1.0-27B,ollama,medgemma:27b,703330009,retrieval_failure
Coronary Heart Disease,zero_shot,3,MedGemma 1.0-27B,ollama,medgemma:27b,15960981000119105,retrieval_failure
Coronary Heart Disease,zero_shot,3,MedGemma 1.0-27B,ollama,medgemma:27b,868216008,retrieval_failure
Coronary Heart Disease,zero_shot,3,MedGemma 1.0-27B,ollama,medgemma:27b,71023004,retrieval_failure
Coronary Heart Disease,zero_shot,3,MedGemma 1.0-27B,ollama,medgemma:27b,70422006,retrieval_failure
Coronary Heart Disease,zero_shot,3,MedGemma 1.0-27B,ollama,medgemma:27b,82522008,retrieval_failure
Coronary Heart Disease,zero_shot,3,MedGemma 1.0-27B,ollama,medgemma:27b,15960541000119107,retrieval_failure
Coronary Heart Disease,zero_shot,3,MedGemma 1.0-27B,ollama,medgemma:27b,233833005,retrieval_failure
Coronary Heart Disease,zero_shot,3,MedGemma 1.0-27B,ollama,medgemma:27b,868215007,retrieval_failure
Coronary Heart Disease,zero_shot,3,MedGemma 1.0-27B,ollama,medgemma:27b,399261000,retrieval_failure
Coronary Heart Disease,zero_shot,3,MedGemma 1.0-27B,ollama,medgemma:27b,194861007,retrieval_failure
Coronary Heart Disease,zero_shot,3,MedGemma 1.0-27B,ollama,medgemma:27b,233838001,retrieval_failure
Coronary Heart Disease,zero_shot,3,MedGemma 1.0-27B,ollama,medgemma:27b,251024009,generation_failure
Coronary Heart Disease,zero_shot,3,MedGemma 1.0-27B,ollama,medgemma:27b,836293000,retrieval_failure
Coronary Heart Disease,zero_shot,3,MedGemma 1.0-27B,ollama,medgemma:27b,44831000087103,retrieval_failure
Coronary Heart Disease,zero_shot,3,MedGemma 1.0-27B,ollama,medgemma:27b,868222004,retrieval_failure
Coronary Heart Disease,zero_shot,3,MedGemma 1.0-27B,ollama,medgemma:27b,723858002,retrieval_failure
Coronary Heart Disease,zero_shot,3,MedGemma 1.0-27B,ollama,medgemma:27b,41334000,retrieval_failure
Coronary Heart Disease,zero_shot,3,MedGemma 1.0-27B,ollama,medgemma:27b,35511000087107,retrieval_failure
Coronary Heart Disease,zero_shot,3,MedGemma 1.0-27B,ollama,medgemma:27b,233837006,retrieval_failure
Coronary Heart Disease,zero_shot,3,MedGemma 1.0-27B,ollama,medgemma:27b,429245005,retrieval_failure
Coronary Heart Disease,zero_shot,3,MedGemma 1.0-27B,ollama,medgemma:27b,35501000087105,retrieval_failure
Coronary Heart Disease,zero_shot,3,MedGemma 1.0-27B,ollama,medgemma:27b,413444003,retrieval_failure
Coronary Heart Disease,zero_shot,3,MedGemma 1.0-27B,ollama,medgemma:27b,233830008,retrieval_failure
Coronary Heart Disease,zero_shot,3,MedGemma 1.0-27B,ollama,medgemma:27b,16415081000119104,retrieval_failure
Coronary Heart Disease,zero_shot,3,MedGemma 1.0-27B,ollama,medgemma:27b,194857001,retrieval_failure
Coronary Heart Disease,zero_shot,3,MedGemma 1.0-27B,ollama,medgemma:27b,35581000087103,retrieval_failure
Coronary Heart Disease,zero_shot,3,MedGemma 1.0-27B,ollama,medgemma:27b,73795002,retrieval_failure
Coronary Heart Disease,zero_shot,3,MedGemma 1.0-27B,ollama,medgemma:27b,408546009,retrieval_failure
Coronary Heart Disease,zero_shot,3,MedGemma 1.0-27B,ollama,medgemma:27b,130541000119100,retrieval_failure
Coronary Heart Disease,zero_shot,3,MedGemma 1.0-27B,ollama,medgemma:27b,15713161000119100,retrieval_failure
Coronary Heart Disease,zero_shot,3,MedGemma 1.0-27B,ollama,medgemma:27b,194865003,retrieval_failure
Coronary Heart Disease,zero_shot,3,MedGemma 1.0-27B,ollama,medgemma:27b,1077002,retrieval_failure
Coronary Heart Disease,zero_shot,3,MedGemma 1.0-27B,ollama,medgemma:27b,698377004,retrieval_failure
Coronary Heart Disease,zero_shot,3,MedGemma 1.0-27B,ollama,medgemma:27b,1255622006,retrieval_failure
Coronary Heart Disease,zero_shot,3,MedGemma 1.0-27B,ollama,medgemma:27b,52035003,retrieval_failure
Coronary Heart Disease,zero_shot,3,MedGemma 1.0-27B,ollama,medgemma:27b,1254658009,retrieval_failure
Coronary Heart Disease,zero_shot,3,MedGemma 1.0-27B,ollama,medgemma:27b,1255258007,retrieval_failure
Coronary Heart Disease,zero_shot,3,MedGemma 1.0-27B,ollama,medgemma:27b,840316004,retrieval_failure
Coronary Heart Disease,zero_shot,3,MedGemma 1.0-27B,ollama,medgemma:27b,233885007,retrieval_failure
Coronary Heart Disease,zero_shot,3,MedGemma 1.0-27B,ollama,medgemma:27b,311793000,retrieval_failure
Coronary Heart Disease,zero_shot,3,MedGemma 1.0-27B,ollama,medgemma:27b,194862000,retrieval_failure
Coronary Heart Disease,zero_shot,3,MedGemma 1.0-27B,ollama,medgemma:27b,703251009,retrieval_failure
Coronary Heart Disease,zero_shot,3,MedGemma 1.0-27B,ollama,medgemma:27b,723862008,retrieval_failure
Coronary Heart Disease,zero_shot,3,MedGemma 1.0-27B,ollama,medgemma:27b,17531000119105,retrieval_failure
Coronary Heart Disease,zero_shot,3,MedGemma 1.0-27B,ollama,medgemma:27b,840310005,retrieval_failure
Coronary Heart Disease,zero_shot,3,MedGemma 1.0-27B,ollama,medgemma:27b,896696001,retrieval_failure
Coronary Heart Disease,zero_shot,3,MedGemma 1.0-27B,ollama,medgemma:27b,442240008,retrieval_failure
Coronary Heart Disease,zero_shot,3,MedGemma 1.0-27B,ollama,medgemma:27b,15960461000119105,retrieval_failure
Coronary Heart Disease,zero_shot,3,MedGemma 1.0-27B,ollama,medgemma:27b,703164000,retrieval_failure
Coronary Heart Disease,zero_shot,3,MedGemma 1.0-27B,ollama,medgemma:27b,414795007,retrieval_failure
Coronary Heart Disease,zero_shot,3,MedGemma 1.0-27B,ollama,medgemma:27b,394710008,retrieval_failure
Coronary Heart Disease,zero_shot,3,MedGemma 1.0-27B,ollama,medgemma:27b,868224003,retrieval_failure
Coronary Heart Disease,zero_shot,3,MedGemma 1.0-27B,ollama,medgemma:27b,58612006,retrieval_failure
Coronary Heart Disease,zero_shot,3,MedGemma 1.0-27B,ollama,medgemma:27b,836294006,retrieval_failure
Coronary Heart Disease,zero_shot,3,MedGemma 1.0-27B,ollama,medgemma:27b,70211005,retrieval_failure
Coronary Heart Disease,zero_shot,3,MedGemma 1.0-27B,ollama,medgemma:27b,285141000119106,retrieval_failure
Coronary Heart Disease,zero_shot,3,MedGemma 1.0-27B,ollama,medgemma:27b,371809004,retrieval_failure
Coronary Heart Disease,zero_shot,3,MedGemma 1.0-27B,ollama,medgemma:27b,1254659001,retrieval_failure
Coronary Heart Disease,zero_shot,3,MedGemma 1.0-27B,ollama,medgemma:27b,1204222000,retrieval_failure
Coronary Heart Disease,zero_shot,3,MedGemma 1.0-27B,ollama,medgemma:27b,311796008,retrieval_failure
Coronary Heart Disease,zero_shot,3,MedGemma 1.0-27B,ollama,medgemma:27b,315025001,retrieval_failure
Coronary Heart Disease,zero_shot,3,MedGemma 1.0-27B,ollama,medgemma:27b,194856005,retrieval_failure
Coronary Heart Disease,zero_shot,3,MedGemma 1.0-27B,ollama,medgemma:27b,15712881000119105,retrieval_failure
Coronary Heart Disease,zero_shot,3,MedGemma 1.0-27B,ollama,medgemma:27b,15713081000119108,retrieval_failure
Coronary Heart Disease,zero_shot,3,MedGemma 1.0-27B,ollama,medgemma:27b,233835003,retrieval_failure
Coronary Heart Disease,zero_shot,3,MedGemma 1.0-27B,ollama,medgemma:27b,15960061000119102,retrieval_failure
Coronary Heart Disease,zero_shot,3,MedGemma 1.0-27B,ollama,medgemma:27b,371803003,generation_failure
Coronary Heart Disease,zero_shot,3,MedGemma 1.0-27B,ollama,medgemma:27b,418044006,retrieval_failure
Coronary Heart Disease,zero_shot,3,MedGemma 1.0-27B,ollama,medgemma:27b,311792005,retrieval_failure
Coronary Heart Disease,zero_shot,3,MedGemma 1.0-27B,ollama,medgemma:27b,1163420005,retrieval_failure
Coronary Heart Disease,zero_shot,3,MedGemma 1.0-27B,ollama,medgemma:27b,285991000119100,retrieval_failure
Coronary Heart Disease,zero_shot,3,MedGemma 1.0-27B,ollama,medgemma:27b,62695002,retrieval_failure
Coronary Heart Disease,zero_shot,3,MedGemma 1.0-27B,ollama,medgemma:27b,44841000087109,retrieval_failure
Coronary Heart Disease,zero_shot,3,MedGemma 1.0-27B,ollama,medgemma:27b,868225002,retrieval_failure
Coronary Heart Disease,zero_shot,3,MedGemma 1.0-27B,ollama,medgemma:27b,304914007,retrieval_failure
Coronary Heart Disease,zero_shot,3,MedGemma 1.0-27B,ollama,medgemma:27b,76593002,retrieval_failure
Coronary Heart Disease,zero_shot,3,MedGemma 1.0-27B,ollama,medgemma:27b,92517006,retrieval_failure
Coronary Heart Disease,zero_shot,3,MedGemma 1.0-27B,ollama,medgemma:27b,726499301000119105,retrieval_failure
Coronary Heart Disease,zero_shot,3,MedGemma 1.0-27B,ollama,medgemma:27b,371810009,retrieval_failure
Coronary Heart Disease,zero_shot,3,MedGemma 1.0-27B,ollama,medgemma:27b,868219001,retrieval_failure
Coronary Heart Disease,zero_shot,3,MedGemma 1.0-27B,ollama,medgemma:27b,703213009,retrieval_failure
Coronary Heart Disease,zero_shot,3,MedGemma 1.0-27B,ollama,medgemma:27b,35421000087100,retrieval_failure
Coronary Heart Disease,zero_shot,3,MedGemma 1.0-27B,ollama,medgemma:27b,44811000087108,retrieval_failure
Coronary Heart Disease,zero_shot,3,MedGemma 1.0-27B,ollama,medgemma:27b,1089471000000109,retrieval_failure
Coronary Heart Disease,zero_shot,3,MedGemma 1.0-27B,ollama,medgemma:27b,285151000119108,retrieval_failure
Coronary Heart Disease,zero_shot,3,MedGemma 1.0-27B,ollama,medgemma:27b,1641000119107,retrieval_failure
Coronary Heart Disease,zero_shot,3,MedGemma 1.0-27B,ollama,medgemma:27b,67682002,retrieval_failure
Coronary Heart Disease,zero_shot,3,MedGemma 1.0-27B,ollama,medgemma:27b,194809007,retrieval_failure
Coronary Heart Disease,zero_shot,3,MedGemma 1.0-27B,ollama,medgemma:27b,413838009,generation_failure
Coronary Heart Disease,zero_shot,3,MedGemma 1.0-27B,ollama,medgemma:27b,868223009,retrieval_failure
Coronary Heart Disease,zero_shot,3,MedGemma 1.0-27B,ollama,medgemma:27b,399211009,retrieval_failure
Coronary Heart Disease,zero_shot,3,MedGemma 1.0-27B,ollama,medgemma:27b,1255266003,retrieval_failure
Coronary Heart Disease,zero_shot,3,MedGemma 1.0-27B,ollama,medgemma:27b,429673002,retrieval_failure
Coronary Heart Disease,zero_shot,3,MedGemma 1.0-27B,ollama,medgemma:27b,1255257002,retrieval_failure
Coronary Heart Disease,zero_shot,3,MedGemma 1.0-27B,ollama,medgemma:27b,776219771000119107,retrieval_failure
Coronary Heart Disease,zero_shot,3,MedGemma 1.0-27B,ollama,medgemma:27b,11018701000119109,retrieval_failure
Coronary Heart Disease,zero_shot,3,MedGemma 1.0-27B,ollama,medgemma:27b,413439005,retrieval_failure
Coronary Heart Disease,zero_shot,3,MedGemma 1.0-27B,ollama,medgemma:27b,4557003,retrieval_failure
Coronary Heart Disease,zero_shot,3,MedGemma 1.0-27B,ollama,medgemma:27b,15960661000119107,retrieval_failure
Coronary Heart Disease,zero_shot,3,MedGemma 1.0-27B,ollama,medgemma:27b,703252002,retrieval_failure
Coronary Heart Disease,zero_shot,3,MedGemma 1.0-27B,ollama,medgemma:27b,64627002,retrieval_failure
Coronary Heart Disease,zero_shot,3,MedGemma 1.0-27B,ollama,medgemma:27b,15960381000119109,retrieval_failure
Coronary Heart Disease,zero_shot,3,MedGemma 1.0-27B,ollama,medgemma:27b,15960581000119102,retrieval_failure
Coronary Heart Disease,zero_shot,3,MedGemma 1.0-27B,ollama,medgemma:27b,371808007,retrieval_failure
Coronary Heart Disease,zero_shot,3,MedGemma 1.0-27B,ollama,medgemma:27b,387785661000119105,retrieval_failure
Coronary Heart Disease,zero_shot,3,MedGemma 1.0-27B,ollama,medgemma:27b,1255621004,retrieval_failure
Coronary Heart Disease,zero_shot,3,MedGemma 1.0-27B,ollama,medgemma:27b,35521000087104,retrieval_failure
Coronary Heart Disease,zero_shot,3,MedGemma 1.0-27B,ollama,medgemma:27b,15960741000119103,retrieval_failure
Coronary Heart Disease,zero_shot,3,MedGemma 1.0-27B,ollama,medgemma:27b,896691006,retrieval_failure
Coronary Heart Disease,zero_shot,3,MedGemma 1.0-27B,ollama,medgemma:27b,35441000087109,retrieval_failure
Coronary Heart Disease,zero_shot,3,MedGemma 1.0-27B,ollama,medgemma:27b,139011000119104,retrieval_failure
Coronary Heart Disease,zero_shot,3,MedGemma 1.0-27B,ollama,medgemma:27b,194866002,retrieval_failure
Coronary Heart Disease,zero_shot,3,MedGemma 1.0-27B,ollama,medgemma:27b,46109009,retrieval_failure
Coronary Heart Disease,zero_shot,3,MedGemma 1.0-27B,ollama,medgemma:27b,233836002,retrieval_failure
Coronary Heart Disease,zero_shot,3,MedGemma 1.0-27B,ollama,medgemma:27b,703253007,retrieval_failure
Coronary Heart Disease,zero_shot,3,MedGemma 1.0-27B,ollama,medgemma:27b,698378009,retrieval_failure
Coronary Heart Disease,zero_shot,3,MedGemma 1.0-27B,ollama,medgemma:27b,285951000119105,retrieval_failure
Coronary Heart Disease,zero_shot,3,MedGemma 1.0-27B,ollama,medgemma:27b,233840006,retrieval_failure
Coronary Heart Disease,zero_shot,3,MedGemma 1.0-27B,ollama,medgemma:27b,281093002,retrieval_failure
Coronary Heart Disease,zero_shot,3,MedGemma 1.0-27B,ollama,medgemma:27b,791000119109,retrieval_failure
Coronary Heart Disease,zero_shot,3,MedGemma 1.0-27B,ollama,medgemma:27b,194863005,retrieval_failure
Coronary Heart Disease,zero_shot,3,MedGemma 1.0-27B,ollama,medgemma:27b,15960141000119102,retrieval_failure
Coronary Heart Disease,zero_shot,3,MedGemma 1.0-27B,ollama,medgemma:27b,736978009,retrieval_failure
Coronary Heart Disease,zero_shot,3,MedGemma 1.0-27B,ollama,medgemma:27b,401303003,retrieval_failure
Coronary Heart Disease,zero_shot,3,MedGemma 1.0-27B,ollama,medgemma:27b,35541000087108,retrieval_failure
Coronary Heart Disease,zero_shot,3,MedGemma 1.0-27B,ollama,medgemma:27b,1089441000000103,retrieval_failure
Coronary Heart Disease,zero_shot,3,MedGemma 1.0-27B,ollama,medgemma:27b,16891191000119108,retrieval_failure
Coronary Heart Disease,zero_shot,3,MedGemma 1.0-27B,ollama,medgemma:27b,868214006,retrieval_failure
Coronary Heart Disease,zero_shot,3,MedGemma 1.0-27B,ollama,medgemma:27b,1163440003,retrieval_failure
Coronary Heart Disease,zero_shot,3,MedGemma 1.0-27B,ollama,medgemma:27b,44791000087107,retrieval_failure
Coronary Heart Disease,zero_shot,3,MedGemma 1.0-27B,ollama,medgemma:27b,442421004,retrieval_failure
Coronary Heart Disease,zero_shot,3,MedGemma 1.0-27B,ollama,medgemma:27b,194802003,retrieval_failure
Coronary Heart Disease,zero_shot,3,MedGemma 1.0-27B,ollama,medgemma:27b,35451000087107,retrieval_failure
Coronary Heart Disease,zero_shot,3,MedGemma 1.0-27B,ollama,medgemma:27b,281091000,retrieval_failure
Coronary Heart Disease,zero_shot,3,MedGemma 1.0-27B,ollama,medgemma:27b,15712921000119103,retrieval_failure
Coronary Heart Disease,zero_shot,3,MedGemma 1.0-27B,ollama,medgemma:27b,194821006,retrieval_failure
Coronary Heart Disease,zero_shot,3,MedGemma 1.0-27B,ollama,medgemma:27b,896689003,retrieval_failure
Coronary Heart Disease,zero_shot,3,MedGemma 1.0-27B,ollama,medgemma:27b,233970002,generation_failure
Coronary Heart Disease,zero_shot,3,MedGemma 1.0-27B,ollama,medgemma:27b,1254663008,retrieval_failure
Coronary Heart Disease,zero_shot,3,MedGemma 1.0-27B,ollama,medgemma:27b,307140009,retrieval_failure
Coronary Heart Disease,zero_shot,3,MedGemma 1.0-27B,ollama,medgemma:27b,371806006,retrieval_failure
Coronary Heart Disease,zero_shot,3,MedGemma 1.0-27B,ollama,medgemma:27b,840679006,retrieval_failure
Coronary Heart Disease,zero_shot,3,MedGemma 1.0-27B,ollama,medgemma:27b,1254660006,retrieval_failure
Coronary Heart Disease,zero_shot,3,MedGemma 1.0-27B,ollama,medgemma:27b,401314000,retrieval_failure
Coronary Heart Disease,zero_shot,3,MedGemma 1.0-27B,ollama,medgemma:27b,233817007,generation_failure
Coronary Heart Disease,zero_shot,3,MedGemma 1.0-27B,ollama,medgemma:27b,233828006,retrieval_failure
Coronary Heart Disease,zero_shot,3,MedGemma 1.0-27B,ollama,medgemma:27b,703328007,retrieval_failure
Coronary Heart Disease,zero_shot,3,MedGemma 1.0-27B,ollama,medgemma:27b,15713121000119105,retrieval_failure
Coronary Heart Disease,zero_shot,3,MedGemma 1.0-27B,ollama,medgemma:27b,32574007,retrieval_failure
Coronary Heart Disease,zero_shot,3,MedGemma 1.0-27B,ollama,medgemma:27b,16837681000119104,retrieval_failure
Coronary Heart Disease,zero_shot,3,MedGemma 1.0-27B,ollama,medgemma:27b,697976003,retrieval_failure
Coronary Heart Disease,zero_shot,3,MedGemma 1.0-27B,ollama,medgemma:27b,398274000,generation_failure
Coronary Heart Disease,zero_shot,3,MedGemma 1.0-27B,ollama,medgemma:27b,836295007,retrieval_failure
Coronary Heart Disease,zero_shot,3,MedGemma 1.0-27B,ollama,medgemma:27b,1269257006,retrieval_failure
Coronary Heart Disease,zero_shot,3,MedGemma 1.0-27B,ollama,medgemma:27b,129574000,retrieval_failure
Coronary Heart Disease,zero_shot,3,MedGemma 1.0-27B,ollama,medgemma:27b,876857001,retrieval_failure
Coronary Heart Disease,zero_shot,3,MedGemma 1.0-27B,ollama,medgemma:27b,1255569006,retrieval_failure
Coronary Heart Disease,zero_shot,3,MedGemma 1.0-27B,ollama,medgemma:27b,85284003,retrieval_failure
Coronary Heart Disease,zero_shot,3,MedGemma 1.0-27B,ollama,medgemma:27b,53741008,generation_failure
Coronary Heart Disease,zero_shot,3,MedGemma 1.0-27B,ollama,medgemma:27b,1255623001,retrieval_failure
Coronary Heart Disease,zero_shot,3,MedGemma 1.0-27B,ollama,medgemma:27b,19057007,retrieval_failure
Coronary Heart Disease,zero_shot,3,MedGemma 1.0-27B,ollama,medgemma:27b,413844008,retrieval_failure
Coronary Heart Disease,zero_shot,3,MedGemma 1.0-27B,ollama,medgemma:27b,15713041000119103,retrieval_failure
Coronary Heart Disease,zero_shot,3,MedGemma 1.0-27B,ollama,medgemma:27b,194849004,retrieval_failure
Coronary Heart Disease,zero_shot,3,MedGemma 1.0-27B,ollama,medgemma:27b,371811008,retrieval_failure
Coronary Heart Disease,zero_shot,3,MedGemma 1.0-27B,ollama,medgemma:27b,1204152002,retrieval_failure
Coronary Heart Disease,zero_shot,3,MedGemma 1.0-27B,ollama,medgemma:27b,35551000087106,retrieval_failure
Coronary Heart Disease,zero_shot,3,MedGemma 1.0-27B,ollama,medgemma:27b,282006,retrieval_failure
Coronary Heart Disease,zero_shot,3,MedGemma 1.0-27B,ollama,medgemma:27b,12238151000119107,retrieval_failure
Coronary Heart Disease,zero_shot,3,MedGemma 1.0-27B,ollama,medgemma:27b,1255265004,retrieval_failure
Coronary Heart Disease,zero_shot,3,MedGemma 1.0-27B,ollama,medgemma:27b,161503005,retrieval_failure
Coronary Heart Disease,zero_shot,3,MedGemma 1.0-27B,ollama,medgemma:27b,66189004,retrieval_failure
Coronary Heart Disease,zero_shot,3,MedGemma 1.0-27B,ollama,medgemma:27b,371807002,retrieval_failure
Coronary Heart Disease,zero_shot,3,MedGemma 1.0-27B,ollama,medgemma:27b,827163002,retrieval_failure
Coronary Heart Disease,zero_shot,3,MedGemma 1.0-27B,ollama,medgemma:27b,233827001,retrieval_failure
Coronary Heart Disease,zero_shot,3,MedGemma 1.0-27B,ollama,medgemma:27b,89323001,retrieval_failure
Coronary Heart Disease,zero_shot,3,MedGemma 1.0-27B,ollama,medgemma:27b,846668006,retrieval_failure
Coronary Heart Disease,zero_shot,3,MedGemma 1.0-27B,ollama,medgemma:27b,868217004,retrieval_failure
Coronary Heart Disease,zero_shot,3,MedGemma 1.0-27B,ollama,medgemma:27b,1089431000000107,retrieval_failure
Coronary Heart Disease,zero_shot,3,MedGemma 1.0-27B,ollama,medgemma:27b,15712961000119108,retrieval_failure
Coronary Heart Disease,zero_shot,3,MedGemma 1.0-27B,ollama,medgemma:27b,35928006,retrieval_failure
Coronary Heart Disease,zero_shot,3,MedGemma 1.0-27B,ollama,medgemma:27b,426856002,retrieval_failure
Coronary Heart Disease,zero_shot,3,MedGemma 1.0-27B,ollama,medgemma:27b,792842004,generation_failure
Coronary Heart Disease,zero_shot,3,MedGemma 1.0-27B,ollama,medgemma:27b,713405002,retrieval_failure
Coronary Heart Disease,zero_shot,3,MedGemma 1.0-27B,ollama,medgemma:27b,1254661005,retrieval_failure
Coronary Heart Disease,zero_shot,3,MedGemma 1.0-27B,ollama,medgemma:27b,724431008,retrieval_failure
Coronary Heart Disease,zero_shot,3,MedGemma 1.0-27B,ollama,medgemma:27b,444856008,retrieval_failure
Coronary Heart Disease,zero_shot,3,MedGemma 1.0-27B,ollama,medgemma:27b,703360004,retrieval_failure
Coronary Heart Disease,zero_shot,3,MedGemma 1.0-27B,ollama,medgemma:27b,35411000087108,retrieval_failure
Coronary Heart Disease,zero_shot,3,MedGemma 1.0-27B,ollama,medgemma:27b,103011000119106,generation_failure
Coronary Heart Disease,zero_shot,3,MedGemma 1.0-27B,ollama,medgemma:27b,35571000087100,retrieval_failure
Coronary Heart Disease,zero_shot,3,MedGemma 1.0-27B,ollama,medgemma:27b,840315000,retrieval_failure
Coronary Heart Disease,zero_shot,3,MedGemma 1.0-27B,ollama,medgemma:27b,194858006,retrieval_failure
Coronary Heart Disease,zero_shot,3,MedGemma 1.0-27B,ollama,medgemma:27b,35461000087105,retrieval_failure
Coronary Heart Disease,zero_shot,3,MedGemma 1.0-27B,ollama,medgemma:27b,65547006,retrieval_failure
Coronary Heart Disease,zero_shot,3,MedGemma 1.0-27B,ollama,medgemma:27b,23311000119105,retrieval_failure
Coronary Heart Disease,zero_shot,3,MedGemma 1.0-27B,ollama,medgemma:27b,1755008,retrieval_failure
Coronary Heart Disease,zero_shot,3,MedGemma 1.0-27B,ollama,medgemma:27b,233831007,retrieval_failure
Coronary Heart Disease,zero_shot,3,MedGemma 1.0-27B,ollama,medgemma:27b,61236006,retrieval_failure
Coronary Heart Disease,zero_shot,3,MedGemma 1.0-27B,ollama,medgemma:27b,1204155000,retrieval_failure
Coronary Heart Disease,zero_shot,3,MedGemma 1.0-27B,ollama,medgemma:27b,442224005,retrieval_failure
Coronary Heart Disease,zero_shot,3,MedGemma 1.0-27B,ollama,medgemma:27b,79009004,retrieval_failure
Coronary Heart Disease,zero_shot,3,MedGemma 1.0-27B,ollama,medgemma:27b,472100003,retrieval_failure
Coronary Heart Disease,zero_shot,3,MedGemma 1.0-27B,ollama,medgemma:27b,44771000087108,retrieval_failure
Coronary Heart Disease,zero_shot,3,MedGemma 1.0-27B,ollama,medgemma:27b,703210007,retrieval_failure
Coronary Heart Disease,zero_shot,3,MedGemma 1.0-27B,ollama,medgemma:27b,723860000,retrieval_failure
Coronary Heart Disease,zero_shot,3,MedGemma 1.0-27B,ollama,medgemma:27b,233825009,retrieval_failure
Coronary Heart Disease,zero_shot,3,MedGemma 1.0-27B,ollama,medgemma:27b,57054005,retrieval_failure
Coronary Heart Disease,zero_shot,3,MedGemma 1.0-27B,ollama,medgemma:27b,15960341000119104,retrieval_failure
Coronary Heart Disease,zero_shot,3,MedGemma 1.0-27B,ollama,medgemma:27b,15990001,retrieval_failure
Coronary Heart Disease,zero_shot,3,MedGemma 1.0-27B,ollama,medgemma:27b,35561000087109,retrieval_failure
Coronary Heart Disease,zero_shot,3,MedGemma 1.0-27B,ollama,medgemma:27b,285981000119103,retrieval_failure
Coronary Heart Disease,zero_shot,3,MedGemma 1.0-27B,ollama,medgemma:27b,22298006,generation_failure
Coronary Heart Disease,zero_shot,3,MedGemma 1.0-27B,ollama,medgemma:27b,233846000,retrieval_failure
Coronary Heart Disease,zero_shot,3,MedGemma 1.0-27B,ollama,medgemma:27b,78741000119103,retrieval_failure
Coronary Heart Disease,zero_shot,3,MedGemma 1.0-27B,ollama,medgemma:27b,444855007,retrieval_failure
Coronary Heart Disease,zero_shot,3,MedGemma 1.0-27B,ollama,medgemma:27b,161502000,retrieval_failure
Coronary Heart Disease,zero_shot,3,MedGemma 1.0-27B,ollama,medgemma:27b,59063002,retrieval_failure
Coronary Heart Disease,zero_shot,3,MedGemma 1.0-27B,ollama,medgemma:27b,827164008,retrieval_failure
Coronary Heart Disease,zero_shot,3,MedGemma 1.0-27B,ollama,medgemma:27b,876858006,retrieval_failure
Coronary Heart Disease,zero_shot,3,MedGemma 1.0-27B,ollama,medgemma:27b,10971000087107,retrieval_failure
Coronary Heart Disease,zero_shot,3,MedGemma 1.0-27B,ollama,medgemma:27b,868220007,retrieval_failure
Coronary Heart Disease,zero_shot,3,MedGemma 1.0-27B,ollama,medgemma:27b,281092007,retrieval_failure
Coronary Heart Disease,zero_shot,3,MedGemma 1.0-27B,ollama,medgemma:27b,703212004,retrieval_failure
Coronary Heart Disease,zero_shot,3,MedGemma 1.0-27B,ollama,medgemma:27b,117051000119103,retrieval_failure
Coronary Heart Disease,zero_shot,3,MedGemma 1.0-27B,ollama,medgemma:27b,35491000087102,retrieval_failure
Coronary Heart Disease,zero_shot,3,MedGemma 1.0-27B,ollama,medgemma:27b,59021001,retrieval_failure
Coronary Heart Disease,zero_shot,3,MedGemma 1.0-27B,ollama,medgemma:27b,1222625002,retrieval_failure
Coronary Heart Disease,zero_shot,3,MedGemma 1.0-27B,ollama,medgemma:27b,16891151000119103,retrieval_failure
Coronary Heart Disease,zero_shot,3,MedGemma 1.0-27B,ollama,medgemma:27b,1254657004,retrieval_failure
Coronary Heart Disease,zero_shot,3,MedGemma 1.0-27B,ollama,medgemma:27b,703211006,retrieval_failure
Coronary Heart Disease,zero_shot,3,MedGemma 1.0-27B,ollama,medgemma:27b,123641001,retrieval_failure
Coronary Heart Disease,zero_shot,3,MedGemma 1.0-27B,ollama,medgemma:27b,698593009,retrieval_failure
Coronary Heart Disease,zero_shot,3,MedGemma 1.0-27B,ollama,medgemma:27b,25106000,retrieval_failure
Coronary Heart Disease,zero_shot,3,MedGemma 1.0-27B,ollama,medgemma:27b,233819005,retrieval_failure
Coronary Heart Disease,zero_shot,3,MedGemma 1.0-27B,ollama,medgemma:27b,225566008,retrieval_failure
Coronary Heart Disease,zero_shot,3,MedGemma 1.0-27B,ollama,medgemma:27b,233843008,retrieval_failure
Coronary Heart Disease,zero_shot,3,MedGemma 1.0-27B,ollama,medgemma:27b,233826005,retrieval_failure
Coronary Heart Disease,zero_shot,3,MedGemma 1.0-27B,ollama,medgemma:27b,35431000087103,retrieval_failure
Coronary Heart Disease,zero_shot,3,MedGemma 1.0-27B,ollama,medgemma:27b,10273003,retrieval_failure
Coronary Heart Disease,zero_shot,3,MedGemma 1.0-27B,ollama,medgemma:27b,12238111000119106,retrieval_failure
Coronary Heart Disease,zero_shot,3,MedGemma 1.0-27B,ollama,medgemma:27b,1208873007,retrieval_failure
Coronary Heart Disease,zero_shot,3,MedGemma 1.0-27B,ollama,medgemma:27b,233821000,retrieval_failure
Coronary Heart Disease,zero_shot,3,MedGemma 1.0-27B,ollama,medgemma:27b,876859003,retrieval_failure
Coronary Heart Disease,zero_shot,3,MedGemma 1.0-27B,ollama,medgemma:27b,30277009,retrieval_failure
Coronary Heart Disease,zero_shot,3,MedGemma 1.0-27B,ollama,medgemma:27b,840609007,retrieval_failure
Coronary Heart Disease,zero_shot,3,MedGemma 1.0-27B,ollama,medgemma:27b,315026000,retrieval_failure
Coronary Heart Disease,zero_shot,3,MedGemma 1.0-27B,ollama,medgemma:27b,233839009,retrieval_failure
Coronary Heart Disease,zero_shot,3,MedGemma 1.0-27B,ollama,medgemma:27b,1208872002,retrieval_failure
Coronary Heart Disease,zero_shot,3,MedGemma 1.0-27B,ollama,medgemma:27b,846683001,retrieval_failure
Coronary Heart Disease,zero_shot,3,MedGemma 1.0-27B,ollama,medgemma:27b,61490001,retrieval_failure
Coronary Heart Disease,zero_shot,3,MedGemma 1.0-27B,ollama,medgemma:27b,703209002,retrieval_failure
Coronary Heart Disease,zero_shot,3,MedGemma 1.0-27B,ollama,medgemma:27b,15713001000119100,retrieval_failure
Coronary Heart Disease,zero_shot,3,MedGemma 1.0-27B,ollama,medgemma:27b,428752002,retrieval_failure
Coronary Heart Disease,zero_shot,3,MedGemma 1.0-27B,ollama,medgemma:27b,123642008,retrieval_failure
Coronary Heart Disease,zero_shot,3,MedGemma 1.0-27B,ollama,medgemma:27b,54329005,retrieval_failure
Coronary Heart Disease,zero_shot,3,MedGemma 1.0-27B,ollama,medgemma:27b,1089451000000100,retrieval_failure
Coronary Heart Disease,zero_shot,3,MedGemma 1.0-27B,ollama,medgemma:27b,233832000,retrieval_failure
Coronary Heart Disease,zero_shot,3,MedGemma 1.0-27B,ollama,medgemma:27b,285721000119104,retrieval_failure
Coronary Heart Disease,zero_shot,3,MedGemma 1.0-27B,ollama,medgemma:27b,703165004,retrieval_failure
Coronary Heart Disease,zero_shot,3,MedGemma 1.0-27B,ollama,medgemma:27b,876856005,retrieval_failure
Coronary Heart Disease,zero_shot,3,MedGemma 1.0-27B,ollama,medgemma:27b,194868001,retrieval_failure
Coronary Heart Disease,zero_shot,3,MedGemma 1.0-27B,ollama,medgemma:27b,44781000087105,retrieval_failure
Coronary Heart Disease,zero_shot,3,MedGemma 1.0-27B,ollama,medgemma:27b,896690007,retrieval_failure
Coronary Heart Disease,zero_shot,3,MedGemma 1.0-27B,ollama,medgemma:27b,840313007,retrieval_failure
Coronary Heart Disease,zero_shot,3,MedGemma 1.0-27B,ollama,medgemma:27b,194828000,retrieval_failure
Coronary Heart Disease,zero_shot,3,MedGemma 1.0-27B,ollama,medgemma:27b,63739005,generation_failure
Coronary Heart Disease,zero_shot,3,MedGemma 1.0-27B,ollama,medgemma:27b,1255256006,retrieval_failure
Coronary Heart Disease,zero_shot,3,MedGemma 1.0-27B,ollama,medgemma:27b,314207007,retrieval_failure
Coronary Heart Disease,zero_shot,3,MedGemma 1.0-27B,ollama,medgemma:27b,70998009,retrieval_failure
Coronary Heart Disease,zero_shot,3,MedGemma 1.0-27B,ollama,medgemma:27b,840608004,retrieval_failure
Coronary Heart Disease,zero_shot,3,MedGemma 1.0-27B,ollama,medgemma:27b,712866001,retrieval_failure
Coronary Heart Disease,zero_shot,3,MedGemma 1.0-27B,ollama,medgemma:27b,194867006,retrieval_failure
Coronary Heart Disease,zero_shot,3,MedGemma 1.0-27B,ollama,medgemma:27b,1254662003,retrieval_failure
Coronary Heart Disease,zero_shot,3,MedGemma 1.0-27B,ollama,medgemma:27b,44821000087100,retrieval_failure
Coronary Heart Disease,zero_shot,3,MedGemma 1.0-27B,ollama,medgemma:27b,1254666000,retrieval_failure
Coronary Heart Disease,zero_shot,3,MedGemma 1.0-27B,ollama,medgemma:27b,868226001,retrieval_failure
Coronary Heart Disease,zero_shot,3,MedGemma 1.0-27B,ollama,medgemma:27b,1208867006,retrieval_failure
Coronary Heart Disease,zero_shot,3,MedGemma 1.0-27B,ollama,medgemma:27b,308065005,retrieval_failure
Coronary Heart Disease,zero_shot,3,MedGemma 1.0-27B,ollama,medgemma:27b,35471000087101,retrieval_failure
Coronary Heart Disease,zero_shot,3,MedGemma 1.0-27B,ollama,medgemma:27b,428196007,retrieval_failure
Coronary Heart Disease,zero_shot,3,MedGemma 1.0-27B,ollama,medgemma:27b,371805005,generation_failure
Coronary Heart Disease,zero_shot,3,MedGemma 1.0-27B,ollama,medgemma:27b,703214003,generation_failure
Coronary Heart Disease,zero_shot,3,MedGemma 1.0-27B,ollama,medgemma:27b,233841005,retrieval_failure
Coronary Heart Disease,zero_shot,3,MedGemma 1.0-27B,ollama,medgemma:27b,371068009,retrieval_failure
Coronary Heart Disease,zero_shot,3,MedGemma 1.0-27B,ollama,medgemma:27b,879955009,retrieval_failure
Coronary Heart Disease,zero_shot,3,MedGemma 1.0-27B,ollama,medgemma:27b,723859005,retrieval_failure
Coronary Heart Disease,zero_shot,3,MedGemma 1.0-27B,ollama,medgemma:27b,233842003,retrieval_failure
Coronary Heart Disease,zero_shot,3,MedGemma 1.0-27B,ollama,medgemma:27b,840680009,retrieval_failure
Coronary Heart Disease,zero_shot,3,MedGemma 1.0-27B,ollama,medgemma:27b,15713201000119105,retrieval_failure
Coronary Heart Disease,zero_shot,3,MedGemma 1.0-27B,ollama,medgemma:27b,233829003,retrieval_failure
Coronary Heart Disease,zero_shot,3,MedGemma 1.0-27B,ollama,medgemma:27b,371812001,retrieval_failure
Coronary Heart Disease,zero_shot,3,MedGemma 1.0-27B,ollama,medgemma:27b,194823009,generation_failure
Coronary Heart Disease,few_shot,1,MedGemma 1.0-27B,ollama,medgemma:27b,896697005,retrieval_failure
Coronary Heart Disease,few_shot,1,MedGemma 1.0-27B,ollama,medgemma:27b,194802003,retrieval_failure
Coronary Heart Disease,few_shot,1,MedGemma 1.0-27B,ollama,medgemma:27b,35451000087107,retrieval_failure
Coronary Heart Disease,few_shot,1,MedGemma 1.0-27B,ollama,medgemma:27b,15712841000119100,retrieval_failure
Coronary Heart Disease,few_shot,1,MedGemma 1.0-27B,ollama,medgemma:27b,281091000,retrieval_failure
Coronary Heart Disease,few_shot,1,MedGemma 1.0-27B,ollama,medgemma:27b,15712921000119103,retrieval_failure
Coronary Heart Disease,few_shot,1,MedGemma 1.0-27B,ollama,medgemma:27b,194821006,retrieval_failure
Coronary Heart Disease,few_shot,1,MedGemma 1.0-27B,ollama,medgemma:27b,703326006,retrieval_failure
Coronary Heart Disease,few_shot,1,MedGemma 1.0-27B,ollama,medgemma:27b,233847009,retrieval_failure
Coronary Heart Disease,few_shot,1,MedGemma 1.0-27B,ollama,medgemma:27b,896689003,retrieval_failure
Coronary Heart Disease,few_shot,1,MedGemma 1.0-27B,ollama,medgemma:27b,1255624007,retrieval_failure
Coronary Heart Disease,few_shot,1,MedGemma 1.0-27B,ollama,medgemma:27b,233970002,generation_failure
Coronary Heart Disease,few_shot,1,MedGemma 1.0-27B,ollama,medgemma:27b,1254663008,retrieval_failure
Coronary Heart Disease,few_shot,1,MedGemma 1.0-27B,ollama,medgemma:27b,846667001,retrieval_failure
Coronary Heart Disease,few_shot,1,MedGemma 1.0-27B,ollama,medgemma:27b,42531007,retrieval_failure
Coronary Heart Disease,few_shot,1,MedGemma 1.0-27B,ollama,medgemma:27b,300995000,retrieval_failure
Coronary Heart Disease,few_shot,1,MedGemma 1.0-27B,ollama,medgemma:27b,719678003,generation_failure
Coronary Heart Disease,few_shot,1,MedGemma 1.0-27B,ollama,medgemma:27b,233834004,retrieval_failure
Coronary Heart Disease,few_shot,1,MedGemma 1.0-27B,ollama,medgemma:27b,307140009,retrieval_failure
Coronary Heart Disease,few_shot,1,MedGemma 1.0-27B,ollama,medgemma:27b,371806006,retrieval_failure
Coronary Heart Disease,few_shot,1,MedGemma 1.0-27B,ollama,medgemma:27b,429559004,retrieval_failure
Coronary Heart Disease,few_shot,1,MedGemma 1.0-27B,ollama,medgemma:27b,840679006,retrieval_failure
Coronary Heart Disease,few_shot,1,MedGemma 1.0-27B,ollama,medgemma:27b,1254660006,retrieval_failure
Coronary Heart Disease,few_shot,1,MedGemma 1.0-27B,ollama,medgemma:27b,427919004,retrieval_failure
Coronary Heart Disease,few_shot,1,MedGemma 1.0-27B,ollama,medgemma:27b,840309000,retrieval_failure
Coronary Heart Disease,few_shot,1,MedGemma 1.0-27B,ollama,medgemma:27b,401314000,retrieval_failure
Coronary Heart Disease,few_shot,1,MedGemma 1.0-27B,ollama,medgemma:27b,44801000087106,retrieval_failure
Coronary Heart Disease,few_shot,1,MedGemma 1.0-27B,ollama,medgemma:27b,233817007,generation_failure
Coronary Heart Disease,few_shot,1,MedGemma 1.0-27B,ollama,medgemma:27b,429391004,retrieval_failure
Coronary Heart Disease,few_shot,1,MedGemma 1.0-27B,ollama,medgemma:27b,414545008,generation_failure
Coronary Heart Disease,few_shot,1,MedGemma 1.0-27B,ollama,medgemma:27b,44851000087107,retrieval_failure
Coronary Heart Disease,few_shot,1,MedGemma 1.0-27B,ollama,medgemma:27b,233828006,retrieval_failure
Coronary Heart Disease,few_shot,1,MedGemma 1.0-27B,ollama,medgemma:27b,414024009,generation_failure
Coronary Heart Disease,few_shot,1,MedGemma 1.0-27B,ollama,medgemma:27b,314116003,retrieval_failure
Coronary Heart Disease,few_shot,1,MedGemma 1.0-27B,ollama,medgemma:27b,723861001,retrieval_failure
Coronary Heart Disease,few_shot,1,MedGemma 1.0-27B,ollama,medgemma:27b,840312002,retrieval_failure
Coronary Heart Disease,few_shot,1,MedGemma 1.0-27B,ollama,medgemma:27b,35481000087104,retrieval_failure
Coronary Heart Disease,few_shot,1,MedGemma 1.0-27B,ollama,medgemma:27b,443502000,generation_failure
Coronary Heart Disease,few_shot,1,MedGemma 1.0-27B,ollama,medgemma:27b,21470009,retrieval_failure
Coronary Heart Disease,few_shot,1,MedGemma 1.0-27B,ollama,medgemma:27b,233823002,retrieval_failure
Coronary Heart Disease,few_shot,1,MedGemma 1.0-27B,ollama,medgemma:27b,1204154001,retrieval_failure
Coronary Heart Disease,few_shot,1,MedGemma 1.0-27B,ollama,medgemma:27b,703328007,retrieval_failure
Coronary Heart Disease,few_shot,1,MedGemma 1.0-27B,ollama,medgemma:27b,15713121000119105,retrieval_failure
Coronary Heart Disease,few_shot,1,MedGemma 1.0-27B,ollama,medgemma:27b,32574007,retrieval_failure
Coronary Heart Disease,few_shot,1,MedGemma 1.0-27B,ollama,medgemma:27b,16837681000119104,retrieval_failure
Coronary Heart Disease,few_shot,1,MedGemma 1.0-27B,ollama,medgemma:27b,697976003,retrieval_failure
Coronary Heart Disease,few_shot,1,MedGemma 1.0-27B,ollama,medgemma:27b,44761000087104,retrieval_failure
Coronary Heart Disease,few_shot,1,MedGemma 1.0-27B,ollama,medgemma:27b,398274000,generation_failure
Coronary Heart Disease,few_shot,1,MedGemma 1.0-27B,ollama,medgemma:27b,836295007,retrieval_failure
Coronary Heart Disease,few_shot,1,MedGemma 1.0-27B,ollama,medgemma:27b,42866003,retrieval_failure
Coronary Heart Disease,few_shot,1,MedGemma 1.0-27B,ollama,medgemma:27b,35401000087106,retrieval_failure
Coronary Heart Disease,few_shot,1,MedGemma 1.0-27B,ollama,medgemma:27b,846684007,retrieval_failure
Coronary Heart Disease,few_shot,1,MedGemma 1.0-27B,ollama,medgemma:27b,461000119108,retrieval_failure
Coronary Heart Disease,few_shot,1,MedGemma 1.0-27B,ollama,medgemma:27b,1269257006,retrieval_failure
Coronary Heart Disease,few_shot,1,MedGemma 1.0-27B,ollama,medgemma:27b,1204151009,retrieval_failure
Coronary Heart Disease,few_shot,1,MedGemma 1.0-27B,ollama,medgemma:27b,129574000,retrieval_failure
Coronary Heart Disease,few_shot,1,MedGemma 1.0-27B,ollama,medgemma:27b,394659003,generation_failure
Coronary Heart Disease,few_shot,1,MedGemma 1.0-27B,ollama,medgemma:27b,876857001,retrieval_failure
Coronary Heart Disease,few_shot,1,MedGemma 1.0-27B,ollama,medgemma:27b,868221006,retrieval_failure
Coronary Heart Disease,few_shot,1,MedGemma 1.0-27B,ollama,medgemma:27b,1255569006,retrieval_failure
Coronary Heart Disease,few_shot,1,MedGemma 1.0-27B,ollama,medgemma:27b,703330009,retrieval_failure
Coronary Heart Disease,few_shot,1,MedGemma 1.0-27B,ollama,medgemma:27b,15960981000119105,retrieval_failure
Coronary Heart Disease,few_shot,1,MedGemma 1.0-27B,ollama,medgemma:27b,85284003,retrieval_failure
Coronary Heart Disease,few_shot,1,MedGemma 1.0-27B,ollama,medgemma:27b,868216008,retrieval_failure
Coronary Heart Disease,few_shot,1,MedGemma 1.0-27B,ollama,medgemma:27b,71023004,retrieval_failure
Coronary Heart Disease,few_shot,1,MedGemma 1.0-27B,ollama,medgemma:27b,70422006,retrieval_failure
Coronary Heart Disease,few_shot,1,MedGemma 1.0-27B,ollama,medgemma:27b,82522008,retrieval_failure
Coronary Heart Disease,few_shot,1,MedGemma 1.0-27B,ollama,medgemma:27b,1255623001,retrieval_failure
Coronary Heart Disease,few_shot,1,MedGemma 1.0-27B,ollama,medgemma:27b,15960541000119107,retrieval_failure
Coronary Heart Disease,few_shot,1,MedGemma 1.0-27B,ollama,medgemma:27b,233833005,retrieval_failure
Coronary Heart Disease,few_shot,1,MedGemma 1.0-27B,ollama,medgemma:27b,868215007,retrieval_failure
Coronary Heart Disease,few_shot,1,MedGemma 1.0-27B,ollama,medgemma:27b,399261000,retrieval_failure
Coronary Heart Disease,few_shot,1,MedGemma 1.0-27B,ollama,medgemma:27b,19057007,retrieval_failure
Coronary Heart Disease,few_shot,1,MedGemma 1.0-27B,ollama,medgemma:27b,413844008,retrieval_failure
Coronary Heart Disease,few_shot,1,MedGemma 1.0-27B,ollama,medgemma:27b,15713041000119103,retrieval_failure
Coronary Heart Disease,few_shot,1,MedGemma 1.0-27B,ollama,medgemma:27b,194849004,retrieval_failure
Coronary Heart Disease,few_shot,1,MedGemma 1.0-27B,ollama,medgemma:27b,371811008,retrieval_failure
Coronary Heart Disease,few_shot,1,MedGemma 1.0-27B,ollama,medgemma:27b,1204152002,retrieval_failure
Coronary Heart Disease,few_shot,1,MedGemma 1.0-27B,ollama,medgemma:27b,194861007,retrieval_failure
Coronary Heart Disease,few_shot,1,MedGemma 1.0-27B,ollama,medgemma:27b,233838001,retrieval_failure
Coronary Heart Disease,few_shot,1,MedGemma 1.0-27B,ollama,medgemma:27b,251024009,generation_failure
Coronary Heart Disease,few_shot,1,MedGemma 1.0-27B,ollama,medgemma:27b,836293000,retrieval_failure
Coronary Heart Disease,few_shot,1,MedGemma 1.0-27B,ollama,medgemma:27b,44831000087103,retrieval_failure
Coronary Heart Disease,few_shot,1,MedGemma 1.0-27B,ollama,medgemma:27b,35551000087106,retrieval_failure
Coronary Heart Disease,few_shot,1,MedGemma 1.0-27B,ollama,medgemma:27b,282006,retrieval_failure
Coronary Heart Disease,few_shot,1,MedGemma 1.0-27B,ollama,medgemma:27b,868222004,retrieval_failure
Coronary Heart Disease,few_shot,1,MedGemma 1.0-27B,ollama,medgemma:27b,723858002,retrieval_failure
Coronary Heart Disease,few_shot,1,MedGemma 1.0-27B,ollama,medgemma:27b,12238151000119107,retrieval_failure
Coronary Heart Disease,few_shot,1,MedGemma 1.0-27B,ollama,medgemma:27b,1255265004,retrieval_failure
Coronary Heart Disease,few_shot,1,MedGemma 1.0-27B,ollama,medgemma:27b,161503005,retrieval_failure
Coronary Heart Disease,few_shot,1,MedGemma 1.0-27B,ollama,medgemma:27b,41334000,retrieval_failure
Coronary Heart Disease,few_shot,1,MedGemma 1.0-27B,ollama,medgemma:27b,35511000087107,retrieval_failure
Coronary Heart Disease,few_shot,1,MedGemma 1.0-27B,ollama,medgemma:27b,66189004,retrieval_failure
Coronary Heart Disease,few_shot,1,MedGemma 1.0-27B,ollama,medgemma:27b,371807002,retrieval_failure
Coronary Heart Disease,few_shot,1,MedGemma 1.0-27B,ollama,medgemma:27b,233837006,retrieval_failure
Coronary Heart Disease,few_shot,1,MedGemma 1.0-27B,ollama,medgemma:27b,429245005,retrieval_failure
Coronary Heart Disease,few_shot,1,MedGemma 1.0-27B,ollama,medgemma:27b,827163002,retrieval_failure
Coronary Heart Disease,few_shot,1,MedGemma 1.0-27B,ollama,medgemma:27b,233827001,retrieval_failure
Coronary Heart Disease,few_shot,1,MedGemma 1.0-27B,ollama,medgemma:27b,89323001,retrieval_failure
Coronary Heart Disease,few_shot,1,MedGemma 1.0-27B,ollama,medgemma:27b,35501000087105,retrieval_failure
Coronary Heart Disease,few_shot,1,MedGemma 1.0-27B,ollama,medgemma:27b,846668006,retrieval_failure
Coronary Heart Disease,few_shot,1,MedGemma 1.0-27B,ollama,medgemma:27b,413444003,retrieval_failure
Coronary Heart Disease,few_shot,1,MedGemma 1.0-27B,ollama,medgemma:27b,233830008,retrieval_failure
Coronary Heart Disease,few_shot,1,MedGemma 1.0-27B,ollama,medgemma:27b,868217004,retrieval_failure
Coronary Heart Disease,few_shot,1,MedGemma 1.0-27B,ollama,medgemma:27b,16415081000119104,retrieval_failure
Coronary Heart Disease,few_shot,1,MedGemma 1.0-27B,ollama,medgemma:27b,1089431000000107,retrieval_failure
Coronary Heart Disease,few_shot,1,MedGemma 1.0-27B,ollama,medgemma:27b,15712961000119108,retrieval_failure
Coronary Heart Disease,few_shot,1,MedGemma 1.0-27B,ollama,medgemma:27b,194857001,retrieval_failure
Coronary Heart Disease,few_shot,1,MedGemma 1.0-27B,ollama,medgemma:27b,35581000087103,retrieval_failure
Coronary Heart Disease,few_shot,1,MedGemma 1.0-27B,ollama,medgemma:27b,73795002,retrieval_failure
Coronary Heart Disease,few_shot,1,MedGemma 1.0-27B,ollama,medgemma:27b,35928006,retrieval_failure
Coronary Heart Disease,few_shot,1,MedGemma 1.0-27B,ollama,medgemma:27b,426856002,retrieval_failure
Coronary Heart Disease,few_shot,1,MedGemma 1.0-27B,ollama,medgemma:27b,792842004,generation_failure
Coronary Heart Disease,few_shot,1,MedGemma 1.0-27B,ollama,medgemma:27b,408546009,retrieval_failure
Coronary Heart Disease,few_shot,1,MedGemma 1.0-27B,ollama,medgemma:27b,130541000119100,retrieval_failure
Coronary Heart Disease,few_shot,1,MedGemma 1.0-27B,ollama,medgemma:27b,15713161000119100,retrieval_failure
Coronary Heart Disease,few_shot,1,MedGemma 1.0-27B,ollama,medgemma:27b,713405002,retrieval_failure
Coronary Heart Disease,few_shot,1,MedGemma 1.0-27B,ollama,medgemma:27b,1254661005,retrieval_failure
Coronary Heart Disease,few_shot,1,MedGemma 1.0-27B,ollama,medgemma:27b,724431008,retrieval_failure
Coronary Heart Disease,few_shot,1,MedGemma 1.0-27B,ollama,medgemma:27b,194865003,retrieval_failure
Coronary Heart Disease,few_shot,1,MedGemma 1.0-27B,ollama,medgemma:27b,1077002,retrieval_failure
Coronary Heart Disease,few_shot,1,MedGemma 1.0-27B,ollama,medgemma:27b,698377004,retrieval_failure
Coronary Heart Disease,few_shot,1,MedGemma 1.0-27B,ollama,medgemma:27b,444856008,retrieval_failure
Coronary Heart Disease,few_shot,1,MedGemma 1.0-27B,ollama,medgemma:27b,703360004,retrieval_failure
Coronary Heart Disease,few_shot,1,MedGemma 1.0-27B,ollama,medgemma:27b,35411000087108,retrieval_failure
Coronary Heart Disease,few_shot,1,MedGemma 1.0-27B,ollama,medgemma:27b,1255622006,retrieval_failure
Coronary Heart Disease,few_shot,1,MedGemma 1.0-27B,ollama,medgemma:27b,52035003,retrieval_failure
Coronary Heart Disease,few_shot,1,MedGemma 1.0-27B,ollama,medgemma:27b,103011000119106,generation_failure
Coronary Heart Disease,few_shot,1,MedGemma 1.0-27B,ollama,medgemma:27b,35571000087100,retrieval_failure
Coronary Heart Disease,few_shot,1,MedGemma 1.0-27B,ollama,medgemma:27b,840315000,retrieval_failure
Coronary Heart Disease,few_shot,1,MedGemma 1.0-27B,ollama,medgemma:27b,1254658009,retrieval_failure
Coronary Heart Disease,few_shot,1,MedGemma 1.0-27B,ollama,medgemma:27b,194858006,retrieval_failure
Coronary Heart Disease,few_shot,1,MedGemma 1.0-27B,ollama,medgemma:27b,420006002,generation_failure
Coronary Heart Disease,few_shot,1,MedGemma 1.0-27B,ollama,medgemma:27b,1255258007,retrieval_failure
Coronary Heart Disease,few_shot,1,MedGemma 1.0-27B,ollama,medgemma:27b,840316004,retrieval_failure
Coronary Heart Disease,few_shot,1,MedGemma 1.0-27B,ollama,medgemma:27b,35461000087105,retrieval_failure
Coronary Heart Disease,few_shot,1,MedGemma 1.0-27B,ollama,medgemma:27b,233885007,retrieval_failure
Coronary Heart Disease,few_shot,1,MedGemma 1.0-27B,ollama,medgemma:27b,311793000,retrieval_failure
Coronary Heart Disease,few_shot,1,MedGemma 1.0-27B,ollama,medgemma:27b,194862000,retrieval_failure
Coronary Heart Disease,few_shot,1,MedGemma 1.0-27B,ollama,medgemma:27b,703251009,retrieval_failure
Coronary Heart Disease,few_shot,1,MedGemma 1.0-27B,ollama,medgemma:27b,723862008,retrieval_failure
Coronary Heart Disease,few_shot,1,MedGemma 1.0-27B,ollama,medgemma:27b,65547006,retrieval_failure
Coronary Heart Disease,few_shot,1,MedGemma 1.0-27B,ollama,medgemma:27b,17531000119105,retrieval_failure
Coronary Heart Disease,few_shot,1,MedGemma 1.0-27B,ollama,medgemma:27b,23311000119105,retrieval_failure
Coronary Heart Disease,few_shot,1,MedGemma 1.0-27B,ollama,medgemma:27b,840310005,retrieval_failure
Coronary Heart Disease,few_shot,1,MedGemma 1.0-27B,ollama,medgemma:27b,896696001,retrieval_failure
Coronary Heart Disease,few_shot,1,MedGemma 1.0-27B,ollama,medgemma:27b,442240008,retrieval_failure
Coronary Heart Disease,few_shot,1,MedGemma 1.0-27B,ollama,medgemma:27b,15960461000119105,retrieval_failure
Coronary Heart Disease,few_shot,1,MedGemma 1.0-27B,ollama,medgemma:27b,1755008,retrieval_failure
Coronary Heart Disease,few_shot,1,MedGemma 1.0-27B,ollama,medgemma:27b,233831007,retrieval_failure
Coronary Heart Disease,few_shot,1,MedGemma 1.0-27B,ollama,medgemma:27b,61236006,retrieval_failure
Coronary Heart Disease,few_shot,1,MedGemma 1.0-27B,ollama,medgemma:27b,703164000,retrieval_failure
Coronary Heart Disease,few_shot,1,MedGemma 1.0-27B,ollama,medgemma:27b,194843003,generation_failure
Coronary Heart Disease,few_shot,1,MedGemma 1.0-27B,ollama,medgemma:27b,414795007,retrieval_failure
Coronary Heart Disease,few_shot,1,MedGemma 1.0-27B,ollama,medgemma:27b,1204155000,retrieval_failure
Coronary Heart Disease,few_shot,1,MedGemma 1.0-27B,ollama,medgemma:27b,442224005,retrieval_failure
Coronary Heart Disease,few_shot,1,MedGemma 1.0-27B,ollama,medgemma:27b,79009004,retrieval_failure
Coronary Heart Disease,few_shot,1,MedGemma 1.0-27B,ollama,medgemma:27b,472100003,retrieval_failure
Coronary Heart Disease,few_shot,1,MedGemma 1.0-27B,ollama,medgemma:27b,44771000087108,retrieval_failure
Coronary Heart Disease,few_shot,1,MedGemma 1.0-27B,ollama,medgemma:27b,703210007,retrieval_failure
Coronary Heart Disease,few_shot,1,MedGemma 1.0-27B,ollama,medgemma:27b,394710008,retrieval_failure
Coronary Heart Disease,few_shot,1,MedGemma 1.0-27B,ollama,medgemma:27b,868224003,retrieval_failure
Coronary Heart Disease,few_shot,1,MedGemma 1.0-27B,ollama,medgemma:27b,58612006,retrieval_failure
Coronary Heart Disease,few_shot,1,MedGemma 1.0-27B,ollama,medgemma:27b,836294006,retrieval_failure
Coronary Heart Disease,few_shot,1,MedGemma 1.0-27B,ollama,medgemma:27b,723860000,retrieval_failure
Coronary Heart Disease,few_shot,1,MedGemma 1.0-27B,ollama,medgemma:27b,70211005,retrieval_failure
Coronary Heart Disease,few_shot,1,MedGemma 1.0-27B,ollama,medgemma:27b,285141000119106,retrieval_failure
Coronary Heart Disease,few_shot,1,MedGemma 1.0-27B,ollama,medgemma:27b,233825009,retrieval_failure
Coronary Heart Disease,few_shot,1,MedGemma 1.0-27B,ollama,medgemma:27b,371809004,retrieval_failure
Coronary Heart Disease,few_shot,1,MedGemma 1.0-27B,ollama,medgemma:27b,57054005,retrieval_failure
Coronary Heart Disease,few_shot,1,MedGemma 1.0-27B,ollama,medgemma:27b,15960341000119104,retrieval_failure
Coronary Heart Disease,few_shot,1,MedGemma 1.0-27B,ollama,medgemma:27b,1254659001,retrieval_failure
Coronary Heart Disease,few_shot,1,MedGemma 1.0-27B,ollama,medgemma:27b,15990001,retrieval_failure
Coronary Heart Disease,few_shot,1,MedGemma 1.0-27B,ollama,medgemma:27b,1204222000,retrieval_failure
Coronary Heart Disease,few_shot,1,MedGemma 1.0-27B,ollama,medgemma:27b,311796008,retrieval_failure
Coronary Heart Disease,few_shot,1,MedGemma 1.0-27B,ollama,medgemma:27b,810681000000101,generation_failure
Coronary Heart Disease,few_shot,1,MedGemma 1.0-27B,ollama,medgemma:27b,35561000087109,retrieval_failure
Coronary Heart Disease,few_shot,1,MedGemma 1.0-27B,ollama,medgemma:27b,285981000119103,retrieval_failure
Coronary Heart Disease,few_shot,1,MedGemma 1.0-27B,ollama,medgemma:27b,315025001,retrieval_failure
Coronary Heart Disease,few_shot,1,MedGemma 1.0-27B,ollama,medgemma:27b,22298006,generation_failure
Coronary Heart Disease,few_shot,1,MedGemma 1.0-27B,ollama,medgemma:27b,233846000,retrieval_failure
Coronary Heart Disease,few_shot,1,MedGemma 1.0-27B,ollama,medgemma:27b,78741000119103,retrieval_failure
Coronary Heart Disease,few_shot,1,MedGemma 1.0-27B,ollama,medgemma:27b,444855007,retrieval_failure
Coronary Heart Disease,few_shot,1,MedGemma 1.0-27B,ollama,medgemma:27b,315348000,generation_failure
Coronary Heart Disease,few_shot,1,MedGemma 1.0-27B,ollama,medgemma:27b,194856005,retrieval_failure
Coronary Heart Disease,few_shot,1,MedGemma 1.0-27B,ollama,medgemma:27b,161502000,retrieval_failure
Coronary Heart Disease,few_shot,1,MedGemma 1.0-27B,ollama,medgemma:27b,15712881000119105,retrieval_failure
Coronary Heart Disease,few_shot,1,MedGemma 1.0-27B,ollama,medgemma:27b,59063002,retrieval_failure
Coronary Heart Disease,few_shot,1,MedGemma 1.0-27B,ollama,medgemma:27b,15713081000119108,retrieval_failure
Coronary Heart Disease,few_shot,1,MedGemma 1.0-27B,ollama,medgemma:27b,233835003,retrieval_failure
Coronary Heart Disease,few_shot,1,MedGemma 1.0-27B,ollama,medgemma:27b,15960061000119102,retrieval_failure
Coronary Heart Disease,few_shot,1,MedGemma 1.0-27B,ollama,medgemma:27b,827164008,retrieval_failure
Coronary Heart Disease,few_shot,1,MedGemma 1.0-27B,ollama,medgemma:27b,371803003,generation_failure
Coronary Heart Disease,few_shot,1,MedGemma 1.0-27B,ollama,medgemma:27b,418044006,retrieval_failure
Coronary Heart Disease,few_shot,1,MedGemma 1.0-27B,ollama,medgemma:27b,876858006,retrieval_failure
Coronary Heart Disease,few_shot,1,MedGemma 1.0-27B,ollama,medgemma:27b,10971000087107,retrieval_failure
Coronary Heart Disease,few_shot,1,MedGemma 1.0-27B,ollama,medgemma:27b,868220007,retrieval_failure
Coronary Heart Disease,few_shot,1,MedGemma 1.0-27B,ollama,medgemma:27b,194842008,generation_failure
Coronary Heart Disease,few_shot,1,MedGemma 1.0-27B,ollama,medgemma:27b,311792005,retrieval_failure
Coronary Heart Disease,few_shot,1,MedGemma 1.0-27B,ollama,medgemma:27b,1163420005,retrieval_failure
Coronary Heart Disease,few_shot,1,MedGemma 1.0-27B,ollama,medgemma:27b,281092007,retrieval_failure
Coronary Heart Disease,few_shot,1,MedGemma 1.0-27B,ollama,medgemma:27b,703212004,retrieval_failure
Coronary Heart Disease,few_shot,1,MedGemma 1.0-27B,ollama,medgemma:27b,285991000119100,retrieval_failure
Coronary Heart Disease,few_shot,1,MedGemma 1.0-27B,ollama,medgemma:27b,62695002,retrieval_failure
Coronary Heart Disease,few_shot,1,MedGemma 1.0-27B,ollama,medgemma:27b,117051000119103,retrieval_failure
Coronary Heart Disease,few_shot,1,MedGemma 1.0-27B,ollama,medgemma:27b,35491000087102,retrieval_failure
Coronary Heart Disease,few_shot,1,MedGemma 1.0-27B,ollama,medgemma:27b,59021001,retrieval_failure
Coronary Heart Disease,few_shot,1,MedGemma 1.0-27B,ollama,medgemma:27b,1222625002,retrieval_failure
Coronary Heart Disease,few_shot,1,MedGemma 1.0-27B,ollama,medgemma:27b,16891151000119103,retrieval_failure
Coronary Heart Disease,few_shot,1,MedGemma 1.0-27B,ollama,medgemma:27b,1254657004,retrieval_failure
Coronary Heart Disease,few_shot,1,MedGemma 1.0-27B,ollama,medgemma:27b,703211006,retrieval_failure
Coronary Heart Disease,few_shot,1,MedGemma 1.0-27B,ollama,medgemma:27b,123641001,retrieval_failure
Coronary Heart Disease,few_shot,1,MedGemma 1.0-27B,ollama,medgemma:27b,44841000087109,retrieval_failure
Coronary Heart Disease,few_shot,1,MedGemma 1.0-27B,ollama,medgemma:27b,698593009,retrieval_failure
Coronary Heart Disease,few_shot,1,MedGemma 1.0-27B,ollama,medgemma:27b,868225002,retrieval_failure
Coronary Heart Disease,few_shot,1,MedGemma 1.0-27B,ollama,medgemma:27b,25106000,retrieval_failure
Coronary Heart Disease,few_shot,1,MedGemma 1.0-27B,ollama,medgemma:27b,233819005,retrieval_failure
Coronary Heart Disease,few_shot,1,MedGemma 1.0-27B,ollama,medgemma:27b,225566008,retrieval_failure
Coronary Heart Disease,few_shot,1,MedGemma 1.0-27B,ollama,medgemma:27b,233843008,retrieval_failure
Coronary Heart Disease,few_shot,1,MedGemma 1.0-27B,ollama,medgemma:27b,304914007,retrieval_failure
Coronary Heart Disease,few_shot,1,MedGemma 1.0-27B,ollama,medgemma:27b,76593002,retrieval_failure
Coronary Heart Disease,few_shot,1,MedGemma 1.0-27B,ollama,medgemma:27b,233826005,retrieval_failure
Coronary Heart Disease,few_shot,1,MedGemma 1.0-27B,ollama,medgemma:27b,35431000087103,retrieval_failure
Coronary Heart Disease,few_shot,1,MedGemma 1.0-27B,ollama,medgemma:27b,92517006,retrieval_failure
Coronary Heart Disease,few_shot,1,MedGemma 1.0-27B,ollama,medgemma:27b,10273003,retrieval_failure
Coronary Heart Disease,few_shot,1,MedGemma 1.0-27B,ollama,medgemma:27b,726499301000119105,retrieval_failure
Coronary Heart Disease,few_shot,1,MedGemma 1.0-27B,ollama,medgemma:27b,12238111000119106,retrieval_failure
Coronary Heart Disease,few_shot,1,MedGemma 1.0-27B,ollama,medgemma:27b,371810009,retrieval_failure
Coronary Heart Disease,few_shot,1,MedGemma 1.0-27B,ollama,medgemma:27b,868219001,retrieval_failure
Coronary Heart Disease,few_shot,1,MedGemma 1.0-27B,ollama,medgemma:27b,703213009,retrieval_failure
Coronary Heart Disease,few_shot,1,MedGemma 1.0-27B,ollama,medgemma:27b,1208873007,retrieval_failure
Coronary Heart Disease,few_shot,1,MedGemma 1.0-27B,ollama,medgemma:27b,1293192009,generation_failure
Coronary Heart Disease,few_shot,1,MedGemma 1.0-27B,ollama,medgemma:27b,233821000,retrieval_failure
Coronary Heart Disease,few_shot,1,MedGemma 1.0-27B,ollama,medgemma:27b,35421000087100,retrieval_failure
Coronary Heart Disease,few_shot,1,MedGemma 1.0-27B,ollama,medgemma:27b,876859003,retrieval_failure
Coronary Heart Disease,few_shot,1,MedGemma 1.0-27B,ollama,medgemma:27b,44811000087108,retrieval_failure
Coronary Heart Disease,few_shot,1,MedGemma 1.0-27B,ollama,medgemma:27b,1089471000000109,retrieval_failure
Coronary Heart Disease,few_shot,1,MedGemma 1.0-27B,ollama,medgemma:27b,285151000119108,retrieval_failure
Coronary Heart Disease,few_shot,1,MedGemma 1.0-27B,ollama,medgemma:27b,30277009,retrieval_failure
Coronary Heart Disease,few_shot,1,MedGemma 1.0-27B,ollama,medgemma:27b,1641000119107,retrieval_failure
Coronary Heart Disease,few_shot,1,MedGemma 1.0-27B,ollama,medgemma:27b,840609007,retrieval_failure
Coronary Heart Disease,few_shot,1,MedGemma 1.0-27B,ollama,medgemma:27b,67682002,retrieval_failure
Coronary Heart Disease,few_shot,1,MedGemma 1.0-27B,ollama,medgemma:27b,194809007,retrieval_failure
Coronary Heart Disease,few_shot,1,MedGemma 1.0-27B,ollama,medgemma:27b,413838009,generation_failure
Coronary Heart Disease,few_shot,1,MedGemma 1.0-27B,ollama,medgemma:27b,315026000,retrieval_failure
Coronary Heart Disease,few_shot,1,MedGemma 1.0-27B,ollama,medgemma:27b,868223009,retrieval_failure
Coronary Heart Disease,few_shot,1,MedGemma 1.0-27B,ollama,medgemma:27b,233839009,retrieval_failure
Coronary Heart Disease,few_shot,1,MedGemma 1.0-27B,ollama,medgemma:27b,399211009,retrieval_failure
Coronary Heart Disease,few_shot,1,MedGemma 1.0-27B,ollama,medgemma:27b,1208872002,retrieval_failure
Coronary Heart Disease,few_shot,1,MedGemma 1.0-27B,ollama,medgemma:27b,1255266003,retrieval_failure
Coronary Heart Disease,few_shot,1,MedGemma 1.0-27B,ollama,medgemma:27b,429673002,retrieval_failure
Coronary Heart Disease,few_shot,1,MedGemma 1.0-27B,ollama,medgemma:27b,1255257002,retrieval_failure
Coronary Heart Disease,few_shot,1,MedGemma 1.0-27B,ollama,medgemma:27b,776219771000119107,retrieval_failure
Coronary Heart Disease,few_shot,1,MedGemma 1.0-27B,ollama,medgemma:27b,846683001,retrieval_failure
Coronary Heart Disease,few_shot,1,MedGemma 1.0-27B,ollama,medgemma:27b,61490001,retrieval_failure
Coronary Heart Disease,few_shot,1,MedGemma 1.0-27B,ollama,medgemma:27b,11018701000119109,retrieval_failure
Coronary Heart Disease,few_shot,1,MedGemma 1.0-27B,ollama,medgemma:27b,413439005,retrieval_failure
Coronary Heart Disease,few_shot,1,MedGemma 1.0-27B,ollama,medgemma:27b,4557003,retrieval_failure
Coronary Heart Disease,few_shot,1,MedGemma 1.0-27B,ollama,medgemma:27b,15960661000119107,retrieval_failure
Coronary Heart Disease,few_shot,1,MedGemma 1.0-27B,ollama,medgemma:27b,703209002,retrieval_failure
Coronary Heart Disease,few_shot,1,MedGemma 1.0-27B,ollama,medgemma:27b,703252002,retrieval_failure
Coronary Heart Disease,few_shot,1,MedGemma 1.0-27B,ollama,medgemma:27b,64627002,retrieval_failure
Coronary Heart Disease,few_shot,1,MedGemma 1.0-27B,ollama,medgemma:27b,15713001000119100,retrieval_failure
Coronary Heart Disease,few_shot,1,MedGemma 1.0-27B,ollama,medgemma:27b,15960381000119109,retrieval_failure
Coronary Heart Disease,few_shot,1,MedGemma 1.0-27B,ollama,medgemma:27b,15960581000119102,retrieval_failure
Coronary Heart Disease,few_shot,1,MedGemma 1.0-27B,ollama,medgemma:27b,428752002,retrieval_failure
Coronary Heart Disease,few_shot,1,MedGemma 1.0-27B,ollama,medgemma:27b,371808007,retrieval_failure
Coronary Heart Disease,few_shot,1,MedGemma 1.0-27B,ollama,medgemma:27b,387785661000119105,retrieval_failure
Coronary Heart Disease,few_shot,1,MedGemma 1.0-27B,ollama,medgemma:27b,123642008,retrieval_failure
Coronary Heart Disease,few_shot,1,MedGemma 1.0-27B,ollama,medgemma:27b,1255621004,retrieval_failure
Coronary Heart Disease,few_shot,1,MedGemma 1.0-27B,ollama,medgemma:27b,35521000087104,retrieval_failure
Coronary Heart Disease,few_shot,1,MedGemma 1.0-27B,ollama,medgemma:27b,15960741000119103,retrieval_failure
Coronary Heart Disease,few_shot,1,MedGemma 1.0-27B,ollama,medgemma:27b,54329005,retrieval_failure
Coronary Heart Disease,few_shot,1,MedGemma 1.0-27B,ollama,medgemma:27b,1089451000000100,retrieval_failure
Coronary Heart Disease,few_shot,1,MedGemma 1.0-27B,ollama,medgemma:27b,233832000,retrieval_failure
Coronary Heart Disease,few_shot,1,MedGemma 1.0-27B,ollama,medgemma:27b,285721000119104,retrieval_failure
Coronary Heart Disease,few_shot,1,MedGemma 1.0-27B,ollama,medgemma:27b,703165004,retrieval_failure
Coronary Heart Disease,few_shot,1,MedGemma 1.0-27B,ollama,medgemma:27b,876856005,retrieval_failure
Coronary Heart Disease,few_shot,1,MedGemma 1.0-27B,ollama,medgemma:27b,194868001,retrieval_failure
Coronary Heart Disease,few_shot,1,MedGemma 1.0-27B,ollama,medgemma:27b,896691006,retrieval_failure
Coronary Heart Disease,few_shot,1,MedGemma 1.0-27B,ollama,medgemma:27b,44781000087105,retrieval_failure
Coronary Heart Disease,few_shot,1,MedGemma 1.0-27B,ollama,medgemma:27b,35441000087109,retrieval_failure
Coronary Heart Disease,few_shot,1,MedGemma 1.0-27B,ollama,medgemma:27b,896690007,retrieval_failure
Coronary Heart Disease,few_shot,1,MedGemma 1.0-27B,ollama,medgemma:27b,840313007,retrieval_failure
Coronary Heart Disease,few_shot,1,MedGemma 1.0-27B,ollama,medgemma:27b,194828000,retrieval_failure
Coronary Heart Disease,few_shot,1,MedGemma 1.0-27B,ollama,medgemma:27b,63739005,generation_failure
Coronary Heart Disease,few_shot,1,MedGemma 1.0-27B,ollama,medgemma:27b,139011000119104,retrieval_failure
Coronary Heart Disease,few_shot,1,MedGemma 1.0-27B,ollama,medgemma:27b,1255256006,retrieval_failure
Coronary Heart Disease,few_shot,1,MedGemma 1.0-27B,ollama,medgemma:27b,314207007,retrieval_failure
Coronary Heart Disease,few_shot,1,MedGemma 1.0-27B,ollama,medgemma:27b,194866002,retrieval_failure
Coronary Heart Disease,few_shot,1,MedGemma 1.0-27B,ollama,medgemma:27b,70998009,retrieval_failure
Coronary Heart Disease,few_shot,1,MedGemma 1.0-27B,ollama,medgemma:27b,840608004,retrieval_failure
Coronary Heart Disease,few_shot,1,MedGemma 1.0-27B,ollama,medgemma:27b,712866001,retrieval_failure
Coronary Heart Disease,few_shot,1,MedGemma 1.0-27B,ollama,medgemma:27b,194867006,retrieval_failure
Coronary Heart Disease,few_shot,1,MedGemma 1.0-27B,ollama,medgemma:27b,46109009,retrieval_failure
Coronary Heart Disease,few_shot,1,MedGemma 1.0-27B,ollama,medgemma:27b,1254662003,retrieval_failure
Coronary Heart Disease,few_shot,1,MedGemma 1.0-27B,ollama,medgemma:27b,44821000087100,retrieval_failure
Coronary Heart Disease,few_shot,1,MedGemma 1.0-27B,ollama,medgemma:27b,233836002,retrieval_failure
Coronary Heart Disease,few_shot,1,MedGemma 1.0-27B,ollama,medgemma:27b,703253007,retrieval_failure
Coronary Heart Disease,few_shot,1,MedGemma 1.0-27B,ollama,medgemma:27b,1254666000,retrieval_failure
Coronary Heart Disease,few_shot,1,MedGemma 1.0-27B,ollama,medgemma:27b,868226001,retrieval_failure
Coronary Heart Disease,few_shot,1,MedGemma 1.0-27B,ollama,medgemma:27b,698378009,retrieval_failure
Coronary Heart Disease,few_shot,1,MedGemma 1.0-27B,ollama,medgemma:27b,1208867006,retrieval_failure
Coronary Heart Disease,few_shot,1,MedGemma 1.0-27B,ollama,medgemma:27b,285951000119105,retrieval_failure
Coronary Heart Disease,few_shot,1,MedGemma 1.0-27B,ollama,medgemma:27b,233840006,retrieval_failure
Coronary Heart Disease,few_shot,1,MedGemma 1.0-27B,ollama,medgemma:27b,308065005,retrieval_failure
Coronary Heart Disease,few_shot,1,MedGemma 1.0-27B,ollama,medgemma:27b,281093002,retrieval_failure
Coronary Heart Disease,few_shot,1,MedGemma 1.0-27B,ollama,medgemma:27b,35471000087101,retrieval_failure
Coronary Heart Disease,few_shot,1,MedGemma 1.0-27B,ollama,medgemma:27b,428196007,retrieval_failure
Coronary Heart Disease,few_shot,1,MedGemma 1.0-27B,ollama,medgemma:27b,371805005,generation_failure
Coronary Heart Disease,few_shot,1,MedGemma 1.0-27B,ollama,medgemma:27b,703214003,generation_failure
Coronary Heart Disease,few_shot,1,MedGemma 1.0-27B,ollama,medgemma:27b,233841005,retrieval_failure
Coronary Heart Disease,few_shot,1,MedGemma 1.0-27B,ollama,medgemma:27b,791000119109,retrieval_failure
Coronary Heart Disease,few_shot,1,MedGemma 1.0-27B,ollama,medgemma:27b,194863005,retrieval_failure
Coronary Heart Disease,few_shot,1,MedGemma 1.0-27B,ollama,medgemma:27b,15960141000119102,retrieval_failure
Coronary Heart Disease,few_shot,1,MedGemma 1.0-27B,ollama,medgemma:27b,736978009,retrieval_failure
Coronary Heart Disease,few_shot,1,MedGemma 1.0-27B,ollama,medgemma:27b,401303003,retrieval_failure
Coronary Heart Disease,few_shot,1,MedGemma 1.0-27B,ollama,medgemma:27b,35541000087108,retrieval_failure
Coronary Heart Disease,few_shot,1,MedGemma 1.0-27B,ollama,medgemma:27b,371068009,retrieval_failure
Coronary Heart Disease,few_shot,1,MedGemma 1.0-27B,ollama,medgemma:27b,879955009,retrieval_failure
Coronary Heart Disease,few_shot,1,MedGemma 1.0-27B,ollama,medgemma:27b,1089441000000103,retrieval_failure
Coronary Heart Disease,few_shot,1,MedGemma 1.0-27B,ollama,medgemma:27b,723859005,retrieval_failure
Coronary Heart Disease,few_shot,1,MedGemma 1.0-27B,ollama,medgemma:27b,233842003,retrieval_failure
Coronary Heart Disease,few_shot,1,MedGemma 1.0-27B,ollama,medgemma:27b,840680009,retrieval_failure
Coronary Heart Disease,few_shot,1,MedGemma 1.0-27B,ollama,medgemma:27b,16891191000119108,retrieval_failure
Coronary Heart Disease,few_shot,1,MedGemma 1.0-27B,ollama,medgemma:27b,868214006,retrieval_failure
Coronary Heart Disease,few_shot,1,MedGemma 1.0-27B,ollama,medgemma:27b,1163440003,retrieval_failure
Coronary Heart Disease,few_shot,1,MedGemma 1.0-27B,ollama,medgemma:27b,15713201000119105,retrieval_failure
Coronary Heart Disease,few_shot,1,MedGemma 1.0-27B,ollama,medgemma:27b,44791000087107,retrieval_failure
Coronary Heart Disease,few_shot,1,MedGemma 1.0-27B,ollama,medgemma:27b,233829003,retrieval_failure
Coronary Heart Disease,few_shot,1,MedGemma 1.0-27B,ollama,medgemma:27b,371812001,retrieval_failure
Coronary Heart Disease,few_shot,1,MedGemma 1.0-27B,ollama,medgemma:27b,442421004,retrieval_failure
Coronary Heart Disease,few_shot,1,MedGemma 1.0-27B,ollama,medgemma:27b,194823009,generation_failure
Coronary Heart Disease,few_shot,2,MedGemma 1.0-27B,ollama,medgemma:27b,896697005,retrieval_failure
Coronary Heart Disease,few_shot,2,MedGemma 1.0-27B,ollama,medgemma:27b,15712841000119100,retrieval_failure
Coronary Heart Disease,few_shot,2,MedGemma 1.0-27B,ollama,medgemma:27b,703326006,retrieval_failure
Coronary Heart Disease,few_shot,2,MedGemma 1.0-27B,ollama,medgemma:27b,233847009,retrieval_failure
Coronary Heart Disease,few_shot,2,MedGemma 1.0-27B,ollama,medgemma:27b,1255624007,retrieval_failure
Coronary Heart Disease,few_shot,2,MedGemma 1.0-27B,ollama,medgemma:27b,846667001,retrieval_failure
Coronary Heart Disease,few_shot,2,MedGemma 1.0-27B,ollama,medgemma:27b,42531007,retrieval_failure
Coronary Heart Disease,few_shot,2,MedGemma 1.0-27B,ollama,medgemma:27b,300995000,retrieval_failure
Coronary Heart Disease,few_shot,2,MedGemma 1.0-27B,ollama,medgemma:27b,233834004,retrieval_failure
Coronary Heart Disease,few_shot,2,MedGemma 1.0-27B,ollama,medgemma:27b,429559004,retrieval_failure
Coronary Heart Disease,few_shot,2,MedGemma 1.0-27B,ollama,medgemma:27b,427919004,retrieval_failure
Coronary Heart Disease,few_shot,2,MedGemma 1.0-27B,ollama,medgemma:27b,840309000,retrieval_failure
Coronary Heart Disease,few_shot,2,MedGemma 1.0-27B,ollama,medgemma:27b,44801000087106,retrieval_failure
Coronary Heart Disease,few_shot,2,MedGemma 1.0-27B,ollama,medgemma:27b,429391004,retrieval_failure
Coronary Heart Disease,few_shot,2,MedGemma 1.0-27B,ollama,medgemma:27b,414545008,generation_failure
Coronary Heart Disease,few_shot,2,MedGemma 1.0-27B,ollama,medgemma:27b,44851000087107,retrieval_failure
Coronary Heart Disease,few_shot,2,MedGemma 1.0-27B,ollama,medgemma:27b,314116003,retrieval_failure
Coronary Heart Disease,few_shot,2,MedGemma 1.0-27B,ollama,medgemma:27b,723861001,retrieval_failure
Coronary Heart Disease,few_shot,2,MedGemma 1.0-27B,ollama,medgemma:27b,840312002,retrieval_failure
Coronary Heart Disease,few_shot,2,MedGemma 1.0-27B,ollama,medgemma:27b,35481000087104,retrieval_failure
Coronary Heart Disease,few_shot,2,MedGemma 1.0-27B,ollama,medgemma:27b,21470009,retrieval_failure
Coronary Heart Disease,few_shot,2,MedGemma 1.0-27B,ollama,medgemma:27b,233823002,retrieval_failure
Coronary Heart Disease,few_shot,2,MedGemma 1.0-27B,ollama,medgemma:27b,1204154001,retrieval_failure
Coronary Heart Disease,few_shot,2,MedGemma 1.0-27B,ollama,medgemma:27b,44761000087104,retrieval_failure
Coronary Heart Disease,few_shot,2,MedGemma 1.0-27B,ollama,medgemma:27b,42866003,retrieval_failure
Coronary Heart Disease,few_shot,2,MedGemma 1.0-27B,ollama,medgemma:27b,35401000087106,retrieval_failure
Coronary Heart Disease,few_shot,2,MedGemma 1.0-27B,ollama,medgemma:27b,233844002,generation_failure
Coronary Heart Disease,few_shot,2,MedGemma 1.0-27B,ollama,medgemma:27b,846684007,retrieval_failure
Coronary Heart Disease,few_shot,2,MedGemma 1.0-27B,ollama,medgemma:27b,461000119108,retrieval_failure
Coronary Heart Disease,few_shot,2,MedGemma 1.0-27B,ollama,medgemma:27b,1204151009,retrieval_failure
Coronary Heart Disease,few_shot,2,MedGemma 1.0-27B,ollama,medgemma:27b,394659003,generation_failure
Coronary Heart Disease,few_shot,2,MedGemma 1.0-27B,ollama,medgemma:27b,868221006,retrieval_failure
Coronary Heart Disease,few_shot,2,MedGemma 1.0-27B,ollama,medgemma:27b,703330009,retrieval_failure
Coronary Heart Disease,few_shot,2,MedGemma 1.0-27B,ollama,medgemma:27b,15960981000119105,retrieval_failure
Coronary Heart Disease,few_shot,2,MedGemma 1.0-27B,ollama,medgemma:27b,868216008,retrieval_failure
Coronary Heart Disease,few_shot,2,MedGemma 1.0-27B,ollama,medgemma:27b,71023004,retrieval_failure
Coronary Heart Disease,few_shot,2,MedGemma 1.0-27B,ollama,medgemma:27b,70422006,retrieval_failure
Coronary Heart Disease,few_shot,2,MedGemma 1.0-27B,ollama,medgemma:27b,82522008,retrieval_failure
Coronary Heart Disease,few_shot,2,MedGemma 1.0-27B,ollama,medgemma:27b,15960541000119107,retrieval_failure
Coronary Heart Disease,few_shot,2,MedGemma 1.0-27B,ollama,medgemma:27b,233833005,retrieval_failure
Coronary Heart Disease,few_shot,2,MedGemma 1.0-27B,ollama,medgemma:27b,868215007,retrieval_failure
Coronary Heart Disease,few_shot,2,MedGemma 1.0-27B,ollama,medgemma:27b,399261000,retrieval_failure
Coronary Heart Disease,few_shot,2,MedGemma 1.0-27B,ollama,medgemma:27b,194861007,retrieval_failure
Coronary Heart Disease,few_shot,2,MedGemma 1.0-27B,ollama,medgemma:27b,233838001,retrieval_failure
Coronary Heart Disease,few_shot,2,MedGemma 1.0-27B,ollama,medgemma:27b,836293000,retrieval_failure
Coronary Heart Disease,few_shot,2,MedGemma 1.0-27B,ollama,medgemma:27b,44831000087103,retrieval_failure
Coronary Heart Disease,few_shot,2,MedGemma 1.0-27B,ollama,medgemma:27b,868222004,retrieval_failure
Coronary Heart Disease,few_shot,2,MedGemma 1.0-27B,ollama,medgemma:27b,723858002,retrieval_failure
Coronary Heart Disease,few_shot,2,MedGemma 1.0-27B,ollama,medgemma:27b,41334000,retrieval_failure
Coronary Heart Disease,few_shot,2,MedGemma 1.0-27B,ollama,medgemma:27b,35511000087107,retrieval_failure
Coronary Heart Disease,few_shot,2,MedGemma 1.0-27B,ollama,medgemma:27b,233837006,retrieval_failure
Coronary Heart Disease,few_shot,2,MedGemma 1.0-27B,ollama,medgemma:27b,429245005,retrieval_failure
Coronary Heart Disease,few_shot,2,MedGemma 1.0-27B,ollama,medgemma:27b,35501000087105,retrieval_failure
Coronary Heart Disease,few_shot,2,MedGemma 1.0-27B,ollama,medgemma:27b,413444003,retrieval_failure
Coronary Heart Disease,few_shot,2,MedGemma 1.0-27B,ollama,medgemma:27b,233830008,retrieval_failure
Coronary Heart Disease,few_shot,2,MedGemma 1.0-27B,ollama,medgemma:27b,16415081000119104,retrieval_failure
Coronary Heart Disease,few_shot,2,MedGemma 1.0-27B,ollama,medgemma:27b,194857001,retrieval_failure
Coronary Heart Disease,few_shot,2,MedGemma 1.0-27B,ollama,medgemma:27b,35581000087103,retrieval_failure
Coronary Heart Disease,few_shot,2,MedGemma 1.0-27B,ollama,medgemma:27b,73795002,retrieval_failure
Coronary Heart Disease,few_shot,2,MedGemma 1.0-27B,ollama,medgemma:27b,408546009,retrieval_failure
Coronary Heart Disease,few_shot,2,MedGemma 1.0-27B,ollama,medgemma:27b,130541000119100,retrieval_failure
Coronary Heart Disease,few_shot,2,MedGemma 1.0-27B,ollama,medgemma:27b,15713161000119100,retrieval_failure
Coronary Heart Disease,few_shot,2,MedGemma 1.0-27B,ollama,medgemma:27b,194865003,retrieval_failure
Coronary Heart Disease,few_shot,2,MedGemma 1.0-27B,ollama,medgemma:27b,1077002,retrieval_failure
Coronary Heart Disease,few_shot,2,MedGemma 1.0-27B,ollama,medgemma:27b,698377004,retrieval_failure
Coronary Heart Disease,few_shot,2,MedGemma 1.0-27B,ollama,medgemma:27b,1255622006,retrieval_failure
Coronary Heart Disease,few_shot,2,MedGemma 1.0-27B,ollama,medgemma:27b,52035003,retrieval_failure
Coronary Heart Disease,few_shot,2,MedGemma 1.0-27B,ollama,medgemma:27b,1254658009,retrieval_failure
Coronary Heart Disease,few_shot,2,MedGemma 1.0-27B,ollama,medgemma:27b,1255258007,retrieval_failure
Coronary Heart Disease,few_shot,2,MedGemma 1.0-27B,ollama,medgemma:27b,840316004,retrieval_failure
Coronary Heart Disease,few_shot,2,MedGemma 1.0-27B,ollama,medgemma:27b,233885007,retrieval_failure
Coronary Heart Disease,few_shot,2,MedGemma 1.0-27B,ollama,medgemma:27b,311793000,retrieval_failure
Coronary Heart Disease,few_shot,2,MedGemma 1.0-27B,ollama,medgemma:27b,194862000,retrieval_failure
Coronary Heart Disease,few_shot,2,MedGemma 1.0-27B,ollama,medgemma:27b,703251009,retrieval_failure
Coronary Heart Disease,few_shot,2,MedGemma 1.0-27B,ollama,medgemma:27b,723862008,retrieval_failure
Coronary Heart Disease,few_shot,2,MedGemma 1.0-27B,ollama,medgemma:27b,17531000119105,retrieval_failure
Coronary Heart Disease,few_shot,2,MedGemma 1.0-27B,ollama,medgemma:27b,840310005,retrieval_failure
Coronary Heart Disease,few_shot,2,MedGemma 1.0-27B,ollama,medgemma:27b,896696001,retrieval_failure
Coronary Heart Disease,few_shot,2,MedGemma 1.0-27B,ollama,medgemma:27b,442240008,retrieval_failure
Coronary Heart Disease,few_shot,2,MedGemma 1.0-27B,ollama,medgemma:27b,15960461000119105,retrieval_failure
Coronary Heart Disease,few_shot,2,MedGemma 1.0-27B,ollama,medgemma:27b,703164000,retrieval_failure
Coronary Heart Disease,few_shot,2,MedGemma 1.0-27B,ollama,medgemma:27b,414795007,retrieval_failure
Coronary Heart Disease,few_shot,2,MedGemma 1.0-27B,ollama,medgemma:27b,394710008,retrieval_failure
Coronary Heart Disease,few_shot,2,MedGemma 1.0-27B,ollama,medgemma:27b,868224003,retrieval_failure
Coronary Heart Disease,few_shot,2,MedGemma 1.0-27B,ollama,medgemma:27b,58612006,retrieval_failure
Coronary Heart Disease,few_shot,2,MedGemma 1.0-27B,ollama,medgemma:27b,836294006,retrieval_failure
Coronary Heart Disease,few_shot,2,MedGemma 1.0-27B,ollama,medgemma:27b,70211005,retrieval_failure
Coronary Heart Disease,few_shot,2,MedGemma 1.0-27B,ollama,medgemma:27b,285141000119106,retrieval_failure
Coronary Heart Disease,few_shot,2,MedGemma 1.0-27B,ollama,medgemma:27b,371809004,retrieval_failure
Coronary Heart Disease,few_shot,2,MedGemma 1.0-27B,ollama,medgemma:27b,1254659001,retrieval_failure
Coronary Heart Disease,few_shot,2,MedGemma 1.0-27B,ollama,medgemma:27b,1204222000,retrieval_failure
Coronary Heart Disease,few_shot,2,MedGemma 1.0-27B,ollama,medgemma:27b,311796008,retrieval_failure
Coronary Heart Disease,few_shot,2,MedGemma 1.0-27B,ollama,medgemma:27b,315025001,retrieval_failure
Coronary Heart Disease,few_shot,2,MedGemma 1.0-27B,ollama,medgemma:27b,194856005,retrieval_failure
Coronary Heart Disease,few_shot,2,MedGemma 1.0-27B,ollama,medgemma:27b,15712881000119105,retrieval_failure
Coronary Heart Disease,few_shot,2,MedGemma 1.0-27B,ollama,medgemma:27b,15713081000119108,retrieval_failure
Coronary Heart Disease,few_shot,2,MedGemma 1.0-27B,ollama,medgemma:27b,233835003,retrieval_failure
Coronary Heart Disease,few_shot,2,MedGemma 1.0-27B,ollama,medgemma:27b,15960061000119102,retrieval_failure
Coronary Heart Disease,few_shot,2,MedGemma 1.0-27B,ollama,medgemma:27b,418044006,retrieval_failure
Coronary Heart Disease,few_shot,2,MedGemma 1.0-27B,ollama,medgemma:27b,311792005,retrieval_failure
Coronary Heart Disease,few_shot,2,MedGemma 1.0-27B,ollama,medgemma:27b,1163420005,retrieval_failure
Coronary Heart Disease,few_shot,2,MedGemma 1.0-27B,ollama,medgemma:27b,285991000119100,retrieval_failure
Coronary Heart Disease,few_shot,2,MedGemma 1.0-27B,ollama,medgemma:27b,62695002,retrieval_failure
Coronary Heart Disease,few_shot,2,MedGemma 1.0-27B,ollama,medgemma:27b,44841000087109,retrieval_failure
Coronary Heart Disease,few_shot,2,MedGemma 1.0-27B,ollama,medgemma:27b,868225002,retrieval_failure
Coronary Heart Disease,few_shot,2,MedGemma 1.0-27B,ollama,medgemma:27b,304914007,retrieval_failure
Coronary Heart Disease,few_shot,2,MedGemma 1.0-27B,ollama,medgemma:27b,76593002,retrieval_failure
Coronary Heart Disease,few_shot,2,MedGemma 1.0-27B,ollama,medgemma:27b,92517006,retrieval_failure
Coronary Heart Disease,few_shot,2,MedGemma 1.0-27B,ollama,medgemma:27b,726499301000119105,retrieval_failure
Coronary Heart Disease,few_shot,2,MedGemma 1.0-27B,ollama,medgemma:27b,371810009,retrieval_failure
Coronary Heart Disease,few_shot,2,MedGemma 1.0-27B,ollama,medgemma:27b,868219001,retrieval_failure
Coronary Heart Disease,few_shot,2,MedGemma 1.0-27B,ollama,medgemma:27b,703213009,retrieval_failure
Coronary Heart Disease,few_shot,2,MedGemma 1.0-27B,ollama,medgemma:27b,35421000087100,retrieval_failure
Coronary Heart Disease,few_shot,2,MedGemma 1.0-27B,ollama,medgemma:27b,44811000087108,retrieval_failure
Coronary Heart Disease,few_shot,2,MedGemma 1.0-27B,ollama,medgemma:27b,1089471000000109,retrieval_failure
Coronary Heart Disease,few_shot,2,MedGemma 1.0-27B,ollama,medgemma:27b,285151000119108,retrieval_failure
Coronary Heart Disease,few_shot,2,MedGemma 1.0-27B,ollama,medgemma:27b,1641000119107,retrieval_failure
Coronary Heart Disease,few_shot,2,MedGemma 1.0-27B,ollama,medgemma:27b,67682002,retrieval_failure
Coronary Heart Disease,few_shot,2,MedGemma 1.0-27B,ollama,medgemma:27b,194809007,retrieval_failure
Coronary Heart Disease,few_shot,2,MedGemma 1.0-27B,ollama,medgemma:27b,413838009,generation_failure
Coronary Heart Disease,few_shot,2,MedGemma 1.0-27B,ollama,medgemma:27b,868223009,retrieval_failure
Coronary Heart Disease,few_shot,2,MedGemma 1.0-27B,ollama,medgemma:27b,399211009,retrieval_failure
Coronary Heart Disease,few_shot,2,MedGemma 1.0-27B,ollama,medgemma:27b,1255266003,retrieval_failure
Coronary Heart Disease,few_shot,2,MedGemma 1.0-27B,ollama,medgemma:27b,429673002,retrieval_failure
Coronary Heart Disease,few_shot,2,MedGemma 1.0-27B,ollama,medgemma:27b,1255257002,retrieval_failure
Coronary Heart Disease,few_shot,2,MedGemma 1.0-27B,ollama,medgemma:27b,776219771000119107,retrieval_failure
Coronary Heart Disease,few_shot,2,MedGemma 1.0-27B,ollama,medgemma:27b,11018701000119109,retrieval_failure
Coronary Heart Disease,few_shot,2,MedGemma 1.0-27B,ollama,medgemma:27b,413439005,retrieval_failure
Coronary Heart Disease,few_shot,2,MedGemma 1.0-27B,ollama,medgemma:27b,4557003,retrieval_failure
Coronary Heart Disease,few_shot,2,MedGemma 1.0-27B,ollama,medgemma:27b,15960661000119107,retrieval_failure
Coronary Heart Disease,few_shot,2,MedGemma 1.0-27B,ollama,medgemma:27b,703252002,retrieval_failure
Coronary Heart Disease,few_shot,2,MedGemma 1.0-27B,ollama,medgemma:27b,64627002,retrieval_failure
Coronary Heart Disease,few_shot,2,MedGemma 1.0-27B,ollama,medgemma:27b,15960381000119109,retrieval_failure
Coronary Heart Disease,few_shot,2,MedGemma 1.0-27B,ollama,medgemma:27b,15960581000119102,retrieval_failure
Coronary Heart Disease,few_shot,2,MedGemma 1.0-27B,ollama,medgemma:27b,371808007,retrieval_failure
Coronary Heart Disease,few_shot,2,MedGemma 1.0-27B,ollama,medgemma:27b,387785661000119105,retrieval_failure
Coronary Heart Disease,few_shot,2,MedGemma 1.0-27B,ollama,medgemma:27b,1255621004,retrieval_failure
Coronary Heart Disease,few_shot,2,MedGemma 1.0-27B,ollama,medgemma:27b,35521000087104,retrieval_failure
Coronary Heart Disease,few_shot,2,MedGemma 1.0-27B,ollama,medgemma:27b,15960741000119103,retrieval_failure
Coronary Heart Disease,few_shot,2,MedGemma 1.0-27B,ollama,medgemma:27b,896691006,retrieval_failure
Coronary Heart Disease,few_shot,2,MedGemma 1.0-27B,ollama,medgemma:27b,35441000087109,retrieval_failure
Coronary Heart Disease,few_shot,2,MedGemma 1.0-27B,ollama,medgemma:27b,139011000119104,retrieval_failure
Coronary Heart Disease,few_shot,2,MedGemma 1.0-27B,ollama,medgemma:27b,194866002,retrieval_failure
Coronary Heart Disease,few_shot,2,MedGemma 1.0-27B,ollama,medgemma:27b,46109009,retrieval_failure
Coronary Heart Disease,few_shot,2,MedGemma 1.0-27B,ollama,medgemma:27b,233836002,retrieval_failure
Coronary Heart Disease,few_shot,2,MedGemma 1.0-27B,ollama,medgemma:27b,703253007,retrieval_failure
Coronary Heart Disease,few_shot,2,MedGemma 1.0-27B,ollama,medgemma:27b,698378009,retrieval_failure
Coronary Heart Disease,few_shot,2,MedGemma 1.0-27B,ollama,medgemma:27b,285951000119105,retrieval_failure
Coronary Heart Disease,few_shot,2,MedGemma 1.0-27B,ollama,medgemma:27b,233840006,retrieval_failure
Coronary Heart Disease,few_shot,2,MedGemma 1.0-27B,ollama,medgemma:27b,281093002,retrieval_failure
Coronary Heart Disease,few_shot,2,MedGemma 1.0-27B,ollama,medgemma:27b,791000119109,retrieval_failure
Coronary Heart Disease,few_shot,2,MedGemma 1.0-27B,ollama,medgemma:27b,194863005,retrieval_failure
Coronary Heart Disease,few_shot,2,MedGemma 1.0-27B,ollama,medgemma:27b,15960141000119102,retrieval_failure
Coronary Heart Disease,few_shot,2,MedGemma 1.0-27B,ollama,medgemma:27b,736978009,retrieval_failure
Coronary Heart Disease,few_shot,2,MedGemma 1.0-27B,ollama,medgemma:27b,401303003,retrieval_failure
Coronary Heart Disease,few_shot,2,MedGemma 1.0-27B,ollama,medgemma:27b,35541000087108,retrieval_failure
Coronary Heart Disease,few_shot,2,MedGemma 1.0-27B,ollama,medgemma:27b,1089441000000103,retrieval_failure
Coronary Heart Disease,few_shot,2,MedGemma 1.0-27B,ollama,medgemma:27b,16891191000119108,retrieval_failure
Coronary Heart Disease,few_shot,2,MedGemma 1.0-27B,ollama,medgemma:27b,868214006,retrieval_failure
Coronary Heart Disease,few_shot,2,MedGemma 1.0-27B,ollama,medgemma:27b,1163440003,retrieval_failure
Coronary Heart Disease,few_shot,2,MedGemma 1.0-27B,ollama,medgemma:27b,44791000087107,retrieval_failure
Coronary Heart Disease,few_shot,2,MedGemma 1.0-27B,ollama,medgemma:27b,442421004,retrieval_failure
Coronary Heart Disease,few_shot,2,MedGemma 1.0-27B,ollama,medgemma:27b,194802003,retrieval_failure
Coronary Heart Disease,few_shot,2,MedGemma 1.0-27B,ollama,medgemma:27b,35451000087107,retrieval_failure
Coronary Heart Disease,few_shot,2,MedGemma 1.0-27B,ollama,medgemma:27b,281091000,retrieval_failure
Coronary Heart Disease,few_shot,2,MedGemma 1.0-27B,ollama,medgemma:27b,15712921000119103,retrieval_failure
Coronary Heart Disease,few_shot,2,MedGemma 1.0-27B,ollama,medgemma:27b,194821006,retrieval_failure
Coronary Heart Disease,few_shot,2,MedGemma 1.0-27B,ollama,medgemma:27b,896689003,retrieval_failure
Coronary Heart Disease,few_shot,2,MedGemma 1.0-27B,ollama,medgemma:27b,233970002,generation_failure
Coronary Heart Disease,few_shot,2,MedGemma 1.0-27B,ollama,medgemma:27b,1254663008,retrieval_failure
Coronary Heart Disease,few_shot,2,MedGemma 1.0-27B,ollama,medgemma:27b,307140009,retrieval_failure
Coronary Heart Disease,few_shot,2,MedGemma 1.0-27B,ollama,medgemma:27b,371806006,retrieval_failure
Coronary Heart Disease,few_shot,2,MedGemma 1.0-27B,ollama,medgemma:27b,840679006,retrieval_failure
Coronary Heart Disease,few_shot,2,MedGemma 1.0-27B,ollama,medgemma:27b,1254660006,retrieval_failure
Coronary Heart Disease,few_shot,2,MedGemma 1.0-27B,ollama,medgemma:27b,401314000,retrieval_failure
Coronary Heart Disease,few_shot,2,MedGemma 1.0-27B,ollama,medgemma:27b,233817007,generation_failure
Coronary Heart Disease,few_shot,2,MedGemma 1.0-27B,ollama,medgemma:27b,233828006,retrieval_failure
Coronary Heart Disease,few_shot,2,MedGemma 1.0-27B,ollama,medgemma:27b,703328007,retrieval_failure
Coronary Heart Disease,few_shot,2,MedGemma 1.0-27B,ollama,medgemma:27b,15713121000119105,retrieval_failure
Coronary Heart Disease,few_shot,2,MedGemma 1.0-27B,ollama,medgemma:27b,32574007,retrieval_failure
Coronary Heart Disease,few_shot,2,MedGemma 1.0-27B,ollama,medgemma:27b,16837681000119104,retrieval_failure
Coronary Heart Disease,few_shot,2,MedGemma 1.0-27B,ollama,medgemma:27b,697976003,retrieval_failure
Coronary Heart Disease,few_shot,2,MedGemma 1.0-27B,ollama,medgemma:27b,398274000,generation_failure
Coronary Heart Disease,few_shot,2,MedGemma 1.0-27B,ollama,medgemma:27b,836295007,retrieval_failure
Coronary Heart Disease,few_shot,2,MedGemma 1.0-27B,ollama,medgemma:27b,1269257006,retrieval_failure
Coronary Heart Disease,few_shot,2,MedGemma 1.0-27B,ollama,medgemma:27b,129574000,retrieval_failure
Coronary Heart Disease,few_shot,2,MedGemma 1.0-27B,ollama,medgemma:27b,876857001,retrieval_failure
Coronary Heart Disease,few_shot,2,MedGemma 1.0-27B,ollama,medgemma:27b,1255569006,retrieval_failure
Coronary Heart Disease,few_shot,2,MedGemma 1.0-27B,ollama,medgemma:27b,85284003,retrieval_failure
Coronary Heart Disease,few_shot,2,MedGemma 1.0-27B,ollama,medgemma:27b,1255623001,retrieval_failure
Coronary Heart Disease,few_shot,2,MedGemma 1.0-27B,ollama,medgemma:27b,19057007,retrieval_failure
Coronary Heart Disease,few_shot,2,MedGemma 1.0-27B,ollama,medgemma:27b,413844008,retrieval_failure
Coronary Heart Disease,few_shot,2,MedGemma 1.0-27B,ollama,medgemma:27b,15713041000119103,retrieval_failure
Coronary Heart Disease,few_shot,2,MedGemma 1.0-27B,ollama,medgemma:27b,194849004,retrieval_failure
Coronary Heart Disease,few_shot,2,MedGemma 1.0-27B,ollama,medgemma:27b,371811008,retrieval_failure
Coronary Heart Disease,few_shot,2,MedGemma 1.0-27B,ollama,medgemma:27b,1204152002,retrieval_failure
Coronary Heart Disease,few_shot,2,MedGemma 1.0-27B,ollama,medgemma:27b,35551000087106,retrieval_failure
Coronary Heart Disease,few_shot,2,MedGemma 1.0-27B,ollama,medgemma:27b,282006,retrieval_failure
Coronary Heart Disease,few_shot,2,MedGemma 1.0-27B,ollama,medgemma:27b,12238151000119107,retrieval_failure
Coronary Heart Disease,few_shot,2,MedGemma 1.0-27B,ollama,medgemma:27b,1255265004,retrieval_failure
Coronary Heart Disease,few_shot,2,MedGemma 1.0-27B,ollama,medgemma:27b,161503005,retrieval_failure
Coronary Heart Disease,few_shot,2,MedGemma 1.0-27B,ollama,medgemma:27b,66189004,retrieval_failure
Coronary Heart Disease,few_shot,2,MedGemma 1.0-27B,ollama,medgemma:27b,371807002,retrieval_failure
Coronary Heart Disease,few_shot,2,MedGemma 1.0-27B,ollama,medgemma:27b,827163002,retrieval_failure
Coronary Heart Disease,few_shot,2,MedGemma 1.0-27B,ollama,medgemma:27b,233827001,retrieval_failure
Coronary Heart Disease,few_shot,2,MedGemma 1.0-27B,ollama,medgemma:27b,89323001,retrieval_failure
Coronary Heart Disease,few_shot,2,MedGemma 1.0-27B,ollama,medgemma:27b,846668006,retrieval_failure
Coronary Heart Disease,few_shot,2,MedGemma 1.0-27B,ollama,medgemma:27b,868217004,retrieval_failure
Coronary Heart Disease,few_shot,2,MedGemma 1.0-27B,ollama,medgemma:27b,1089431000000107,retrieval_failure
Coronary Heart Disease,few_shot,2,MedGemma 1.0-27B,ollama,medgemma:27b,15712961000119108,retrieval_failure
Coronary Heart Disease,few_shot,2,MedGemma 1.0-27B,ollama,medgemma:27b,35928006,retrieval_failure
Coronary Heart Disease,few_shot,2,MedGemma 1.0-27B,ollama,medgemma:27b,426856002,retrieval_failure
Coronary Heart Disease,few_shot,2,MedGemma 1.0-27B,ollama,medgemma:27b,713405002,retrieval_failure
Coronary Heart Disease,few_shot,2,MedGemma 1.0-27B,ollama,medgemma:27b,1254661005,retrieval_failure
Coronary Heart Disease,few_shot,2,MedGemma 1.0-27B,ollama,medgemma:27b,724431008,retrieval_failure
Coronary Heart Disease,few_shot,2,MedGemma 1.0-27B,ollama,medgemma:27b,444856008,retrieval_failure
Coronary Heart Disease,few_shot,2,MedGemma 1.0-27B,ollama,medgemma:27b,703360004,retrieval_failure
Coronary Heart Disease,few_shot,2,MedGemma 1.0-27B,ollama,medgemma:27b,35411000087108,retrieval_failure
Coronary Heart Disease,few_shot,2,MedGemma 1.0-27B,ollama,medgemma:27b,103011000119106,generation_failure
Coronary Heart Disease,few_shot,2,MedGemma 1.0-27B,ollama,medgemma:27b,35571000087100,retrieval_failure
Coronary Heart Disease,few_shot,2,MedGemma 1.0-27B,ollama,medgemma:27b,840315000,retrieval_failure
Coronary Heart Disease,few_shot,2,MedGemma 1.0-27B,ollama,medgemma:27b,194858006,retrieval_failure
Coronary Heart Disease,few_shot,2,MedGemma 1.0-27B,ollama,medgemma:27b,35461000087105,retrieval_failure
Coronary Heart Disease,few_shot,2,MedGemma 1.0-27B,ollama,medgemma:27b,65547006,retrieval_failure
Coronary Heart Disease,few_shot,2,MedGemma 1.0-27B,ollama,medgemma:27b,23311000119105,retrieval_failure
Coronary Heart Disease,few_shot,2,MedGemma 1.0-27B,ollama,medgemma:27b,1755008,retrieval_failure
Coronary Heart Disease,few_shot,2,MedGemma 1.0-27B,ollama,medgemma:27b,233831007,retrieval_failure
Coronary Heart Disease,few_shot,2,MedGemma 1.0-27B,ollama,medgemma:27b,61236006,retrieval_failure
Coronary Heart Disease,few_shot,2,MedGemma 1.0-27B,ollama,medgemma:27b,1204155000,retrieval_failure
Coronary Heart Disease,few_shot,2,MedGemma 1.0-27B,ollama,medgemma:27b,442224005,retrieval_failure
Coronary Heart Disease,few_shot,2,MedGemma 1.0-27B,ollama,medgemma:27b,79009004,retrieval_failure
Coronary Heart Disease,few_shot,2,MedGemma 1.0-27B,ollama,medgemma:27b,472100003,retrieval_failure
Coronary Heart Disease,few_shot,2,MedGemma 1.0-27B,ollama,medgemma:27b,44771000087108,retrieval_failure
Coronary Heart Disease,few_shot,2,MedGemma 1.0-27B,ollama,medgemma:27b,703210007,retrieval_failure
Coronary Heart Disease,few_shot,2,MedGemma 1.0-27B,ollama,medgemma:27b,723860000,retrieval_failure
Coronary Heart Disease,few_shot,2,MedGemma 1.0-27B,ollama,medgemma:27b,233825009,retrieval_failure
Coronary Heart Disease,few_shot,2,MedGemma 1.0-27B,ollama,medgemma:27b,57054005,retrieval_failure
Coronary Heart Disease,few_shot,2,MedGemma 1.0-27B,ollama,medgemma:27b,15960341000119104,retrieval_failure
Coronary Heart Disease,few_shot,2,MedGemma 1.0-27B,ollama,medgemma:27b,15990001,retrieval_failure
Coronary Heart Disease,few_shot,2,MedGemma 1.0-27B,ollama,medgemma:27b,35561000087109,retrieval_failure
Coronary Heart Disease,few_shot,2,MedGemma 1.0-27B,ollama,medgemma:27b,285981000119103,retrieval_failure
Coronary Heart Disease,few_shot,2,MedGemma 1.0-27B,ollama,medgemma:27b,22298006,generation_failure
Coronary Heart Disease,few_shot,2,MedGemma 1.0-27B,ollama,medgemma:27b,233846000,retrieval_failure
Coronary Heart Disease,few_shot,2,MedGemma 1.0-27B,ollama,medgemma:27b,78741000119103,retrieval_failure
Coronary Heart Disease,few_shot,2,MedGemma 1.0-27B,ollama,medgemma:27b,444855007,retrieval_failure
Coronary Heart Disease,few_shot,2,MedGemma 1.0-27B,ollama,medgemma:27b,161502000,retrieval_failure
Coronary Heart Disease,few_shot,2,MedGemma 1.0-27B,ollama,medgemma:27b,59063002,retrieval_failure
Coronary Heart Disease,few_shot,2,MedGemma 1.0-27B,ollama,medgemma:27b,827164008,retrieval_failure
Coronary Heart Disease,few_shot,2,MedGemma 1.0-27B,ollama,medgemma:27b,876858006,retrieval_failure
Coronary Heart Disease,few_shot,2,MedGemma 1.0-27B,ollama,medgemma:27b,10971000087107,retrieval_failure
Coronary Heart Disease,few_shot,2,MedGemma 1.0-27B,ollama,medgemma:27b,868220007,retrieval_failure
Coronary Heart Disease,few_shot,2,MedGemma 1.0-27B,ollama,medgemma:27b,281092007,retrieval_failure
Coronary Heart Disease,few_shot,2,MedGemma 1.0-27B,ollama,medgemma:27b,703212004,retrieval_failure
Coronary Heart Disease,few_shot,2,MedGemma 1.0-27B,ollama,medgemma:27b,117051000119103,retrieval_failure
Coronary Heart Disease,few_shot,2,MedGemma 1.0-27B,ollama,medgemma:27b,35491000087102,retrieval_failure
Coronary Heart Disease,few_shot,2,MedGemma 1.0-27B,ollama,medgemma:27b,59021001,retrieval_failure
Coronary Heart Disease,few_shot,2,MedGemma 1.0-27B,ollama,medgemma:27b,1222625002,retrieval_failure
Coronary Heart Disease,few_shot,2,MedGemma 1.0-27B,ollama,medgemma:27b,16891151000119103,retrieval_failure
Coronary Heart Disease,few_shot,2,MedGemma 1.0-27B,ollama,medgemma:27b,1254657004,retrieval_failure
Coronary Heart Disease,few_shot,2,MedGemma 1.0-27B,ollama,medgemma:27b,703211006,retrieval_failure
Coronary Heart Disease,few_shot,2,MedGemma 1.0-27B,ollama,medgemma:27b,123641001,retrieval_failure
Coronary Heart Disease,few_shot,2,MedGemma 1.0-27B,ollama,medgemma:27b,698593009,retrieval_failure
Coronary Heart Disease,few_shot,2,MedGemma 1.0-27B,ollama,medgemma:27b,25106000,retrieval_failure
Coronary Heart Disease,few_shot,2,MedGemma 1.0-27B,ollama,medgemma:27b,233819005,retrieval_failure
Coronary Heart Disease,few_shot,2,MedGemma 1.0-27B,ollama,medgemma:27b,225566008,retrieval_failure
Coronary Heart Disease,few_shot,2,MedGemma 1.0-27B,ollama,medgemma:27b,233843008,retrieval_failure
Coronary Heart Disease,few_shot,2,MedGemma 1.0-27B,ollama,medgemma:27b,233826005,retrieval_failure
Coronary Heart Disease,few_shot,2,MedGemma 1.0-27B,ollama,medgemma:27b,35431000087103,retrieval_failure
Coronary Heart Disease,few_shot,2,MedGemma 1.0-27B,ollama,medgemma:27b,10273003,retrieval_failure
Coronary Heart Disease,few_shot,2,MedGemma 1.0-27B,ollama,medgemma:27b,12238111000119106,retrieval_failure
Coronary Heart Disease,few_shot,2,MedGemma 1.0-27B,ollama,medgemma:27b,1208873007,retrieval_failure
Coronary Heart Disease,few_shot,2,MedGemma 1.0-27B,ollama,medgemma:27b,233821000,retrieval_failure
Coronary Heart Disease,few_shot,2,MedGemma 1.0-27B,ollama,medgemma:27b,876859003,retrieval_failure
Coronary Heart Disease,few_shot,2,MedGemma 1.0-27B,ollama,medgemma:27b,30277009,retrieval_failure
Coronary Heart Disease,few_shot,2,MedGemma 1.0-27B,ollama,medgemma:27b,840609007,retrieval_failure
Coronary Heart Disease,few_shot,2,MedGemma 1.0-27B,ollama,medgemma:27b,315026000,retrieval_failure
Coronary Heart Disease,few_shot,2,MedGemma 1.0-27B,ollama,medgemma:27b,233839009,retrieval_failure
Coronary Heart Disease,few_shot,2,MedGemma 1.0-27B,ollama,medgemma:27b,1208872002,retrieval_failure
Coronary Heart Disease,few_shot,2,MedGemma 1.0-27B,ollama,medgemma:27b,846683001,retrieval_failure
Coronary Heart Disease,few_shot,2,MedGemma 1.0-27B,ollama,medgemma:27b,61490001,retrieval_failure
Coronary Heart Disease,few_shot,2,MedGemma 1.0-27B,ollama,medgemma:27b,703209002,retrieval_failure
Coronary Heart Disease,few_shot,2,MedGemma 1.0-27B,ollama,medgemma:27b,15713001000119100,retrieval_failure
Coronary Heart Disease,few_shot,2,MedGemma 1.0-27B,ollama,medgemma:27b,428752002,retrieval_failure
Coronary Heart Disease,few_shot,2,MedGemma 1.0-27B,ollama,medgemma:27b,123642008,retrieval_failure
Coronary Heart Disease,few_shot,2,MedGemma 1.0-27B,ollama,medgemma:27b,54329005,retrieval_failure
Coronary Heart Disease,few_shot,2,MedGemma 1.0-27B,ollama,medgemma:27b,1089451000000100,retrieval_failure
Coronary Heart Disease,few_shot,2,MedGemma 1.0-27B,ollama,medgemma:27b,233832000,retrieval_failure
Coronary Heart Disease,few_shot,2,MedGemma 1.0-27B,ollama,medgemma:27b,285721000119104,retrieval_failure
Coronary Heart Disease,few_shot,2,MedGemma 1.0-27B,ollama,medgemma:27b,703165004,retrieval_failure
Coronary Heart Disease,few_shot,2,MedGemma 1.0-27B,ollama,medgemma:27b,876856005,retrieval_failure
Coronary Heart Disease,few_shot,2,MedGemma 1.0-27B,ollama,medgemma:27b,194868001,retrieval_failure
Coronary Heart Disease,few_shot,2,MedGemma 1.0-27B,ollama,medgemma:27b,44781000087105,retrieval_failure
Coronary Heart Disease,few_shot,2,MedGemma 1.0-27B,ollama,medgemma:27b,896690007,retrieval_failure
Coronary Heart Disease,few_shot,2,MedGemma 1.0-27B,ollama,medgemma:27b,840313007,retrieval_failure
Coronary Heart Disease,few_shot,2,MedGemma 1.0-27B,ollama,medgemma:27b,194828000,retrieval_failure
Coronary Heart Disease,few_shot,2,MedGemma 1.0-27B,ollama,medgemma:27b,63739005,generation_failure
Coronary Heart Disease,few_shot,2,MedGemma 1.0-27B,ollama,medgemma:27b,1255256006,retrieval_failure
Coronary Heart Disease,few_shot,2,MedGemma 1.0-27B,ollama,medgemma:27b,314207007,retrieval_failure
Coronary Heart Disease,few_shot,2,MedGemma 1.0-27B,ollama,medgemma:27b,70998009,retrieval_failure
Coronary Heart Disease,few_shot,2,MedGemma 1.0-27B,ollama,medgemma:27b,840608004,retrieval_failure
Coronary Heart Disease,few_shot,2,MedGemma 1.0-27B,ollama,medgemma:27b,712866001,retrieval_failure
Coronary Heart Disease,few_shot,2,MedGemma 1.0-27B,ollama,medgemma:27b,194867006,retrieval_failure
Coronary Heart Disease,few_shot,2,MedGemma 1.0-27B,ollama,medgemma:27b,1254662003,retrieval_failure
Coronary Heart Disease,few_shot,2,MedGemma 1.0-27B,ollama,medgemma:27b,44821000087100,retrieval_failure
Coronary Heart Disease,few_shot,2,MedGemma 1.0-27B,ollama,medgemma:27b,1254666000,retrieval_failure
Coronary Heart Disease,few_shot,2,MedGemma 1.0-27B,ollama,medgemma:27b,868226001,retrieval_failure
Coronary Heart Disease,few_shot,2,MedGemma 1.0-27B,ollama,medgemma:27b,1208867006,retrieval_failure
Coronary Heart Disease,few_shot,2,MedGemma 1.0-27B,ollama,medgemma:27b,308065005,retrieval_failure
Coronary Heart Disease,few_shot,2,MedGemma 1.0-27B,ollama,medgemma:27b,35471000087101,retrieval_failure
Coronary Heart Disease,few_shot,2,MedGemma 1.0-27B,ollama,medgemma:27b,428196007,retrieval_failure
Coronary Heart Disease,few_shot,2,MedGemma 1.0-27B,ollama,medgemma:27b,371805005,generation_failure
Coronary Heart Disease,few_shot,2,MedGemma 1.0-27B,ollama,medgemma:27b,703214003,generation_failure
Coronary Heart Disease,few_shot,2,MedGemma 1.0-27B,ollama,medgemma:27b,233841005,retrieval_failure
Coronary Heart Disease,few_shot,2,MedGemma 1.0-27B,ollama,medgemma:27b,371068009,retrieval_failure
Coronary Heart Disease,few_shot,2,MedGemma 1.0-27B,ollama,medgemma:27b,879955009,retrieval_failure
Coronary Heart Disease,few_shot,2,MedGemma 1.0-27B,ollama,medgemma:27b,723859005,retrieval_failure
Coronary Heart Disease,few_shot,2,MedGemma 1.0-27B,ollama,medgemma:27b,233842003,retrieval_failure
Coronary Heart Disease,few_shot,2,MedGemma 1.0-27B,ollama,medgemma:27b,840680009,retrieval_failure
Coronary Heart Disease,few_shot,2,MedGemma 1.0-27B,ollama,medgemma:27b,15713201000119105,retrieval_failure
Coronary Heart Disease,few_shot,2,MedGemma 1.0-27B,ollama,medgemma:27b,233829003,retrieval_failure
Coronary Heart Disease,few_shot,2,MedGemma 1.0-27B,ollama,medgemma:27b,371812001,retrieval_failure
Coronary Heart Disease,few_shot,2,MedGemma 1.0-27B,ollama,medgemma:27b,194823009,generation_failure
Coronary Heart Disease,few_shot,3,MedGemma 1.0-27B,ollama,medgemma:27b,896697005,retrieval_failure
Coronary Heart Disease,few_shot,3,MedGemma 1.0-27B,ollama,medgemma:27b,194802003,retrieval_failure
Coronary Heart Disease,few_shot,3,MedGemma 1.0-27B,ollama,medgemma:27b,35451000087107,retrieval_failure
Coronary Heart Disease,few_shot,3,MedGemma 1.0-27B,ollama,medgemma:27b,15712841000119100,retrieval_failure
Coronary Heart Disease,few_shot,3,MedGemma 1.0-27B,ollama,medgemma:27b,281091000,retrieval_failure
Coronary Heart Disease,few_shot,3,MedGemma 1.0-27B,ollama,medgemma:27b,15712921000119103,retrieval_failure
Coronary Heart Disease,few_shot,3,MedGemma 1.0-27B,ollama,medgemma:27b,194821006,retrieval_failure
Coronary Heart Disease,few_shot,3,MedGemma 1.0-27B,ollama,medgemma:27b,703326006,retrieval_failure
Coronary Heart Disease,few_shot,3,MedGemma 1.0-27B,ollama,medgemma:27b,233847009,retrieval_failure
Coronary Heart Disease,few_shot,3,MedGemma 1.0-27B,ollama,medgemma:27b,896689003,retrieval_failure
Coronary Heart Disease,few_shot,3,MedGemma 1.0-27B,ollama,medgemma:27b,1255624007,retrieval_failure
Coronary Heart Disease,few_shot,3,MedGemma 1.0-27B,ollama,medgemma:27b,233970002,generation_failure
Coronary Heart Disease,few_shot,3,MedGemma 1.0-27B,ollama,medgemma:27b,1254663008,retrieval_failure
Coronary Heart Disease,few_shot,3,MedGemma 1.0-27B,ollama,medgemma:27b,846667001,retrieval_failure
Coronary Heart Disease,few_shot,3,MedGemma 1.0-27B,ollama,medgemma:27b,42531007,retrieval_failure
Coronary Heart Disease,few_shot,3,MedGemma 1.0-27B,ollama,medgemma:27b,300995000,retrieval_failure
Coronary Heart Disease,few_shot,3,MedGemma 1.0-27B,ollama,medgemma:27b,719678003,generation_failure
Coronary Heart Disease,few_shot,3,MedGemma 1.0-27B,ollama,medgemma:27b,233834004,retrieval_failure
Coronary Heart Disease,few_shot,3,MedGemma 1.0-27B,ollama,medgemma:27b,307140009,retrieval_failure
Coronary Heart Disease,few_shot,3,MedGemma 1.0-27B,ollama,medgemma:27b,371806006,retrieval_failure
Coronary Heart Disease,few_shot,3,MedGemma 1.0-27B,ollama,medgemma:27b,429559004,retrieval_failure
Coronary Heart Disease,few_shot,3,MedGemma 1.0-27B,ollama,medgemma:27b,840679006,retrieval_failure
Coronary Heart Disease,few_shot,3,MedGemma 1.0-27B,ollama,medgemma:27b,1254660006,retrieval_failure
Coronary Heart Disease,few_shot,3,MedGemma 1.0-27B,ollama,medgemma:27b,427919004,retrieval_failure
Coronary Heart Disease,few_shot,3,MedGemma 1.0-27B,ollama,medgemma:27b,840309000,retrieval_failure
Coronary Heart Disease,few_shot,3,MedGemma 1.0-27B,ollama,medgemma:27b,401314000,retrieval_failure
Coronary Heart Disease,few_shot,3,MedGemma 1.0-27B,ollama,medgemma:27b,44801000087106,retrieval_failure
Coronary Heart Disease,few_shot,3,MedGemma 1.0-27B,ollama,medgemma:27b,233817007,generation_failure
Coronary Heart Disease,few_shot,3,MedGemma 1.0-27B,ollama,medgemma:27b,429391004,retrieval_failure
Coronary Heart Disease,few_shot,3,MedGemma 1.0-27B,ollama,medgemma:27b,414545008,generation_failure
Coronary Heart Disease,few_shot,3,MedGemma 1.0-27B,ollama,medgemma:27b,44851000087107,retrieval_failure
Coronary Heart Disease,few_shot,3,MedGemma 1.0-27B,ollama,medgemma:27b,233828006,retrieval_failure
Coronary Heart Disease,few_shot,3,MedGemma 1.0-27B,ollama,medgemma:27b,414024009,generation_failure
Coronary Heart Disease,few_shot,3,MedGemma 1.0-27B,ollama,medgemma:27b,314116003,retrieval_failure
Coronary Heart Disease,few_shot,3,MedGemma 1.0-27B,ollama,medgemma:27b,723861001,retrieval_failure
Coronary Heart Disease,few_shot,3,MedGemma 1.0-27B,ollama,medgemma:27b,840312002,retrieval_failure
Coronary Heart Disease,few_shot,3,MedGemma 1.0-27B,ollama,medgemma:27b,35481000087104,retrieval_failure
Coronary Heart Disease,few_shot,3,MedGemma 1.0-27B,ollama,medgemma:27b,443502000,generation_failure
Coronary Heart Disease,few_shot,3,MedGemma 1.0-27B,ollama,medgemma:27b,21470009,retrieval_failure
Coronary Heart Disease,few_shot,3,MedGemma 1.0-27B,ollama,medgemma:27b,233823002,retrieval_failure
Coronary Heart Disease,few_shot,3,MedGemma 1.0-27B,ollama,medgemma:27b,1204154001,retrieval_failure
Coronary Heart Disease,few_shot,3,MedGemma 1.0-27B,ollama,medgemma:27b,703328007,retrieval_failure
Coronary Heart Disease,few_shot,3,MedGemma 1.0-27B,ollama,medgemma:27b,15713121000119105,retrieval_failure
Coronary Heart Disease,few_shot,3,MedGemma 1.0-27B,ollama,medgemma:27b,32574007,retrieval_failure
Coronary Heart Disease,few_shot,3,MedGemma 1.0-27B,ollama,medgemma:27b,16837681000119104,retrieval_failure
Coronary Heart Disease,few_shot,3,MedGemma 1.0-27B,ollama,medgemma:27b,697976003,retrieval_failure
Coronary Heart Disease,few_shot,3,MedGemma 1.0-27B,ollama,medgemma:27b,44761000087104,retrieval_failure
Coronary Heart Disease,few_shot,3,MedGemma 1.0-27B,ollama,medgemma:27b,398274000,generation_failure
Coronary Heart Disease,few_shot,3,MedGemma 1.0-27B,ollama,medgemma:27b,836295007,retrieval_failure
Coronary Heart Disease,few_shot,3,MedGemma 1.0-27B,ollama,medgemma:27b,42866003,retrieval_failure
Coronary Heart Disease,few_shot,3,MedGemma 1.0-27B,ollama,medgemma:27b,35401000087106,retrieval_failure
Coronary Heart Disease,few_shot,3,MedGemma 1.0-27B,ollama,medgemma:27b,233844002,generation_failure
Coronary Heart Disease,few_shot,3,MedGemma 1.0-27B,ollama,medgemma:27b,846684007,retrieval_failure
Coronary Heart Disease,few_shot,3,MedGemma 1.0-27B,ollama,medgemma:27b,461000119108,retrieval_failure
Coronary Heart Disease,few_shot,3,MedGemma 1.0-27B,ollama,medgemma:27b,1269257006,retrieval_failure
Coronary Heart Disease,few_shot,3,MedGemma 1.0-27B,ollama,medgemma:27b,1204151009,retrieval_failure
Coronary Heart Disease,few_shot,3,MedGemma 1.0-27B,ollama,medgemma:27b,129574000,retrieval_failure
Coronary Heart Disease,few_shot,3,MedGemma 1.0-27B,ollama,medgemma:27b,394659003,generation_failure
Coronary Heart Disease,few_shot,3,MedGemma 1.0-27B,ollama,medgemma:27b,876857001,retrieval_failure
Coronary Heart Disease,few_shot,3,MedGemma 1.0-27B,ollama,medgemma:27b,868221006,retrieval_failure
Coronary Heart Disease,few_shot,3,MedGemma 1.0-27B,ollama,medgemma:27b,1255569006,retrieval_failure
Coronary Heart Disease,few_shot,3,MedGemma 1.0-27B,ollama,medgemma:27b,703330009,retrieval_failure
Coronary Heart Disease,few_shot,3,MedGemma 1.0-27B,ollama,medgemma:27b,15960981000119105,retrieval_failure
Coronary Heart Disease,few_shot,3,MedGemma 1.0-27B,ollama,medgemma:27b,85284003,retrieval_failure
Coronary Heart Disease,few_shot,3,MedGemma 1.0-27B,ollama,medgemma:27b,868216008,retrieval_failure
Coronary Heart Disease,few_shot,3,MedGemma 1.0-27B,ollama,medgemma:27b,71023004,retrieval_failure
Coronary Heart Disease,few_shot,3,MedGemma 1.0-27B,ollama,medgemma:27b,70422006,retrieval_failure
Coronary Heart Disease,few_shot,3,MedGemma 1.0-27B,ollama,medgemma:27b,82522008,retrieval_failure
Coronary Heart Disease,few_shot,3,MedGemma 1.0-27B,ollama,medgemma:27b,1255623001,retrieval_failure
Coronary Heart Disease,few_shot,3,MedGemma 1.0-27B,ollama,medgemma:27b,15960541000119107,retrieval_failure
Coronary Heart Disease,few_shot,3,MedGemma 1.0-27B,ollama,medgemma:27b,233833005,retrieval_failure
Coronary Heart Disease,few_shot,3,MedGemma 1.0-27B,ollama,medgemma:27b,868215007,retrieval_failure
Coronary Heart Disease,few_shot,3,MedGemma 1.0-27B,ollama,medgemma:27b,399261000,retrieval_failure
Coronary Heart Disease,few_shot,3,MedGemma 1.0-27B,ollama,medgemma:27b,19057007,retrieval_failure
Coronary Heart Disease,few_shot,3,MedGemma 1.0-27B,ollama,medgemma:27b,413844008,retrieval_failure
Coronary Heart Disease,few_shot,3,MedGemma 1.0-27B,ollama,medgemma:27b,15713041000119103,retrieval_failure
Coronary Heart Disease,few_shot,3,MedGemma 1.0-27B,ollama,medgemma:27b,194849004,retrieval_failure
Coronary Heart Disease,few_shot,3,MedGemma 1.0-27B,ollama,medgemma:27b,371811008,retrieval_failure
Coronary Heart Disease,few_shot,3,MedGemma 1.0-27B,ollama,medgemma:27b,1204152002,retrieval_failure
Coronary Heart Disease,few_shot,3,MedGemma 1.0-27B,ollama,medgemma:27b,194861007,retrieval_failure
Coronary Heart Disease,few_shot,3,MedGemma 1.0-27B,ollama,medgemma:27b,233838001,retrieval_failure
Coronary Heart Disease,few_shot,3,MedGemma 1.0-27B,ollama,medgemma:27b,836293000,retrieval_failure
Coronary Heart Disease,few_shot,3,MedGemma 1.0-27B,ollama,medgemma:27b,44831000087103,retrieval_failure
Coronary Heart Disease,few_shot,3,MedGemma 1.0-27B,ollama,medgemma:27b,35551000087106,retrieval_failure
Coronary Heart Disease,few_shot,3,MedGemma 1.0-27B,ollama,medgemma:27b,282006,retrieval_failure
Coronary Heart Disease,few_shot,3,MedGemma 1.0-27B,ollama,medgemma:27b,868222004,retrieval_failure
Coronary Heart Disease,few_shot,3,MedGemma 1.0-27B,ollama,medgemma:27b,723858002,retrieval_failure
Coronary Heart Disease,few_shot,3,MedGemma 1.0-27B,ollama,medgemma:27b,12238151000119107,retrieval_failure
Coronary Heart Disease,few_shot,3,MedGemma 1.0-27B,ollama,medgemma:27b,1255265004,retrieval_failure
Coronary Heart Disease,few_shot,3,MedGemma 1.0-27B,ollama,medgemma:27b,161503005,retrieval_failure
Coronary Heart Disease,few_shot,3,MedGemma 1.0-27B,ollama,medgemma:27b,41334000,retrieval_failure
Coronary Heart Disease,few_shot,3,MedGemma 1.0-27B,ollama,medgemma:27b,35511000087107,retrieval_failure
Coronary Heart Disease,few_shot,3,MedGemma 1.0-27B,ollama,medgemma:27b,66189004,retrieval_failure
Coronary Heart Disease,few_shot,3,MedGemma 1.0-27B,ollama,medgemma:27b,371807002,retrieval_failure
Coronary Heart Disease,few_shot,3,MedGemma 1.0-27B,ollama,medgemma:27b,233837006,retrieval_failure
Coronary Heart Disease,few_shot,3,MedGemma 1.0-27B,ollama,medgemma:27b,429245005,retrieval_failure
Coronary Heart Disease,few_shot,3,MedGemma 1.0-27B,ollama,medgemma:27b,827163002,retrieval_failure
Coronary Heart Disease,few_shot,3,MedGemma 1.0-27B,ollama,medgemma:27b,233827001,retrieval_failure
Coronary Heart Disease,few_shot,3,MedGemma 1.0-27B,ollama,medgemma:27b,89323001,retrieval_failure
Coronary Heart Disease,few_shot,3,MedGemma 1.0-27B,ollama,medgemma:27b,35501000087105,retrieval_failure
Coronary Heart Disease,few_shot,3,MedGemma 1.0-27B,ollama,medgemma:27b,846668006,retrieval_failure
Coronary Heart Disease,few_shot,3,MedGemma 1.0-27B,ollama,medgemma:27b,413444003,retrieval_failure
Coronary Heart Disease,few_shot,3,MedGemma 1.0-27B,ollama,medgemma:27b,233830008,retrieval_failure
Coronary Heart Disease,few_shot,3,MedGemma 1.0-27B,ollama,medgemma:27b,868217004,retrieval_failure
Coronary Heart Disease,few_shot,3,MedGemma 1.0-27B,ollama,medgemma:27b,16415081000119104,retrieval_failure
Coronary Heart Disease,few_shot,3,MedGemma 1.0-27B,ollama,medgemma:27b,1089431000000107,retrieval_failure
Coronary Heart Disease,few_shot,3,MedGemma 1.0-27B,ollama,medgemma:27b,15712961000119108,retrieval_failure
Coronary Heart Disease,few_shot,3,MedGemma 1.0-27B,ollama,medgemma:27b,194857001,retrieval_failure
Coronary Heart Disease,few_shot,3,MedGemma 1.0-27B,ollama,medgemma:27b,35581000087103,retrieval_failure
Coronary Heart Disease,few_shot,3,MedGemma 1.0-27B,ollama,medgemma:27b,73795002,retrieval_failure
Coronary Heart Disease,few_shot,3,MedGemma 1.0-27B,ollama,medgemma:27b,35928006,retrieval_failure
Coronary Heart Disease,few_shot,3,MedGemma 1.0-27B,ollama,medgemma:27b,426856002,retrieval_failure
Coronary Heart Disease,few_shot,3,MedGemma 1.0-27B,ollama,medgemma:27b,408546009,retrieval_failure
Coronary Heart Disease,few_shot,3,MedGemma 1.0-27B,ollama,medgemma:27b,130541000119100,retrieval_failure
Coronary Heart Disease,few_shot,3,MedGemma 1.0-27B,ollama,medgemma:27b,15713161000119100,retrieval_failure
Coronary Heart Disease,few_shot,3,MedGemma 1.0-27B,ollama,medgemma:27b,713405002,retrieval_failure
Coronary Heart Disease,few_shot,3,MedGemma 1.0-27B,ollama,medgemma:27b,1254661005,retrieval_failure
Coronary Heart Disease,few_shot,3,MedGemma 1.0-27B,ollama,medgemma:27b,724431008,retrieval_failure
Coronary Heart Disease,few_shot,3,MedGemma 1.0-27B,ollama,medgemma:27b,194865003,retrieval_failure
Coronary Heart Disease,few_shot,3,MedGemma 1.0-27B,ollama,medgemma:27b,1077002,retrieval_failure
Coronary Heart Disease,few_shot,3,MedGemma 1.0-27B,ollama,medgemma:27b,698377004,retrieval_failure
Coronary Heart Disease,few_shot,3,MedGemma 1.0-27B,ollama,medgemma:27b,444856008,retrieval_failure
Coronary Heart Disease,few_shot,3,MedGemma 1.0-27B,ollama,medgemma:27b,703360004,retrieval_failure
Coronary Heart Disease,few_shot,3,MedGemma 1.0-27B,ollama,medgemma:27b,35411000087108,retrieval_failure
Coronary Heart Disease,few_shot,3,MedGemma 1.0-27B,ollama,medgemma:27b,1255622006,retrieval_failure
Coronary Heart Disease,few_shot,3,MedGemma 1.0-27B,ollama,medgemma:27b,52035003,retrieval_failure
Coronary Heart Disease,few_shot,3,MedGemma 1.0-27B,ollama,medgemma:27b,103011000119106,generation_failure
Coronary Heart Disease,few_shot,3,MedGemma 1.0-27B,ollama,medgemma:27b,35571000087100,retrieval_failure
Coronary Heart Disease,few_shot,3,MedGemma 1.0-27B,ollama,medgemma:27b,840315000,retrieval_failure
Coronary Heart Disease,few_shot,3,MedGemma 1.0-27B,ollama,medgemma:27b,1254658009,retrieval_failure
Coronary Heart Disease,few_shot,3,MedGemma 1.0-27B,ollama,medgemma:27b,194858006,retrieval_failure
Coronary Heart Disease,few_shot,3,MedGemma 1.0-27B,ollama,medgemma:27b,420006002,generation_failure
Coronary Heart Disease,few_shot,3,MedGemma 1.0-27B,ollama,medgemma:27b,1255258007,retrieval_failure
Coronary Heart Disease,few_shot,3,MedGemma 1.0-27B,ollama,medgemma:27b,840316004,retrieval_failure
Coronary Heart Disease,few_shot,3,MedGemma 1.0-27B,ollama,medgemma:27b,35461000087105,retrieval_failure
Coronary Heart Disease,few_shot,3,MedGemma 1.0-27B,ollama,medgemma:27b,233885007,retrieval_failure
Coronary Heart Disease,few_shot,3,MedGemma 1.0-27B,ollama,medgemma:27b,311793000,retrieval_failure
Coronary Heart Disease,few_shot,3,MedGemma 1.0-27B,ollama,medgemma:27b,194862000,retrieval_failure
Coronary Heart Disease,few_shot,3,MedGemma 1.0-27B,ollama,medgemma:27b,703251009,retrieval_failure
Coronary Heart Disease,few_shot,3,MedGemma 1.0-27B,ollama,medgemma:27b,723862008,retrieval_failure
Coronary Heart Disease,few_shot,3,MedGemma 1.0-27B,ollama,medgemma:27b,65547006,retrieval_failure
Coronary Heart Disease,few_shot,3,MedGemma 1.0-27B,ollama,medgemma:27b,17531000119105,retrieval_failure
Coronary Heart Disease,few_shot,3,MedGemma 1.0-27B,ollama,medgemma:27b,23311000119105,retrieval_failure
Coronary Heart Disease,few_shot,3,MedGemma 1.0-27B,ollama,medgemma:27b,840310005,retrieval_failure
Coronary Heart Disease,few_shot,3,MedGemma 1.0-27B,ollama,medgemma:27b,896696001,retrieval_failure
Coronary Heart Disease,few_shot,3,MedGemma 1.0-27B,ollama,medgemma:27b,442240008,retrieval_failure
Coronary Heart Disease,few_shot,3,MedGemma 1.0-27B,ollama,medgemma:27b,15960461000119105,retrieval_failure
Coronary Heart Disease,few_shot,3,MedGemma 1.0-27B,ollama,medgemma:27b,1755008,retrieval_failure
Coronary Heart Disease,few_shot,3,MedGemma 1.0-27B,ollama,medgemma:27b,233831007,retrieval_failure
Coronary Heart Disease,few_shot,3,MedGemma 1.0-27B,ollama,medgemma:27b,61236006,retrieval_failure
Coronary Heart Disease,few_shot,3,MedGemma 1.0-27B,ollama,medgemma:27b,703164000,retrieval_failure
Coronary Heart Disease,few_shot,3,MedGemma 1.0-27B,ollama,medgemma:27b,194843003,generation_failure
Coronary Heart Disease,few_shot,3,MedGemma 1.0-27B,ollama,medgemma:27b,414795007,retrieval_failure
Coronary Heart Disease,few_shot,3,MedGemma 1.0-27B,ollama,medgemma:27b,1204155000,retrieval_failure
Coronary Heart Disease,few_shot,3,MedGemma 1.0-27B,ollama,medgemma:27b,442224005,retrieval_failure
Coronary Heart Disease,few_shot,3,MedGemma 1.0-27B,ollama,medgemma:27b,79009004,retrieval_failure
Coronary Heart Disease,few_shot,3,MedGemma 1.0-27B,ollama,medgemma:27b,472100003,retrieval_failure
Coronary Heart Disease,few_shot,3,MedGemma 1.0-27B,ollama,medgemma:27b,44771000087108,retrieval_failure
Coronary Heart Disease,few_shot,3,MedGemma 1.0-27B,ollama,medgemma:27b,703210007,retrieval_failure
Coronary Heart Disease,few_shot,3,MedGemma 1.0-27B,ollama,medgemma:27b,394710008,retrieval_failure
Coronary Heart Disease,few_shot,3,MedGemma 1.0-27B,ollama,medgemma:27b,868224003,retrieval_failure
Coronary Heart Disease,few_shot,3,MedGemma 1.0-27B,ollama,medgemma:27b,58612006,retrieval_failure
Coronary Heart Disease,few_shot,3,MedGemma 1.0-27B,ollama,medgemma:27b,836294006,retrieval_failure
Coronary Heart Disease,few_shot,3,MedGemma 1.0-27B,ollama,medgemma:27b,723860000,retrieval_failure
Coronary Heart Disease,few_shot,3,MedGemma 1.0-27B,ollama,medgemma:27b,70211005,retrieval_failure
Coronary Heart Disease,few_shot,3,MedGemma 1.0-27B,ollama,medgemma:27b,285141000119106,retrieval_failure
Coronary Heart Disease,few_shot,3,MedGemma 1.0-27B,ollama,medgemma:27b,233825009,retrieval_failure
Coronary Heart Disease,few_shot,3,MedGemma 1.0-27B,ollama,medgemma:27b,371809004,retrieval_failure
Coronary Heart Disease,few_shot,3,MedGemma 1.0-27B,ollama,medgemma:27b,57054005,retrieval_failure
Coronary Heart Disease,few_shot,3,MedGemma 1.0-27B,ollama,medgemma:27b,15960341000119104,retrieval_failure
Coronary Heart Disease,few_shot,3,MedGemma 1.0-27B,ollama,medgemma:27b,1254659001,retrieval_failure
Coronary Heart Disease,few_shot,3,MedGemma 1.0-27B,ollama,medgemma:27b,15990001,retrieval_failure
Coronary Heart Disease,few_shot,3,MedGemma 1.0-27B,ollama,medgemma:27b,1204222000,retrieval_failure
Coronary Heart Disease,few_shot,3,MedGemma 1.0-27B,ollama,medgemma:27b,311796008,retrieval_failure
Coronary Heart Disease,few_shot,3,MedGemma 1.0-27B,ollama,medgemma:27b,810681000000101,generation_failure
Coronary Heart Disease,few_shot,3,MedGemma 1.0-27B,ollama,medgemma:27b,35561000087109,retrieval_failure
Coronary Heart Disease,few_shot,3,MedGemma 1.0-27B,ollama,medgemma:27b,285981000119103,retrieval_failure
Coronary Heart Disease,few_shot,3,MedGemma 1.0-27B,ollama,medgemma:27b,315025001,retrieval_failure
Coronary Heart Disease,few_shot,3,MedGemma 1.0-27B,ollama,medgemma:27b,22298006,generation_failure
Coronary Heart Disease,few_shot,3,MedGemma 1.0-27B,ollama,medgemma:27b,233846000,retrieval_failure
Coronary Heart Disease,few_shot,3,MedGemma 1.0-27B,ollama,medgemma:27b,78741000119103,retrieval_failure
Coronary Heart Disease,few_shot,3,MedGemma 1.0-27B,ollama,medgemma:27b,444855007,retrieval_failure
Coronary Heart Disease,few_shot,3,MedGemma 1.0-27B,ollama,medgemma:27b,315348000,generation_failure
Coronary Heart Disease,few_shot,3,MedGemma 1.0-27B,ollama,medgemma:27b,194856005,retrieval_failure
Coronary Heart Disease,few_shot,3,MedGemma 1.0-27B,ollama,medgemma:27b,161502000,retrieval_failure
Coronary Heart Disease,few_shot,3,MedGemma 1.0-27B,ollama,medgemma:27b,15712881000119105,retrieval_failure
Coronary Heart Disease,few_shot,3,MedGemma 1.0-27B,ollama,medgemma:27b,59063002,retrieval_failure
Coronary Heart Disease,few_shot,3,MedGemma 1.0-27B,ollama,medgemma:27b,15713081000119108,retrieval_failure
Coronary Heart Disease,few_shot,3,MedGemma 1.0-27B,ollama,medgemma:27b,233835003,retrieval_failure
Coronary Heart Disease,few_shot,3,MedGemma 1.0-27B,ollama,medgemma:27b,15960061000119102,retrieval_failure
Coronary Heart Disease,few_shot,3,MedGemma 1.0-27B,ollama,medgemma:27b,827164008,retrieval_failure
Coronary Heart Disease,few_shot,3,MedGemma 1.0-27B,ollama,medgemma:27b,371803003,generation_failure
Coronary Heart Disease,few_shot,3,MedGemma 1.0-27B,ollama,medgemma:27b,418044006,retrieval_failure
Coronary Heart Disease,few_shot,3,MedGemma 1.0-27B,ollama,medgemma:27b,876858006,retrieval_failure
Coronary Heart Disease,few_shot,3,MedGemma 1.0-27B,ollama,medgemma:27b,10971000087107,retrieval_failure
Coronary Heart Disease,few_shot,3,MedGemma 1.0-27B,ollama,medgemma:27b,868220007,retrieval_failure
Coronary Heart Disease,few_shot,3,MedGemma 1.0-27B,ollama,medgemma:27b,194842008,generation_failure
Coronary Heart Disease,few_shot,3,MedGemma 1.0-27B,ollama,medgemma:27b,311792005,retrieval_failure
Coronary Heart Disease,few_shot,3,MedGemma 1.0-27B,ollama,medgemma:27b,1163420005,retrieval_failure
Coronary Heart Disease,few_shot,3,MedGemma 1.0-27B,ollama,medgemma:27b,281092007,retrieval_failure
Coronary Heart Disease,few_shot,3,MedGemma 1.0-27B,ollama,medgemma:27b,703212004,retrieval_failure
Coronary Heart Disease,few_shot,3,MedGemma 1.0-27B,ollama,medgemma:27b,285991000119100,retrieval_failure
Coronary Heart Disease,few_shot,3,MedGemma 1.0-27B,ollama,medgemma:27b,62695002,retrieval_failure
Coronary Heart Disease,few_shot,3,MedGemma 1.0-27B,ollama,medgemma:27b,117051000119103,retrieval_failure
Coronary Heart Disease,few_shot,3,MedGemma 1.0-27B,ollama,medgemma:27b,35491000087102,retrieval_failure
Coronary Heart Disease,few_shot,3,MedGemma 1.0-27B,ollama,medgemma:27b,59021001,retrieval_failure
Coronary Heart Disease,few_shot,3,MedGemma 1.0-27B,ollama,medgemma:27b,1222625002,retrieval_failure
Coronary Heart Disease,few_shot,3,MedGemma 1.0-27B,ollama,medgemma:27b,16891151000119103,retrieval_failure
Coronary Heart Disease,few_shot,3,MedGemma 1.0-27B,ollama,medgemma:27b,1254657004,retrieval_failure
Coronary Heart Disease,few_shot,3,MedGemma 1.0-27B,ollama,medgemma:27b,703211006,retrieval_failure
Coronary Heart Disease,few_shot,3,MedGemma 1.0-27B,ollama,medgemma:27b,123641001,retrieval_failure
Coronary Heart Disease,few_shot,3,MedGemma 1.0-27B,ollama,medgemma:27b,44841000087109,retrieval_failure
Coronary Heart Disease,few_shot,3,MedGemma 1.0-27B,ollama,medgemma:27b,698593009,retrieval_failure
Coronary Heart Disease,few_shot,3,MedGemma 1.0-27B,ollama,medgemma:27b,868225002,retrieval_failure
Coronary Heart Disease,few_shot,3,MedGemma 1.0-27B,ollama,medgemma:27b,25106000,retrieval_failure
Coronary Heart Disease,few_shot,3,MedGemma 1.0-27B,ollama,medgemma:27b,233819005,retrieval_failure
Coronary Heart Disease,few_shot,3,MedGemma 1.0-27B,ollama,medgemma:27b,225566008,retrieval_failure
Coronary Heart Disease,few_shot,3,MedGemma 1.0-27B,ollama,medgemma:27b,233843008,retrieval_failure
Coronary Heart Disease,few_shot,3,MedGemma 1.0-27B,ollama,medgemma:27b,304914007,retrieval_failure
Coronary Heart Disease,few_shot,3,MedGemma 1.0-27B,ollama,medgemma:27b,76593002,retrieval_failure
Coronary Heart Disease,few_shot,3,MedGemma 1.0-27B,ollama,medgemma:27b,233826005,retrieval_failure
Coronary Heart Disease,few_shot,3,MedGemma 1.0-27B,ollama,medgemma:27b,35431000087103,retrieval_failure
Coronary Heart Disease,few_shot,3,MedGemma 1.0-27B,ollama,medgemma:27b,92517006,retrieval_failure
Coronary Heart Disease,few_shot,3,MedGemma 1.0-27B,ollama,medgemma:27b,10273003,retrieval_failure
Coronary Heart Disease,few_shot,3,MedGemma 1.0-27B,ollama,medgemma:27b,726499301000119105,retrieval_failure
Coronary Heart Disease,few_shot,3,MedGemma 1.0-27B,ollama,medgemma:27b,12238111000119106,retrieval_failure
Coronary Heart Disease,few_shot,3,MedGemma 1.0-27B,ollama,medgemma:27b,371810009,retrieval_failure
Coronary Heart Disease,few_shot,3,MedGemma 1.0-27B,ollama,medgemma:27b,868219001,retrieval_failure
Coronary Heart Disease,few_shot,3,MedGemma 1.0-27B,ollama,medgemma:27b,703213009,retrieval_failure
Coronary Heart Disease,few_shot,3,MedGemma 1.0-27B,ollama,medgemma:27b,1208873007,retrieval_failure
Coronary Heart Disease,few_shot,3,MedGemma 1.0-27B,ollama,medgemma:27b,1293192009,generation_failure
Coronary Heart Disease,few_shot,3,MedGemma 1.0-27B,ollama,medgemma:27b,233821000,retrieval_failure
Coronary Heart Disease,few_shot,3,MedGemma 1.0-27B,ollama,medgemma:27b,35421000087100,retrieval_failure
Coronary Heart Disease,few_shot,3,MedGemma 1.0-27B,ollama,medgemma:27b,876859003,retrieval_failure
Coronary Heart Disease,few_shot,3,MedGemma 1.0-27B,ollama,medgemma:27b,44811000087108,retrieval_failure
Coronary Heart Disease,few_shot,3,MedGemma 1.0-27B,ollama,medgemma:27b,1089471000000109,retrieval_failure
Coronary Heart Disease,few_shot,3,MedGemma 1.0-27B,ollama,medgemma:27b,285151000119108,retrieval_failure
Coronary Heart Disease,few_shot,3,MedGemma 1.0-27B,ollama,medgemma:27b,371804009,generation_failure
Coronary Heart Disease,few_shot,3,MedGemma 1.0-27B,ollama,medgemma:27b,30277009,retrieval_failure
Coronary Heart Disease,few_shot,3,MedGemma 1.0-27B,ollama,medgemma:27b,1641000119107,retrieval_failure
Coronary Heart Disease,few_shot,3,MedGemma 1.0-27B,ollama,medgemma:27b,840609007,retrieval_failure
Coronary Heart Disease,few_shot,3,MedGemma 1.0-27B,ollama,medgemma:27b,67682002,retrieval_failure
Coronary Heart Disease,few_shot,3,MedGemma 1.0-27B,ollama,medgemma:27b,194809007,retrieval_failure
Coronary Heart Disease,few_shot,3,MedGemma 1.0-27B,ollama,medgemma:27b,413838009,generation_failure
Coronary Heart Disease,few_shot,3,MedGemma 1.0-27B,ollama,medgemma:27b,315026000,retrieval_failure
Coronary Heart Disease,few_shot,3,MedGemma 1.0-27B,ollama,medgemma:27b,868223009,retrieval_failure
Coronary Heart Disease,few_shot,3,MedGemma 1.0-27B,ollama,medgemma:27b,233839009,retrieval_failure
Coronary Heart Disease,few_shot,3,MedGemma 1.0-27B,ollama,medgemma:27b,399211009,retrieval_failure
Coronary Heart Disease,few_shot,3,MedGemma 1.0-27B,ollama,medgemma:27b,1208872002,retrieval_failure
Coronary Heart Disease,few_shot,3,MedGemma 1.0-27B,ollama,medgemma:27b,1255266003,retrieval_failure
Coronary Heart Disease,few_shot,3,MedGemma 1.0-27B,ollama,medgemma:27b,429673002,retrieval_failure
Coronary Heart Disease,few_shot,3,MedGemma 1.0-27B,ollama,medgemma:27b,1255257002,retrieval_failure
Coronary Heart Disease,few_shot,3,MedGemma 1.0-27B,ollama,medgemma:27b,776219771000119107,retrieval_failure
Coronary Heart Disease,few_shot,3,MedGemma 1.0-27B,ollama,medgemma:27b,846683001,retrieval_failure
Coronary Heart Disease,few_shot,3,MedGemma 1.0-27B,ollama,medgemma:27b,61490001,retrieval_failure
Coronary Heart Disease,few_shot,3,MedGemma 1.0-27B,ollama,medgemma:27b,11018701000119109,retrieval_failure
Coronary Heart Disease,few_shot,3,MedGemma 1.0-27B,ollama,medgemma:27b,413439005,retrieval_failure
Coronary Heart Disease,few_shot,3,MedGemma 1.0-27B,ollama,medgemma:27b,4557003,retrieval_failure
Coronary Heart Disease,few_shot,3,MedGemma 1.0-27B,ollama,medgemma:27b,15960661000119107,retrieval_failure
Coronary Heart Disease,few_shot,3,MedGemma 1.0-27B,ollama,medgemma:27b,703209002,retrieval_failure
Coronary Heart Disease,few_shot,3,MedGemma 1.0-27B,ollama,medgemma:27b,703252002,retrieval_failure
Coronary Heart Disease,few_shot,3,MedGemma 1.0-27B,ollama,medgemma:27b,64627002,retrieval_failure
Coronary Heart Disease,few_shot,3,MedGemma 1.0-27B,ollama,medgemma:27b,15713001000119100,retrieval_failure
Coronary Heart Disease,few_shot,3,MedGemma 1.0-27B,ollama,medgemma:27b,15960381000119109,retrieval_failure
Coronary Heart Disease,few_shot,3,MedGemma 1.0-27B,ollama,medgemma:27b,15960581000119102,retrieval_failure
Coronary Heart Disease,few_shot,3,MedGemma 1.0-27B,ollama,medgemma:27b,428752002,retrieval_failure
Coronary Heart Disease,few_shot,3,MedGemma 1.0-27B,ollama,medgemma:27b,371808007,retrieval_failure
Coronary Heart Disease,few_shot,3,MedGemma 1.0-27B,ollama,medgemma:27b,387785661000119105,retrieval_failure
Coronary Heart Disease,few_shot,3,MedGemma 1.0-27B,ollama,medgemma:27b,123642008,retrieval_failure
Coronary Heart Disease,few_shot,3,MedGemma 1.0-27B,ollama,medgemma:27b,1255621004,retrieval_failure
Coronary Heart Disease,few_shot,3,MedGemma 1.0-27B,ollama,medgemma:27b,35521000087104,retrieval_failure
Coronary Heart Disease,few_shot,3,MedGemma 1.0-27B,ollama,medgemma:27b,15960741000119103,retrieval_failure
Coronary Heart Disease,few_shot,3,MedGemma 1.0-27B,ollama,medgemma:27b,54329005,retrieval_failure
Coronary Heart Disease,few_shot,3,MedGemma 1.0-27B,ollama,medgemma:27b,1089451000000100,retrieval_failure
Coronary Heart Disease,few_shot,3,MedGemma 1.0-27B,ollama,medgemma:27b,233832000,retrieval_failure
Coronary Heart Disease,few_shot,3,MedGemma 1.0-27B,ollama,medgemma:27b,285721000119104,retrieval_failure
Coronary Heart Disease,few_shot,3,MedGemma 1.0-27B,ollama,medgemma:27b,703165004,retrieval_failure
Coronary Heart Disease,few_shot,3,MedGemma 1.0-27B,ollama,medgemma:27b,876856005,retrieval_failure
Coronary Heart Disease,few_shot,3,MedGemma 1.0-27B,ollama,medgemma:27b,194868001,retrieval_failure
Coronary Heart Disease,few_shot,3,MedGemma 1.0-27B,ollama,medgemma:27b,896691006,retrieval_failure
Coronary Heart Disease,few_shot,3,MedGemma 1.0-27B,ollama,medgemma:27b,44781000087105,retrieval_failure
Coronary Heart Disease,few_shot,3,MedGemma 1.0-27B,ollama,medgemma:27b,35441000087109,retrieval_failure
Coronary Heart Disease,few_shot,3,MedGemma 1.0-27B,ollama,medgemma:27b,896690007,retrieval_failure
Coronary Heart Disease,few_shot,3,MedGemma 1.0-27B,ollama,medgemma:27b,840313007,retrieval_failure
Coronary Heart Disease,few_shot,3,MedGemma 1.0-27B,ollama,medgemma:27b,194828000,retrieval_failure
Coronary Heart Disease,few_shot,3,MedGemma 1.0-27B,ollama,medgemma:27b,139011000119104,retrieval_failure
Coronary Heart Disease,few_shot,3,MedGemma 1.0-27B,ollama,medgemma:27b,1255256006,retrieval_failure
Coronary Heart Disease,few_shot,3,MedGemma 1.0-27B,ollama,medgemma:27b,314207007,retrieval_failure
Coronary Heart Disease,few_shot,3,MedGemma 1.0-27B,ollama,medgemma:27b,194866002,retrieval_failure
Coronary Heart Disease,few_shot,3,MedGemma 1.0-27B,ollama,medgemma:27b,70998009,retrieval_failure
Coronary Heart Disease,few_shot,3,MedGemma 1.0-27B,ollama,medgemma:27b,840608004,retrieval_failure
Coronary Heart Disease,few_shot,3,MedGemma 1.0-27B,ollama,medgemma:27b,712866001,retrieval_failure
Coronary Heart Disease,few_shot,3,MedGemma 1.0-27B,ollama,medgemma:27b,194867006,retrieval_failure
Coronary Heart Disease,few_shot,3,MedGemma 1.0-27B,ollama,medgemma:27b,46109009,retrieval_failure
Coronary Heart Disease,few_shot,3,MedGemma 1.0-27B,ollama,medgemma:27b,1254662003,retrieval_failure
Coronary Heart Disease,few_shot,3,MedGemma 1.0-27B,ollama,medgemma:27b,44821000087100,retrieval_failure
Coronary Heart Disease,few_shot,3,MedGemma 1.0-27B,ollama,medgemma:27b,233836002,retrieval_failure
Coronary Heart Disease,few_shot,3,MedGemma 1.0-27B,ollama,medgemma:27b,703253007,retrieval_failure
Coronary Heart Disease,few_shot,3,MedGemma 1.0-27B,ollama,medgemma:27b,1254666000,retrieval_failure
Coronary Heart Disease,few_shot,3,MedGemma 1.0-27B,ollama,medgemma:27b,868226001,retrieval_failure
Coronary Heart Disease,few_shot,3,MedGemma 1.0-27B,ollama,medgemma:27b,698378009,retrieval_failure
Coronary Heart Disease,few_shot,3,MedGemma 1.0-27B,ollama,medgemma:27b,1208867006,retrieval_failure
Coronary Heart Disease,few_shot,3,MedGemma 1.0-27B,ollama,medgemma:27b,285951000119105,retrieval_failure
Coronary Heart Disease,few_shot,3,MedGemma 1.0-27B,ollama,medgemma:27b,233840006,retrieval_failure
Coronary Heart Disease,few_shot,3,MedGemma 1.0-27B,ollama,medgemma:27b,308065005,retrieval_failure
Coronary Heart Disease,few_shot,3,MedGemma 1.0-27B,ollama,medgemma:27b,281093002,retrieval_failure
Coronary Heart Disease,few_shot,3,MedGemma 1.0-27B,ollama,medgemma:27b,35471000087101,retrieval_failure
Coronary Heart Disease,few_shot,3,MedGemma 1.0-27B,ollama,medgemma:27b,428196007,retrieval_failure
Coronary Heart Disease,few_shot,3,MedGemma 1.0-27B,ollama,medgemma:27b,371805005,generation_failure
Coronary Heart Disease,few_shot,3,MedGemma 1.0-27B,ollama,medgemma:27b,703214003,generation_failure
Coronary Heart Disease,few_shot,3,MedGemma 1.0-27B,ollama,medgemma:27b,233841005,retrieval_failure
Coronary Heart Disease,few_shot,3,MedGemma 1.0-27B,ollama,medgemma:27b,791000119109,retrieval_failure
Coronary Heart Disease,few_shot,3,MedGemma 1.0-27B,ollama,medgemma:27b,194863005,retrieval_failure
Coronary Heart Disease,few_shot,3,MedGemma 1.0-27B,ollama,medgemma:27b,15960141000119102,retrieval_failure
Coronary Heart Disease,few_shot,3,MedGemma 1.0-27B,ollama,medgemma:27b,736978009,retrieval_failure
Coronary Heart Disease,few_shot,3,MedGemma 1.0-27B,ollama,medgemma:27b,401303003,retrieval_failure
Coronary Heart Disease,few_shot,3,MedGemma 1.0-27B,ollama,medgemma:27b,35541000087108,retrieval_failure
Coronary Heart Disease,few_shot,3,MedGemma 1.0-27B,ollama,medgemma:27b,371068009,retrieval_failure
Coronary Heart Disease,few_shot,3,MedGemma 1.0-27B,ollama,medgemma:27b,879955009,retrieval_failure
Coronary Heart Disease,few_shot,3,MedGemma 1.0-27B,ollama,medgemma:27b,1089441000000103,retrieval_failure
Coronary Heart Disease,few_shot,3,MedGemma 1.0-27B,ollama,medgemma:27b,723859005,retrieval_failure
Coronary Heart Disease,few_shot,3,MedGemma 1.0-27B,ollama,medgemma:27b,233842003,retrieval_failure
Coronary Heart Disease,few_shot,3,MedGemma 1.0-27B,ollama,medgemma:27b,840680009,retrieval_failure
Coronary Heart Disease,few_shot,3,MedGemma 1.0-27B,ollama,medgemma:27b,16891191000119108,retrieval_failure
Coronary Heart Disease,few_shot,3,MedGemma 1.0-27B,ollama,medgemma:27b,868214006,retrieval_failure
Coronary Heart Disease,few_shot,3,MedGemma 1.0-27B,ollama,medgemma:27b,1163440003,retrieval_failure
Coronary Heart Disease,few_shot,3,MedGemma 1.0-27B,ollama,medgemma:27b,15713201000119105,retrieval_failure
Coronary Heart Disease,few_shot,3,MedGemma 1.0-27B,ollama,medgemma:27b,44791000087107,retrieval_failure
Coronary Heart Disease,few_shot,3,MedGemma 1.0-27B,ollama,medgemma:27b,233829003,retrieval_failure
Coronary Heart Disease,few_shot,3,MedGemma 1.0-27B,ollama,medgemma:27b,371812001,retrieval_failure
Coronary Heart Disease,few_shot,3,MedGemma 1.0-27B,ollama,medgemma:27b,442421004,retrieval_failure
Coronary Heart Disease,few_shot,3,MedGemma 1.0-27B,ollama,medgemma:27b,194823009,generation_failure
Coronary Heart Disease,chain_of_thought,1,MedGemma 1.0-27B,ollama,medgemma:27b,896697005,retrieval_failure
Coronary Heart Disease,chain_of_thought,1,MedGemma 1.0-27B,ollama,medgemma:27b,15712841000119100,retrieval_failure
Coronary Heart Disease,chain_of_thought,1,MedGemma 1.0-27B,ollama,medgemma:27b,703326006,retrieval_failure
Coronary Heart Disease,chain_of_thought,1,MedGemma 1.0-27B,ollama,medgemma:27b,233847009,retrieval_failure
Coronary Heart Disease,chain_of_thought,1,MedGemma 1.0-27B,ollama,medgemma:27b,1255624007,retrieval_failure
Coronary Heart Disease,chain_of_thought,1,MedGemma 1.0-27B,ollama,medgemma:27b,846667001,retrieval_failure
Coronary Heart Disease,chain_of_thought,1,MedGemma 1.0-27B,ollama,medgemma:27b,42531007,retrieval_failure
Coronary Heart Disease,chain_of_thought,1,MedGemma 1.0-27B,ollama,medgemma:27b,300995000,retrieval_failure
Coronary Heart Disease,chain_of_thought,1,MedGemma 1.0-27B,ollama,medgemma:27b,233834004,retrieval_failure
Coronary Heart Disease,chain_of_thought,1,MedGemma 1.0-27B,ollama,medgemma:27b,429559004,retrieval_failure
Coronary Heart Disease,chain_of_thought,1,MedGemma 1.0-27B,ollama,medgemma:27b,427919004,retrieval_failure
Coronary Heart Disease,chain_of_thought,1,MedGemma 1.0-27B,ollama,medgemma:27b,840309000,retrieval_failure
Coronary Heart Disease,chain_of_thought,1,MedGemma 1.0-27B,ollama,medgemma:27b,44801000087106,retrieval_failure
Coronary Heart Disease,chain_of_thought,1,MedGemma 1.0-27B,ollama,medgemma:27b,429391004,retrieval_failure
Coronary Heart Disease,chain_of_thought,1,MedGemma 1.0-27B,ollama,medgemma:27b,414545008,generation_failure
Coronary Heart Disease,chain_of_thought,1,MedGemma 1.0-27B,ollama,medgemma:27b,44851000087107,retrieval_failure
Coronary Heart Disease,chain_of_thought,1,MedGemma 1.0-27B,ollama,medgemma:27b,314116003,retrieval_failure
Coronary Heart Disease,chain_of_thought,1,MedGemma 1.0-27B,ollama,medgemma:27b,723861001,retrieval_failure
Coronary Heart Disease,chain_of_thought,1,MedGemma 1.0-27B,ollama,medgemma:27b,840312002,retrieval_failure
Coronary Heart Disease,chain_of_thought,1,MedGemma 1.0-27B,ollama,medgemma:27b,35481000087104,retrieval_failure
Coronary Heart Disease,chain_of_thought,1,MedGemma 1.0-27B,ollama,medgemma:27b,21470009,retrieval_failure
Coronary Heart Disease,chain_of_thought,1,MedGemma 1.0-27B,ollama,medgemma:27b,233823002,retrieval_failure
Coronary Heart Disease,chain_of_thought,1,MedGemma 1.0-27B,ollama,medgemma:27b,1204154001,retrieval_failure
Coronary Heart Disease,chain_of_thought,1,MedGemma 1.0-27B,ollama,medgemma:27b,44761000087104,retrieval_failure
Coronary Heart Disease,chain_of_thought,1,MedGemma 1.0-27B,ollama,medgemma:27b,42866003,retrieval_failure
Coronary Heart Disease,chain_of_thought,1,MedGemma 1.0-27B,ollama,medgemma:27b,35401000087106,retrieval_failure
Coronary Heart Disease,chain_of_thought,1,MedGemma 1.0-27B,ollama,medgemma:27b,233844002,generation_failure
Coronary Heart Disease,chain_of_thought,1,MedGemma 1.0-27B,ollama,medgemma:27b,846684007,retrieval_failure
Coronary Heart Disease,chain_of_thought,1,MedGemma 1.0-27B,ollama,medgemma:27b,461000119108,retrieval_failure
Coronary Heart Disease,chain_of_thought,1,MedGemma 1.0-27B,ollama,medgemma:27b,1204151009,retrieval_failure
Coronary Heart Disease,chain_of_thought,1,MedGemma 1.0-27B,ollama,medgemma:27b,394659003,generation_failure
Coronary Heart Disease,chain_of_thought,1,MedGemma 1.0-27B,ollama,medgemma:27b,868221006,retrieval_failure
Coronary Heart Disease,chain_of_thought,1,MedGemma 1.0-27B,ollama,medgemma:27b,703330009,retrieval_failure
Coronary Heart Disease,chain_of_thought,1,MedGemma 1.0-27B,ollama,medgemma:27b,15960981000119105,retrieval_failure
Coronary Heart Disease,chain_of_thought,1,MedGemma 1.0-27B,ollama,medgemma:27b,868216008,retrieval_failure
Coronary Heart Disease,chain_of_thought,1,MedGemma 1.0-27B,ollama,medgemma:27b,71023004,retrieval_failure
Coronary Heart Disease,chain_of_thought,1,MedGemma 1.0-27B,ollama,medgemma:27b,70422006,retrieval_failure
Coronary Heart Disease,chain_of_thought,1,MedGemma 1.0-27B,ollama,medgemma:27b,82522008,retrieval_failure
Coronary Heart Disease,chain_of_thought,1,MedGemma 1.0-27B,ollama,medgemma:27b,15960541000119107,retrieval_failure
Coronary Heart Disease,chain_of_thought,1,MedGemma 1.0-27B,ollama,medgemma:27b,233833005,retrieval_failure
Coronary Heart Disease,chain_of_thought,1,MedGemma 1.0-27B,ollama,medgemma:27b,868215007,retrieval_failure
Coronary Heart Disease,chain_of_thought,1,MedGemma 1.0-27B,ollama,medgemma:27b,399261000,retrieval_failure
Coronary Heart Disease,chain_of_thought,1,MedGemma 1.0-27B,ollama,medgemma:27b,194861007,retrieval_failure
Coronary Heart Disease,chain_of_thought,1,MedGemma 1.0-27B,ollama,medgemma:27b,233838001,retrieval_failure
Coronary Heart Disease,chain_of_thought,1,MedGemma 1.0-27B,ollama,medgemma:27b,251024009,generation_failure
Coronary Heart Disease,chain_of_thought,1,MedGemma 1.0-27B,ollama,medgemma:27b,836293000,retrieval_failure
Coronary Heart Disease,chain_of_thought,1,MedGemma 1.0-27B,ollama,medgemma:27b,44831000087103,retrieval_failure
Coronary Heart Disease,chain_of_thought,1,MedGemma 1.0-27B,ollama,medgemma:27b,868222004,retrieval_failure
Coronary Heart Disease,chain_of_thought,1,MedGemma 1.0-27B,ollama,medgemma:27b,723858002,retrieval_failure
Coronary Heart Disease,chain_of_thought,1,MedGemma 1.0-27B,ollama,medgemma:27b,41334000,retrieval_failure
Coronary Heart Disease,chain_of_thought,1,MedGemma 1.0-27B,ollama,medgemma:27b,35511000087107,retrieval_failure
Coronary Heart Disease,chain_of_thought,1,MedGemma 1.0-27B,ollama,medgemma:27b,233837006,retrieval_failure
Coronary Heart Disease,chain_of_thought,1,MedGemma 1.0-27B,ollama,medgemma:27b,429245005,retrieval_failure
Coronary Heart Disease,chain_of_thought,1,MedGemma 1.0-27B,ollama,medgemma:27b,35501000087105,retrieval_failure
Coronary Heart Disease,chain_of_thought,1,MedGemma 1.0-27B,ollama,medgemma:27b,413444003,retrieval_failure
Coronary Heart Disease,chain_of_thought,1,MedGemma 1.0-27B,ollama,medgemma:27b,233830008,retrieval_failure
Coronary Heart Disease,chain_of_thought,1,MedGemma 1.0-27B,ollama,medgemma:27b,16415081000119104,retrieval_failure
Coronary Heart Disease,chain_of_thought,1,MedGemma 1.0-27B,ollama,medgemma:27b,194857001,retrieval_failure
Coronary Heart Disease,chain_of_thought,1,MedGemma 1.0-27B,ollama,medgemma:27b,35581000087103,retrieval_failure
Coronary Heart Disease,chain_of_thought,1,MedGemma 1.0-27B,ollama,medgemma:27b,73795002,retrieval_failure
Coronary Heart Disease,chain_of_thought,1,MedGemma 1.0-27B,ollama,medgemma:27b,408546009,retrieval_failure
Coronary Heart Disease,chain_of_thought,1,MedGemma 1.0-27B,ollama,medgemma:27b,130541000119100,retrieval_failure
Coronary Heart Disease,chain_of_thought,1,MedGemma 1.0-27B,ollama,medgemma:27b,15713161000119100,retrieval_failure
Coronary Heart Disease,chain_of_thought,1,MedGemma 1.0-27B,ollama,medgemma:27b,194865003,retrieval_failure
Coronary Heart Disease,chain_of_thought,1,MedGemma 1.0-27B,ollama,medgemma:27b,1077002,retrieval_failure
Coronary Heart Disease,chain_of_thought,1,MedGemma 1.0-27B,ollama,medgemma:27b,698377004,retrieval_failure
Coronary Heart Disease,chain_of_thought,1,MedGemma 1.0-27B,ollama,medgemma:27b,1255622006,retrieval_failure
Coronary Heart Disease,chain_of_thought,1,MedGemma 1.0-27B,ollama,medgemma:27b,52035003,retrieval_failure
Coronary Heart Disease,chain_of_thought,1,MedGemma 1.0-27B,ollama,medgemma:27b,1254658009,retrieval_failure
Coronary Heart Disease,chain_of_thought,1,MedGemma 1.0-27B,ollama,medgemma:27b,1255258007,retrieval_failure
Coronary Heart Disease,chain_of_thought,1,MedGemma 1.0-27B,ollama,medgemma:27b,840316004,retrieval_failure
Coronary Heart Disease,chain_of_thought,1,MedGemma 1.0-27B,ollama,medgemma:27b,233885007,retrieval_failure
Coronary Heart Disease,chain_of_thought,1,MedGemma 1.0-27B,ollama,medgemma:27b,311793000,retrieval_failure
Coronary Heart Disease,chain_of_thought,1,MedGemma 1.0-27B,ollama,medgemma:27b,194862000,retrieval_failure
Coronary Heart Disease,chain_of_thought,1,MedGemma 1.0-27B,ollama,medgemma:27b,703251009,retrieval_failure
Coronary Heart Disease,chain_of_thought,1,MedGemma 1.0-27B,ollama,medgemma:27b,723862008,retrieval_failure
Coronary Heart Disease,chain_of_thought,1,MedGemma 1.0-27B,ollama,medgemma:27b,17531000119105,retrieval_failure
Coronary Heart Disease,chain_of_thought,1,MedGemma 1.0-27B,ollama,medgemma:27b,840310005,retrieval_failure
Coronary Heart Disease,chain_of_thought,1,MedGemma 1.0-27B,ollama,medgemma:27b,896696001,retrieval_failure
Coronary Heart Disease,chain_of_thought,1,MedGemma 1.0-27B,ollama,medgemma:27b,442240008,retrieval_failure
Coronary Heart Disease,chain_of_thought,1,MedGemma 1.0-27B,ollama,medgemma:27b,15960461000119105,retrieval_failure
Coronary Heart Disease,chain_of_thought,1,MedGemma 1.0-27B,ollama,medgemma:27b,703164000,retrieval_failure
Coronary Heart Disease,chain_of_thought,1,MedGemma 1.0-27B,ollama,medgemma:27b,414795007,retrieval_failure
Coronary Heart Disease,chain_of_thought,1,MedGemma 1.0-27B,ollama,medgemma:27b,394710008,retrieval_failure
Coronary Heart Disease,chain_of_thought,1,MedGemma 1.0-27B,ollama,medgemma:27b,868224003,retrieval_failure
Coronary Heart Disease,chain_of_thought,1,MedGemma 1.0-27B,ollama,medgemma:27b,58612006,retrieval_failure
Coronary Heart Disease,chain_of_thought,1,MedGemma 1.0-27B,ollama,medgemma:27b,836294006,retrieval_failure
Coronary Heart Disease,chain_of_thought,1,MedGemma 1.0-27B,ollama,medgemma:27b,70211005,retrieval_failure
Coronary Heart Disease,chain_of_thought,1,MedGemma 1.0-27B,ollama,medgemma:27b,285141000119106,retrieval_failure
Coronary Heart Disease,chain_of_thought,1,MedGemma 1.0-27B,ollama,medgemma:27b,371809004,retrieval_failure
Coronary Heart Disease,chain_of_thought,1,MedGemma 1.0-27B,ollama,medgemma:27b,1254659001,retrieval_failure
Coronary Heart Disease,chain_of_thought,1,MedGemma 1.0-27B,ollama,medgemma:27b,1204222000,retrieval_failure
Coronary Heart Disease,chain_of_thought,1,MedGemma 1.0-27B,ollama,medgemma:27b,311796008,retrieval_failure
Coronary Heart Disease,chain_of_thought,1,MedGemma 1.0-27B,ollama,medgemma:27b,315025001,retrieval_failure
Coronary Heart Disease,chain_of_thought,1,MedGemma 1.0-27B,ollama,medgemma:27b,194856005,retrieval_failure
Coronary Heart Disease,chain_of_thought,1,MedGemma 1.0-27B,ollama,medgemma:27b,15712881000119105,retrieval_failure
Coronary Heart Disease,chain_of_thought,1,MedGemma 1.0-27B,ollama,medgemma:27b,15713081000119108,retrieval_failure
Coronary Heart Disease,chain_of_thought,1,MedGemma 1.0-27B,ollama,medgemma:27b,233835003,retrieval_failure
Coronary Heart Disease,chain_of_thought,1,MedGemma 1.0-27B,ollama,medgemma:27b,15960061000119102,retrieval_failure
Coronary Heart Disease,chain_of_thought,1,MedGemma 1.0-27B,ollama,medgemma:27b,371803003,generation_failure
Coronary Heart Disease,chain_of_thought,1,MedGemma 1.0-27B,ollama,medgemma:27b,418044006,retrieval_failure
Coronary Heart Disease,chain_of_thought,1,MedGemma 1.0-27B,ollama,medgemma:27b,311792005,retrieval_failure
Coronary Heart Disease,chain_of_thought,1,MedGemma 1.0-27B,ollama,medgemma:27b,1163420005,retrieval_failure
Coronary Heart Disease,chain_of_thought,1,MedGemma 1.0-27B,ollama,medgemma:27b,285991000119100,retrieval_failure
Coronary Heart Disease,chain_of_thought,1,MedGemma 1.0-27B,ollama,medgemma:27b,62695002,retrieval_failure
Coronary Heart Disease,chain_of_thought,1,MedGemma 1.0-27B,ollama,medgemma:27b,44841000087109,retrieval_failure
Coronary Heart Disease,chain_of_thought,1,MedGemma 1.0-27B,ollama,medgemma:27b,868225002,retrieval_failure
Coronary Heart Disease,chain_of_thought,1,MedGemma 1.0-27B,ollama,medgemma:27b,304914007,retrieval_failure
Coronary Heart Disease,chain_of_thought,1,MedGemma 1.0-27B,ollama,medgemma:27b,76593002,retrieval_failure
Coronary Heart Disease,chain_of_thought,1,MedGemma 1.0-27B,ollama,medgemma:27b,92517006,retrieval_failure
Coronary Heart Disease,chain_of_thought,1,MedGemma 1.0-27B,ollama,medgemma:27b,726499301000119105,retrieval_failure
Coronary Heart Disease,chain_of_thought,1,MedGemma 1.0-27B,ollama,medgemma:27b,371810009,retrieval_failure
Coronary Heart Disease,chain_of_thought,1,MedGemma 1.0-27B,ollama,medgemma:27b,868219001,retrieval_failure
Coronary Heart Disease,chain_of_thought,1,MedGemma 1.0-27B,ollama,medgemma:27b,703213009,retrieval_failure
Coronary Heart Disease,chain_of_thought,1,MedGemma 1.0-27B,ollama,medgemma:27b,1293192009,generation_failure
Coronary Heart Disease,chain_of_thought,1,MedGemma 1.0-27B,ollama,medgemma:27b,35421000087100,retrieval_failure
Coronary Heart Disease,chain_of_thought,1,MedGemma 1.0-27B,ollama,medgemma:27b,44811000087108,retrieval_failure
Coronary Heart Disease,chain_of_thought,1,MedGemma 1.0-27B,ollama,medgemma:27b,1089471000000109,retrieval_failure
Coronary Heart Disease,chain_of_thought,1,MedGemma 1.0-27B,ollama,medgemma:27b,285151000119108,retrieval_failure
Coronary Heart Disease,chain_of_thought,1,MedGemma 1.0-27B,ollama,medgemma:27b,1641000119107,retrieval_failure
Coronary Heart Disease,chain_of_thought,1,MedGemma 1.0-27B,ollama,medgemma:27b,67682002,retrieval_failure
Coronary Heart Disease,chain_of_thought,1,MedGemma 1.0-27B,ollama,medgemma:27b,194809007,retrieval_failure
Coronary Heart Disease,chain_of_thought,1,MedGemma 1.0-27B,ollama,medgemma:27b,413838009,generation_failure
Coronary Heart Disease,chain_of_thought,1,MedGemma 1.0-27B,ollama,medgemma:27b,868223009,retrieval_failure
Coronary Heart Disease,chain_of_thought,1,MedGemma 1.0-27B,ollama,medgemma:27b,399211009,retrieval_failure
Coronary Heart Disease,chain_of_thought,1,MedGemma 1.0-27B,ollama,medgemma:27b,1255266003,retrieval_failure
Coronary Heart Disease,chain_of_thought,1,MedGemma 1.0-27B,ollama,medgemma:27b,429673002,retrieval_failure
Coronary Heart Disease,chain_of_thought,1,MedGemma 1.0-27B,ollama,medgemma:27b,1255257002,retrieval_failure
Coronary Heart Disease,chain_of_thought,1,MedGemma 1.0-27B,ollama,medgemma:27b,776219771000119107,retrieval_failure
Coronary Heart Disease,chain_of_thought,1,MedGemma 1.0-27B,ollama,medgemma:27b,11018701000119109,retrieval_failure
Coronary Heart Disease,chain_of_thought,1,MedGemma 1.0-27B,ollama,medgemma:27b,413439005,retrieval_failure
Coronary Heart Disease,chain_of_thought,1,MedGemma 1.0-27B,ollama,medgemma:27b,4557003,retrieval_failure
Coronary Heart Disease,chain_of_thought,1,MedGemma 1.0-27B,ollama,medgemma:27b,15960661000119107,retrieval_failure
Coronary Heart Disease,chain_of_thought,1,MedGemma 1.0-27B,ollama,medgemma:27b,703252002,retrieval_failure
Coronary Heart Disease,chain_of_thought,1,MedGemma 1.0-27B,ollama,medgemma:27b,64627002,retrieval_failure
Coronary Heart Disease,chain_of_thought,1,MedGemma 1.0-27B,ollama,medgemma:27b,15960381000119109,retrieval_failure
Coronary Heart Disease,chain_of_thought,1,MedGemma 1.0-27B,ollama,medgemma:27b,15960581000119102,retrieval_failure
Coronary Heart Disease,chain_of_thought,1,MedGemma 1.0-27B,ollama,medgemma:27b,371808007,retrieval_failure
Coronary Heart Disease,chain_of_thought,1,MedGemma 1.0-27B,ollama,medgemma:27b,387785661000119105,retrieval_failure
Coronary Heart Disease,chain_of_thought,1,MedGemma 1.0-27B,ollama,medgemma:27b,1255621004,retrieval_failure
Coronary Heart Disease,chain_of_thought,1,MedGemma 1.0-27B,ollama,medgemma:27b,35521000087104,retrieval_failure
Coronary Heart Disease,chain_of_thought,1,MedGemma 1.0-27B,ollama,medgemma:27b,15960741000119103,retrieval_failure
Coronary Heart Disease,chain_of_thought,1,MedGemma 1.0-27B,ollama,medgemma:27b,896691006,retrieval_failure
Coronary Heart Disease,chain_of_thought,1,MedGemma 1.0-27B,ollama,medgemma:27b,35441000087109,retrieval_failure
Coronary Heart Disease,chain_of_thought,1,MedGemma 1.0-27B,ollama,medgemma:27b,139011000119104,retrieval_failure
Coronary Heart Disease,chain_of_thought,1,MedGemma 1.0-27B,ollama,medgemma:27b,194866002,retrieval_failure
Coronary Heart Disease,chain_of_thought,1,MedGemma 1.0-27B,ollama,medgemma:27b,46109009,retrieval_failure
Coronary Heart Disease,chain_of_thought,1,MedGemma 1.0-27B,ollama,medgemma:27b,233836002,retrieval_failure
Coronary Heart Disease,chain_of_thought,1,MedGemma 1.0-27B,ollama,medgemma:27b,703253007,retrieval_failure
Coronary Heart Disease,chain_of_thought,1,MedGemma 1.0-27B,ollama,medgemma:27b,698378009,retrieval_failure
Coronary Heart Disease,chain_of_thought,1,MedGemma 1.0-27B,ollama,medgemma:27b,285951000119105,retrieval_failure
Coronary Heart Disease,chain_of_thought,1,MedGemma 1.0-27B,ollama,medgemma:27b,233840006,retrieval_failure
Coronary Heart Disease,chain_of_thought,1,MedGemma 1.0-27B,ollama,medgemma:27b,281093002,retrieval_failure
Coronary Heart Disease,chain_of_thought,1,MedGemma 1.0-27B,ollama,medgemma:27b,791000119109,retrieval_failure
Coronary Heart Disease,chain_of_thought,1,MedGemma 1.0-27B,ollama,medgemma:27b,194863005,retrieval_failure
Coronary Heart Disease,chain_of_thought,1,MedGemma 1.0-27B,ollama,medgemma:27b,15960141000119102,retrieval_failure
Coronary Heart Disease,chain_of_thought,1,MedGemma 1.0-27B,ollama,medgemma:27b,736978009,retrieval_failure
Coronary Heart Disease,chain_of_thought,1,MedGemma 1.0-27B,ollama,medgemma:27b,401303003,retrieval_failure
Coronary Heart Disease,chain_of_thought,1,MedGemma 1.0-27B,ollama,medgemma:27b,35541000087108,retrieval_failure
Coronary Heart Disease,chain_of_thought,1,MedGemma 1.0-27B,ollama,medgemma:27b,1089441000000103,retrieval_failure
Coronary Heart Disease,chain_of_thought,1,MedGemma 1.0-27B,ollama,medgemma:27b,16891191000119108,retrieval_failure
Coronary Heart Disease,chain_of_thought,1,MedGemma 1.0-27B,ollama,medgemma:27b,868214006,retrieval_failure
Coronary Heart Disease,chain_of_thought,1,MedGemma 1.0-27B,ollama,medgemma:27b,1163440003,retrieval_failure
Coronary Heart Disease,chain_of_thought,1,MedGemma 1.0-27B,ollama,medgemma:27b,44791000087107,retrieval_failure
Coronary Heart Disease,chain_of_thought,1,MedGemma 1.0-27B,ollama,medgemma:27b,442421004,retrieval_failure
Coronary Heart Disease,chain_of_thought,1,MedGemma 1.0-27B,ollama,medgemma:27b,194802003,retrieval_failure
Coronary Heart Disease,chain_of_thought,1,MedGemma 1.0-27B,ollama,medgemma:27b,35451000087107,retrieval_failure
Coronary Heart Disease,chain_of_thought,1,MedGemma 1.0-27B,ollama,medgemma:27b,281091000,retrieval_failure
Coronary Heart Disease,chain_of_thought,1,MedGemma 1.0-27B,ollama,medgemma:27b,15712921000119103,retrieval_failure
Coronary Heart Disease,chain_of_thought,1,MedGemma 1.0-27B,ollama,medgemma:27b,194821006,retrieval_failure
Coronary Heart Disease,chain_of_thought,1,MedGemma 1.0-27B,ollama,medgemma:27b,896689003,retrieval_failure
Coronary Heart Disease,chain_of_thought,1,MedGemma 1.0-27B,ollama,medgemma:27b,233970002,generation_failure
Coronary Heart Disease,chain_of_thought,1,MedGemma 1.0-27B,ollama,medgemma:27b,1254663008,retrieval_failure
Coronary Heart Disease,chain_of_thought,1,MedGemma 1.0-27B,ollama,medgemma:27b,307140009,retrieval_failure
Coronary Heart Disease,chain_of_thought,1,MedGemma 1.0-27B,ollama,medgemma:27b,371806006,retrieval_failure
Coronary Heart Disease,chain_of_thought,1,MedGemma 1.0-27B,ollama,medgemma:27b,840679006,retrieval_failure
Coronary Heart Disease,chain_of_thought,1,MedGemma 1.0-27B,ollama,medgemma:27b,1254660006,retrieval_failure
Coronary Heart Disease,chain_of_thought,1,MedGemma 1.0-27B,ollama,medgemma:27b,401314000,retrieval_failure
Coronary Heart Disease,chain_of_thought,1,MedGemma 1.0-27B,ollama,medgemma:27b,233817007,generation_failure
Coronary Heart Disease,chain_of_thought,1,MedGemma 1.0-27B,ollama,medgemma:27b,233828006,retrieval_failure
Coronary Heart Disease,chain_of_thought,1,MedGemma 1.0-27B,ollama,medgemma:27b,703328007,retrieval_failure
Coronary Heart Disease,chain_of_thought,1,MedGemma 1.0-27B,ollama,medgemma:27b,15713121000119105,retrieval_failure
Coronary Heart Disease,chain_of_thought,1,MedGemma 1.0-27B,ollama,medgemma:27b,32574007,retrieval_failure
Coronary Heart Disease,chain_of_thought,1,MedGemma 1.0-27B,ollama,medgemma:27b,16837681000119104,retrieval_failure
Coronary Heart Disease,chain_of_thought,1,MedGemma 1.0-27B,ollama,medgemma:27b,697976003,retrieval_failure
Coronary Heart Disease,chain_of_thought,1,MedGemma 1.0-27B,ollama,medgemma:27b,398274000,generation_failure
Coronary Heart Disease,chain_of_thought,1,MedGemma 1.0-27B,ollama,medgemma:27b,836295007,retrieval_failure
Coronary Heart Disease,chain_of_thought,1,MedGemma 1.0-27B,ollama,medgemma:27b,1269257006,retrieval_failure
Coronary Heart Disease,chain_of_thought,1,MedGemma 1.0-27B,ollama,medgemma:27b,129574000,retrieval_failure
Coronary Heart Disease,chain_of_thought,1,MedGemma 1.0-27B,ollama,medgemma:27b,876857001,retrieval_failure
Coronary Heart Disease,chain_of_thought,1,MedGemma 1.0-27B,ollama,medgemma:27b,1255569006,retrieval_failure
Coronary Heart Disease,chain_of_thought,1,MedGemma 1.0-27B,ollama,medgemma:27b,85284003,retrieval_failure
Coronary Heart Disease,chain_of_thought,1,MedGemma 1.0-27B,ollama,medgemma:27b,53741008,generation_failure
Coronary Heart Disease,chain_of_thought,1,MedGemma 1.0-27B,ollama,medgemma:27b,1255623001,retrieval_failure
Coronary Heart Disease,chain_of_thought,1,MedGemma 1.0-27B,ollama,medgemma:27b,19057007,retrieval_failure
Coronary Heart Disease,chain_of_thought,1,MedGemma 1.0-27B,ollama,medgemma:27b,413844008,retrieval_failure
Coronary Heart Disease,chain_of_thought,1,MedGemma 1.0-27B,ollama,medgemma:27b,15713041000119103,retrieval_failure
Coronary Heart Disease,chain_of_thought,1,MedGemma 1.0-27B,ollama,medgemma:27b,194849004,retrieval_failure
Coronary Heart Disease,chain_of_thought,1,MedGemma 1.0-27B,ollama,medgemma:27b,371811008,retrieval_failure
Coronary Heart Disease,chain_of_thought,1,MedGemma 1.0-27B,ollama,medgemma:27b,1204152002,retrieval_failure
Coronary Heart Disease,chain_of_thought,1,MedGemma 1.0-27B,ollama,medgemma:27b,35551000087106,retrieval_failure
Coronary Heart Disease,chain_of_thought,1,MedGemma 1.0-27B,ollama,medgemma:27b,282006,retrieval_failure
Coronary Heart Disease,chain_of_thought,1,MedGemma 1.0-27B,ollama,medgemma:27b,12238151000119107,retrieval_failure
Coronary Heart Disease,chain_of_thought,1,MedGemma 1.0-27B,ollama,medgemma:27b,1255265004,retrieval_failure
Coronary Heart Disease,chain_of_thought,1,MedGemma 1.0-27B,ollama,medgemma:27b,161503005,retrieval_failure
Coronary Heart Disease,chain_of_thought,1,MedGemma 1.0-27B,ollama,medgemma:27b,66189004,retrieval_failure
Coronary Heart Disease,chain_of_thought,1,MedGemma 1.0-27B,ollama,medgemma:27b,371807002,retrieval_failure
Coronary Heart Disease,chain_of_thought,1,MedGemma 1.0-27B,ollama,medgemma:27b,827163002,retrieval_failure
Coronary Heart Disease,chain_of_thought,1,MedGemma 1.0-27B,ollama,medgemma:27b,233827001,retrieval_failure
Coronary Heart Disease,chain_of_thought,1,MedGemma 1.0-27B,ollama,medgemma:27b,89323001,retrieval_failure
Coronary Heart Disease,chain_of_thought,1,MedGemma 1.0-27B,ollama,medgemma:27b,846668006,retrieval_failure
Coronary Heart Disease,chain_of_thought,1,MedGemma 1.0-27B,ollama,medgemma:27b,868217004,retrieval_failure
Coronary Heart Disease,chain_of_thought,1,MedGemma 1.0-27B,ollama,medgemma:27b,1089431000000107,retrieval_failure
Coronary Heart Disease,chain_of_thought,1,MedGemma 1.0-27B,ollama,medgemma:27b,15712961000119108,retrieval_failure
Coronary Heart Disease,chain_of_thought,1,MedGemma 1.0-27B,ollama,medgemma:27b,35928006,retrieval_failure
Coronary Heart Disease,chain_of_thought,1,MedGemma 1.0-27B,ollama,medgemma:27b,426856002,retrieval_failure
Coronary Heart Disease,chain_of_thought,1,MedGemma 1.0-27B,ollama,medgemma:27b,792842004,generation_failure
Coronary Heart Disease,chain_of_thought,1,MedGemma 1.0-27B,ollama,medgemma:27b,713405002,retrieval_failure
Coronary Heart Disease,chain_of_thought,1,MedGemma 1.0-27B,ollama,medgemma:27b,1254661005,retrieval_failure
Coronary Heart Disease,chain_of_thought,1,MedGemma 1.0-27B,ollama,medgemma:27b,724431008,retrieval_failure
Coronary Heart Disease,chain_of_thought,1,MedGemma 1.0-27B,ollama,medgemma:27b,444856008,retrieval_failure
Coronary Heart Disease,chain_of_thought,1,MedGemma 1.0-27B,ollama,medgemma:27b,703360004,retrieval_failure
Coronary Heart Disease,chain_of_thought,1,MedGemma 1.0-27B,ollama,medgemma:27b,35411000087108,retrieval_failure
Coronary Heart Disease,chain_of_thought,1,MedGemma 1.0-27B,ollama,medgemma:27b,103011000119106,generation_failure
Coronary Heart Disease,chain_of_thought,1,MedGemma 1.0-27B,ollama,medgemma:27b,35571000087100,retrieval_failure
Coronary Heart Disease,chain_of_thought,1,MedGemma 1.0-27B,ollama,medgemma:27b,840315000,retrieval_failure
Coronary Heart Disease,chain_of_thought,1,MedGemma 1.0-27B,ollama,medgemma:27b,194858006,retrieval_failure
Coronary Heart Disease,chain_of_thought,1,MedGemma 1.0-27B,ollama,medgemma:27b,35461000087105,retrieval_failure
Coronary Heart Disease,chain_of_thought,1,MedGemma 1.0-27B,ollama,medgemma:27b,65547006,retrieval_failure
Coronary Heart Disease,chain_of_thought,1,MedGemma 1.0-27B,ollama,medgemma:27b,23311000119105,retrieval_failure
Coronary Heart Disease,chain_of_thought,1,MedGemma 1.0-27B,ollama,medgemma:27b,1755008,retrieval_failure
Coronary Heart Disease,chain_of_thought,1,MedGemma 1.0-27B,ollama,medgemma:27b,233831007,retrieval_failure
Coronary Heart Disease,chain_of_thought,1,MedGemma 1.0-27B,ollama,medgemma:27b,61236006,retrieval_failure
Coronary Heart Disease,chain_of_thought,1,MedGemma 1.0-27B,ollama,medgemma:27b,194843003,generation_failure
Coronary Heart Disease,chain_of_thought,1,MedGemma 1.0-27B,ollama,medgemma:27b,1204155000,retrieval_failure
Coronary Heart Disease,chain_of_thought,1,MedGemma 1.0-27B,ollama,medgemma:27b,442224005,retrieval_failure
Coronary Heart Disease,chain_of_thought,1,MedGemma 1.0-27B,ollama,medgemma:27b,79009004,retrieval_failure
Coronary Heart Disease,chain_of_thought,1,MedGemma 1.0-27B,ollama,medgemma:27b,472100003,retrieval_failure
Coronary Heart Disease,chain_of_thought,1,MedGemma 1.0-27B,ollama,medgemma:27b,44771000087108,retrieval_failure
Coronary Heart Disease,chain_of_thought,1,MedGemma 1.0-27B,ollama,medgemma:27b,703210007,retrieval_failure
Coronary Heart Disease,chain_of_thought,1,MedGemma 1.0-27B,ollama,medgemma:27b,723860000,retrieval_failure
Coronary Heart Disease,chain_of_thought,1,MedGemma 1.0-27B,ollama,medgemma:27b,233825009,retrieval_failure
Coronary Heart Disease,chain_of_thought,1,MedGemma 1.0-27B,ollama,medgemma:27b,57054005,retrieval_failure
Coronary Heart Disease,chain_of_thought,1,MedGemma 1.0-27B,ollama,medgemma:27b,15960341000119104,retrieval_failure
Coronary Heart Disease,chain_of_thought,1,MedGemma 1.0-27B,ollama,medgemma:27b,15990001,retrieval_failure
Coronary Heart Disease,chain_of_thought,1,MedGemma 1.0-27B,ollama,medgemma:27b,35561000087109,retrieval_failure
Coronary Heart Disease,chain_of_thought,1,MedGemma 1.0-27B,ollama,medgemma:27b,285981000119103,retrieval_failure
Coronary Heart Disease,chain_of_thought,1,MedGemma 1.0-27B,ollama,medgemma:27b,22298006,generation_failure
Coronary Heart Disease,chain_of_thought,1,MedGemma 1.0-27B,ollama,medgemma:27b,233846000,retrieval_failure
Coronary Heart Disease,chain_of_thought,1,MedGemma 1.0-27B,ollama,medgemma:27b,78741000119103,retrieval_failure
Coronary Heart Disease,chain_of_thought,1,MedGemma 1.0-27B,ollama,medgemma:27b,444855007,retrieval_failure
Coronary Heart Disease,chain_of_thought,1,MedGemma 1.0-27B,ollama,medgemma:27b,161502000,retrieval_failure
Coronary Heart Disease,chain_of_thought,1,MedGemma 1.0-27B,ollama,medgemma:27b,59063002,retrieval_failure
Coronary Heart Disease,chain_of_thought,1,MedGemma 1.0-27B,ollama,medgemma:27b,827164008,retrieval_failure
Coronary Heart Disease,chain_of_thought,1,MedGemma 1.0-27B,ollama,medgemma:27b,876858006,retrieval_failure
Coronary Heart Disease,chain_of_thought,1,MedGemma 1.0-27B,ollama,medgemma:27b,10971000087107,retrieval_failure
Coronary Heart Disease,chain_of_thought,1,MedGemma 1.0-27B,ollama,medgemma:27b,868220007,retrieval_failure
Coronary Heart Disease,chain_of_thought,1,MedGemma 1.0-27B,ollama,medgemma:27b,281092007,retrieval_failure
Coronary Heart Disease,chain_of_thought,1,MedGemma 1.0-27B,ollama,medgemma:27b,703212004,retrieval_failure
Coronary Heart Disease,chain_of_thought,1,MedGemma 1.0-27B,ollama,medgemma:27b,117051000119103,retrieval_failure
Coronary Heart Disease,chain_of_thought,1,MedGemma 1.0-27B,ollama,medgemma:27b,35491000087102,retrieval_failure
Coronary Heart Disease,chain_of_thought,1,MedGemma 1.0-27B,ollama,medgemma:27b,59021001,retrieval_failure
Coronary Heart Disease,chain_of_thought,1,MedGemma 1.0-27B,ollama,medgemma:27b,1222625002,retrieval_failure
Coronary Heart Disease,chain_of_thought,1,MedGemma 1.0-27B,ollama,medgemma:27b,16891151000119103,retrieval_failure
Coronary Heart Disease,chain_of_thought,1,MedGemma 1.0-27B,ollama,medgemma:27b,1254657004,retrieval_failure
Coronary Heart Disease,chain_of_thought,1,MedGemma 1.0-27B,ollama,medgemma:27b,703211006,retrieval_failure
Coronary Heart Disease,chain_of_thought,1,MedGemma 1.0-27B,ollama,medgemma:27b,123641001,retrieval_failure
Coronary Heart Disease,chain_of_thought,1,MedGemma 1.0-27B,ollama,medgemma:27b,698593009,retrieval_failure
Coronary Heart Disease,chain_of_thought,1,MedGemma 1.0-27B,ollama,medgemma:27b,25106000,retrieval_failure
Coronary Heart Disease,chain_of_thought,1,MedGemma 1.0-27B,ollama,medgemma:27b,233819005,retrieval_failure
Coronary Heart Disease,chain_of_thought,1,MedGemma 1.0-27B,ollama,medgemma:27b,225566008,retrieval_failure
Coronary Heart Disease,chain_of_thought,1,MedGemma 1.0-27B,ollama,medgemma:27b,233843008,retrieval_failure
Coronary Heart Disease,chain_of_thought,1,MedGemma 1.0-27B,ollama,medgemma:27b,233826005,retrieval_failure
Coronary Heart Disease,chain_of_thought,1,MedGemma 1.0-27B,ollama,medgemma:27b,35431000087103,retrieval_failure
Coronary Heart Disease,chain_of_thought,1,MedGemma 1.0-27B,ollama,medgemma:27b,10273003,retrieval_failure
Coronary Heart Disease,chain_of_thought,1,MedGemma 1.0-27B,ollama,medgemma:27b,12238111000119106,retrieval_failure
Coronary Heart Disease,chain_of_thought,1,MedGemma 1.0-27B,ollama,medgemma:27b,1208873007,retrieval_failure
Coronary Heart Disease,chain_of_thought,1,MedGemma 1.0-27B,ollama,medgemma:27b,233821000,retrieval_failure
Coronary Heart Disease,chain_of_thought,1,MedGemma 1.0-27B,ollama,medgemma:27b,876859003,retrieval_failure
Coronary Heart Disease,chain_of_thought,1,MedGemma 1.0-27B,ollama,medgemma:27b,30277009,retrieval_failure
Coronary Heart Disease,chain_of_thought,1,MedGemma 1.0-27B,ollama,medgemma:27b,840609007,retrieval_failure
Coronary Heart Disease,chain_of_thought,1,MedGemma 1.0-27B,ollama,medgemma:27b,315026000,retrieval_failure
Coronary Heart Disease,chain_of_thought,1,MedGemma 1.0-27B,ollama,medgemma:27b,233839009,retrieval_failure
Coronary Heart Disease,chain_of_thought,1,MedGemma 1.0-27B,ollama,medgemma:27b,1208872002,retrieval_failure
Coronary Heart Disease,chain_of_thought,1,MedGemma 1.0-27B,ollama,medgemma:27b,846683001,retrieval_failure
Coronary Heart Disease,chain_of_thought,1,MedGemma 1.0-27B,ollama,medgemma:27b,61490001,retrieval_failure
Coronary Heart Disease,chain_of_thought,1,MedGemma 1.0-27B,ollama,medgemma:27b,703209002,retrieval_failure
Coronary Heart Disease,chain_of_thought,1,MedGemma 1.0-27B,ollama,medgemma:27b,15713001000119100,retrieval_failure
Coronary Heart Disease,chain_of_thought,1,MedGemma 1.0-27B,ollama,medgemma:27b,428752002,retrieval_failure
Coronary Heart Disease,chain_of_thought,1,MedGemma 1.0-27B,ollama,medgemma:27b,123642008,retrieval_failure
Coronary Heart Disease,chain_of_thought,1,MedGemma 1.0-27B,ollama,medgemma:27b,54329005,retrieval_failure
Coronary Heart Disease,chain_of_thought,1,MedGemma 1.0-27B,ollama,medgemma:27b,1089451000000100,retrieval_failure
Coronary Heart Disease,chain_of_thought,1,MedGemma 1.0-27B,ollama,medgemma:27b,233832000,retrieval_failure
Coronary Heart Disease,chain_of_thought,1,MedGemma 1.0-27B,ollama,medgemma:27b,285721000119104,retrieval_failure
Coronary Heart Disease,chain_of_thought,1,MedGemma 1.0-27B,ollama,medgemma:27b,703165004,retrieval_failure
Coronary Heart Disease,chain_of_thought,1,MedGemma 1.0-27B,ollama,medgemma:27b,876856005,retrieval_failure
Coronary Heart Disease,chain_of_thought,1,MedGemma 1.0-27B,ollama,medgemma:27b,194868001,retrieval_failure
Coronary Heart Disease,chain_of_thought,1,MedGemma 1.0-27B,ollama,medgemma:27b,44781000087105,retrieval_failure
Coronary Heart Disease,chain_of_thought,1,MedGemma 1.0-27B,ollama,medgemma:27b,896690007,retrieval_failure
Coronary Heart Disease,chain_of_thought,1,MedGemma 1.0-27B,ollama,medgemma:27b,840313007,retrieval_failure
Coronary Heart Disease,chain_of_thought,1,MedGemma 1.0-27B,ollama,medgemma:27b,194828000,retrieval_failure
Coronary Heart Disease,chain_of_thought,1,MedGemma 1.0-27B,ollama,medgemma:27b,63739005,generation_failure
Coronary Heart Disease,chain_of_thought,1,MedGemma 1.0-27B,ollama,medgemma:27b,1255256006,retrieval_failure
Coronary Heart Disease,chain_of_thought,1,MedGemma 1.0-27B,ollama,medgemma:27b,314207007,retrieval_failure
Coronary Heart Disease,chain_of_thought,1,MedGemma 1.0-27B,ollama,medgemma:27b,70998009,retrieval_failure
Coronary Heart Disease,chain_of_thought,1,MedGemma 1.0-27B,ollama,medgemma:27b,840608004,retrieval_failure
Coronary Heart Disease,chain_of_thought,1,MedGemma 1.0-27B,ollama,medgemma:27b,712866001,retrieval_failure
Coronary Heart Disease,chain_of_thought,1,MedGemma 1.0-27B,ollama,medgemma:27b,194867006,retrieval_failure
Coronary Heart Disease,chain_of_thought,1,MedGemma 1.0-27B,ollama,medgemma:27b,1254662003,retrieval_failure
Coronary Heart Disease,chain_of_thought,1,MedGemma 1.0-27B,ollama,medgemma:27b,44821000087100,retrieval_failure
Coronary Heart Disease,chain_of_thought,1,MedGemma 1.0-27B,ollama,medgemma:27b,1254666000,retrieval_failure
Coronary Heart Disease,chain_of_thought,1,MedGemma 1.0-27B,ollama,medgemma:27b,868226001,retrieval_failure
Coronary Heart Disease,chain_of_thought,1,MedGemma 1.0-27B,ollama,medgemma:27b,1208867006,retrieval_failure
Coronary Heart Disease,chain_of_thought,1,MedGemma 1.0-27B,ollama,medgemma:27b,308065005,retrieval_failure
Coronary Heart Disease,chain_of_thought,1,MedGemma 1.0-27B,ollama,medgemma:27b,35471000087101,retrieval_failure
Coronary Heart Disease,chain_of_thought,1,MedGemma 1.0-27B,ollama,medgemma:27b,428196007,retrieval_failure
Coronary Heart Disease,chain_of_thought,1,MedGemma 1.0-27B,ollama,medgemma:27b,371805005,generation_failure
Coronary Heart Disease,chain_of_thought,1,MedGemma 1.0-27B,ollama,medgemma:27b,703214003,generation_failure
Coronary Heart Disease,chain_of_thought,1,MedGemma 1.0-27B,ollama,medgemma:27b,233841005,retrieval_failure
Coronary Heart Disease,chain_of_thought,1,MedGemma 1.0-27B,ollama,medgemma:27b,371068009,retrieval_failure
Coronary Heart Disease,chain_of_thought,1,MedGemma 1.0-27B,ollama,medgemma:27b,879955009,retrieval_failure
Coronary Heart Disease,chain_of_thought,1,MedGemma 1.0-27B,ollama,medgemma:27b,723859005,retrieval_failure
Coronary Heart Disease,chain_of_thought,1,MedGemma 1.0-27B,ollama,medgemma:27b,233842003,retrieval_failure
Coronary Heart Disease,chain_of_thought,1,MedGemma 1.0-27B,ollama,medgemma:27b,840680009,retrieval_failure
Coronary Heart Disease,chain_of_thought,1,MedGemma 1.0-27B,ollama,medgemma:27b,15713201000119105,retrieval_failure
Coronary Heart Disease,chain_of_thought,1,MedGemma 1.0-27B,ollama,medgemma:27b,233829003,retrieval_failure
Coronary Heart Disease,chain_of_thought,1,MedGemma 1.0-27B,ollama,medgemma:27b,371812001,retrieval_failure
Coronary Heart Disease,chain_of_thought,1,MedGemma 1.0-27B,ollama,medgemma:27b,194823009,generation_failure
Coronary Heart Disease,chain_of_thought,2,MedGemma 1.0-27B,ollama,medgemma:27b,896697005,retrieval_failure
Coronary Heart Disease,chain_of_thought,2,MedGemma 1.0-27B,ollama,medgemma:27b,15712841000119100,retrieval_failure
Coronary Heart Disease,chain_of_thought,2,MedGemma 1.0-27B,ollama,medgemma:27b,703326006,retrieval_failure
Coronary Heart Disease,chain_of_thought,2,MedGemma 1.0-27B,ollama,medgemma:27b,233847009,retrieval_failure
Coronary Heart Disease,chain_of_thought,2,MedGemma 1.0-27B,ollama,medgemma:27b,1255624007,retrieval_failure
Coronary Heart Disease,chain_of_thought,2,MedGemma 1.0-27B,ollama,medgemma:27b,846667001,retrieval_failure
Coronary Heart Disease,chain_of_thought,2,MedGemma 1.0-27B,ollama,medgemma:27b,42531007,retrieval_failure
Coronary Heart Disease,chain_of_thought,2,MedGemma 1.0-27B,ollama,medgemma:27b,300995000,retrieval_failure
Coronary Heart Disease,chain_of_thought,2,MedGemma 1.0-27B,ollama,medgemma:27b,233834004,retrieval_failure
Coronary Heart Disease,chain_of_thought,2,MedGemma 1.0-27B,ollama,medgemma:27b,429559004,retrieval_failure
Coronary Heart Disease,chain_of_thought,2,MedGemma 1.0-27B,ollama,medgemma:27b,427919004,retrieval_failure
Coronary Heart Disease,chain_of_thought,2,MedGemma 1.0-27B,ollama,medgemma:27b,840309000,retrieval_failure
Coronary Heart Disease,chain_of_thought,2,MedGemma 1.0-27B,ollama,medgemma:27b,44801000087106,retrieval_failure
Coronary Heart Disease,chain_of_thought,2,MedGemma 1.0-27B,ollama,medgemma:27b,429391004,retrieval_failure
Coronary Heart Disease,chain_of_thought,2,MedGemma 1.0-27B,ollama,medgemma:27b,414545008,generation_failure
Coronary Heart Disease,chain_of_thought,2,MedGemma 1.0-27B,ollama,medgemma:27b,44851000087107,retrieval_failure
Coronary Heart Disease,chain_of_thought,2,MedGemma 1.0-27B,ollama,medgemma:27b,314116003,retrieval_failure
Coronary Heart Disease,chain_of_thought,2,MedGemma 1.0-27B,ollama,medgemma:27b,723861001,retrieval_failure
Coronary Heart Disease,chain_of_thought,2,MedGemma 1.0-27B,ollama,medgemma:27b,840312002,retrieval_failure
Coronary Heart Disease,chain_of_thought,2,MedGemma 1.0-27B,ollama,medgemma:27b,35481000087104,retrieval_failure
Coronary Heart Disease,chain_of_thought,2,MedGemma 1.0-27B,ollama,medgemma:27b,21470009,retrieval_failure
Coronary Heart Disease,chain_of_thought,2,MedGemma 1.0-27B,ollama,medgemma:27b,233823002,retrieval_failure
Coronary Heart Disease,chain_of_thought,2,MedGemma 1.0-27B,ollama,medgemma:27b,1204154001,retrieval_failure
Coronary Heart Disease,chain_of_thought,2,MedGemma 1.0-27B,ollama,medgemma:27b,44761000087104,retrieval_failure
Coronary Heart Disease,chain_of_thought,2,MedGemma 1.0-27B,ollama,medgemma:27b,42866003,retrieval_failure
Coronary Heart Disease,chain_of_thought,2,MedGemma 1.0-27B,ollama,medgemma:27b,35401000087106,retrieval_failure
Coronary Heart Disease,chain_of_thought,2,MedGemma 1.0-27B,ollama,medgemma:27b,846684007,retrieval_failure
Coronary Heart Disease,chain_of_thought,2,MedGemma 1.0-27B,ollama,medgemma:27b,461000119108,retrieval_failure
Coronary Heart Disease,chain_of_thought,2,MedGemma 1.0-27B,ollama,medgemma:27b,1204151009,retrieval_failure
Coronary Heart Disease,chain_of_thought,2,MedGemma 1.0-27B,ollama,medgemma:27b,394659003,generation_failure
Coronary Heart Disease,chain_of_thought,2,MedGemma 1.0-27B,ollama,medgemma:27b,868221006,retrieval_failure
Coronary Heart Disease,chain_of_thought,2,MedGemma 1.0-27B,ollama,medgemma:27b,703330009,retrieval_failure
Coronary Heart Disease,chain_of_thought,2,MedGemma 1.0-27B,ollama,medgemma:27b,15960981000119105,retrieval_failure
Coronary Heart Disease,chain_of_thought,2,MedGemma 1.0-27B,ollama,medgemma:27b,868216008,retrieval_failure
Coronary Heart Disease,chain_of_thought,2,MedGemma 1.0-27B,ollama,medgemma:27b,71023004,retrieval_failure
Coronary Heart Disease,chain_of_thought,2,MedGemma 1.0-27B,ollama,medgemma:27b,70422006,retrieval_failure
Coronary Heart Disease,chain_of_thought,2,MedGemma 1.0-27B,ollama,medgemma:27b,82522008,retrieval_failure
Coronary Heart Disease,chain_of_thought,2,MedGemma 1.0-27B,ollama,medgemma:27b,15960541000119107,retrieval_failure
Coronary Heart Disease,chain_of_thought,2,MedGemma 1.0-27B,ollama,medgemma:27b,233833005,retrieval_failure
Coronary Heart Disease,chain_of_thought,2,MedGemma 1.0-27B,ollama,medgemma:27b,868215007,retrieval_failure
Coronary Heart Disease,chain_of_thought,2,MedGemma 1.0-27B,ollama,medgemma:27b,399261000,retrieval_failure
Coronary Heart Disease,chain_of_thought,2,MedGemma 1.0-27B,ollama,medgemma:27b,194861007,retrieval_failure
Coronary Heart Disease,chain_of_thought,2,MedGemma 1.0-27B,ollama,medgemma:27b,233838001,retrieval_failure
Coronary Heart Disease,chain_of_thought,2,MedGemma 1.0-27B,ollama,medgemma:27b,251024009,generation_failure
Coronary Heart Disease,chain_of_thought,2,MedGemma 1.0-27B,ollama,medgemma:27b,836293000,retrieval_failure
Coronary Heart Disease,chain_of_thought,2,MedGemma 1.0-27B,ollama,medgemma:27b,44831000087103,retrieval_failure
Coronary Heart Disease,chain_of_thought,2,MedGemma 1.0-27B,ollama,medgemma:27b,868222004,retrieval_failure
Coronary Heart Disease,chain_of_thought,2,MedGemma 1.0-27B,ollama,medgemma:27b,723858002,retrieval_failure
Coronary Heart Disease,chain_of_thought,2,MedGemma 1.0-27B,ollama,medgemma:27b,41334000,retrieval_failure
Coronary Heart Disease,chain_of_thought,2,MedGemma 1.0-27B,ollama,medgemma:27b,35511000087107,retrieval_failure
Coronary Heart Disease,chain_of_thought,2,MedGemma 1.0-27B,ollama,medgemma:27b,233837006,retrieval_failure
Coronary Heart Disease,chain_of_thought,2,MedGemma 1.0-27B,ollama,medgemma:27b,429245005,retrieval_failure
Coronary Heart Disease,chain_of_thought,2,MedGemma 1.0-27B,ollama,medgemma:27b,35501000087105,retrieval_failure
Coronary Heart Disease,chain_of_thought,2,MedGemma 1.0-27B,ollama,medgemma:27b,413444003,retrieval_failure
Coronary Heart Disease,chain_of_thought,2,MedGemma 1.0-27B,ollama,medgemma:27b,233830008,retrieval_failure
Coronary Heart Disease,chain_of_thought,2,MedGemma 1.0-27B,ollama,medgemma:27b,16415081000119104,retrieval_failure
Coronary Heart Disease,chain_of_thought,2,MedGemma 1.0-27B,ollama,medgemma:27b,194857001,retrieval_failure
Coronary Heart Disease,chain_of_thought,2,MedGemma 1.0-27B,ollama,medgemma:27b,35581000087103,retrieval_failure
Coronary Heart Disease,chain_of_thought,2,MedGemma 1.0-27B,ollama,medgemma:27b,73795002,retrieval_failure
Coronary Heart Disease,chain_of_thought,2,MedGemma 1.0-27B,ollama,medgemma:27b,408546009,retrieval_failure
Coronary Heart Disease,chain_of_thought,2,MedGemma 1.0-27B,ollama,medgemma:27b,130541000119100,retrieval_failure
Coronary Heart Disease,chain_of_thought,2,MedGemma 1.0-27B,ollama,medgemma:27b,15713161000119100,retrieval_failure
Coronary Heart Disease,chain_of_thought,2,MedGemma 1.0-27B,ollama,medgemma:27b,194865003,retrieval_failure
Coronary Heart Disease,chain_of_thought,2,MedGemma 1.0-27B,ollama,medgemma:27b,1077002,retrieval_failure
Coronary Heart Disease,chain_of_thought,2,MedGemma 1.0-27B,ollama,medgemma:27b,698377004,retrieval_failure
Coronary Heart Disease,chain_of_thought,2,MedGemma 1.0-27B,ollama,medgemma:27b,1255622006,retrieval_failure
Coronary Heart Disease,chain_of_thought,2,MedGemma 1.0-27B,ollama,medgemma:27b,52035003,retrieval_failure
Coronary Heart Disease,chain_of_thought,2,MedGemma 1.0-27B,ollama,medgemma:27b,1254658009,retrieval_failure
Coronary Heart Disease,chain_of_thought,2,MedGemma 1.0-27B,ollama,medgemma:27b,420006002,generation_failure
Coronary Heart Disease,chain_of_thought,2,MedGemma 1.0-27B,ollama,medgemma:27b,1255258007,retrieval_failure
Coronary Heart Disease,chain_of_thought,2,MedGemma 1.0-27B,ollama,medgemma:27b,840316004,retrieval_failure
Coronary Heart Disease,chain_of_thought,2,MedGemma 1.0-27B,ollama,medgemma:27b,233885007,retrieval_failure
Coronary Heart Disease,chain_of_thought,2,MedGemma 1.0-27B,ollama,medgemma:27b,311793000,retrieval_failure
Coronary Heart Disease,chain_of_thought,2,MedGemma 1.0-27B,ollama,medgemma:27b,194862000,retrieval_failure
Coronary Heart Disease,chain_of_thought,2,MedGemma 1.0-27B,ollama,medgemma:27b,703251009,retrieval_failure
Coronary Heart Disease,chain_of_thought,2,MedGemma 1.0-27B,ollama,medgemma:27b,723862008,retrieval_failure
Coronary Heart Disease,chain_of_thought,2,MedGemma 1.0-27B,ollama,medgemma:27b,17531000119105,retrieval_failure
Coronary Heart Disease,chain_of_thought,2,MedGemma 1.0-27B,ollama,medgemma:27b,840310005,retrieval_failure
Coronary Heart Disease,chain_of_thought,2,MedGemma 1.0-27B,ollama,medgemma:27b,896696001,retrieval_failure
Coronary Heart Disease,chain_of_thought,2,MedGemma 1.0-27B,ollama,medgemma:27b,442240008,retrieval_failure
Coronary Heart Disease,chain_of_thought,2,MedGemma 1.0-27B,ollama,medgemma:27b,15960461000119105,retrieval_failure
Coronary Heart Disease,chain_of_thought,2,MedGemma 1.0-27B,ollama,medgemma:27b,703164000,retrieval_failure
Coronary Heart Disease,chain_of_thought,2,MedGemma 1.0-27B,ollama,medgemma:27b,414795007,retrieval_failure
Coronary Heart Disease,chain_of_thought,2,MedGemma 1.0-27B,ollama,medgemma:27b,394710008,retrieval_failure
Coronary Heart Disease,chain_of_thought,2,MedGemma 1.0-27B,ollama,medgemma:27b,868224003,retrieval_failure
Coronary Heart Disease,chain_of_thought,2,MedGemma 1.0-27B,ollama,medgemma:27b,58612006,retrieval_failure
Coronary Heart Disease,chain_of_thought,2,MedGemma 1.0-27B,ollama,medgemma:27b,836294006,retrieval_failure
Coronary Heart Disease,chain_of_thought,2,MedGemma 1.0-27B,ollama,medgemma:27b,70211005,retrieval_failure
Coronary Heart Disease,chain_of_thought,2,MedGemma 1.0-27B,ollama,medgemma:27b,285141000119106,retrieval_failure
Coronary Heart Disease,chain_of_thought,2,MedGemma 1.0-27B,ollama,medgemma:27b,371809004,retrieval_failure
Coronary Heart Disease,chain_of_thought,2,MedGemma 1.0-27B,ollama,medgemma:27b,1254659001,retrieval_failure
Coronary Heart Disease,chain_of_thought,2,MedGemma 1.0-27B,ollama,medgemma:27b,1204222000,retrieval_failure
Coronary Heart Disease,chain_of_thought,2,MedGemma 1.0-27B,ollama,medgemma:27b,311796008,retrieval_failure
Coronary Heart Disease,chain_of_thought,2,MedGemma 1.0-27B,ollama,medgemma:27b,810681000000101,generation_failure
Coronary Heart Disease,chain_of_thought,2,MedGemma 1.0-27B,ollama,medgemma:27b,315025001,retrieval_failure
Coronary Heart Disease,chain_of_thought,2,MedGemma 1.0-27B,ollama,medgemma:27b,315348000,generation_failure
Coronary Heart Disease,chain_of_thought,2,MedGemma 1.0-27B,ollama,medgemma:27b,194856005,retrieval_failure
Coronary Heart Disease,chain_of_thought,2,MedGemma 1.0-27B,ollama,medgemma:27b,15712881000119105,retrieval_failure
Coronary Heart Disease,chain_of_thought,2,MedGemma 1.0-27B,ollama,medgemma:27b,15713081000119108,retrieval_failure
Coronary Heart Disease,chain_of_thought,2,MedGemma 1.0-27B,ollama,medgemma:27b,233835003,retrieval_failure
Coronary Heart Disease,chain_of_thought,2,MedGemma 1.0-27B,ollama,medgemma:27b,15960061000119102,retrieval_failure
Coronary Heart Disease,chain_of_thought,2,MedGemma 1.0-27B,ollama,medgemma:27b,418044006,retrieval_failure
Coronary Heart Disease,chain_of_thought,2,MedGemma 1.0-27B,ollama,medgemma:27b,194842008,generation_failure
Coronary Heart Disease,chain_of_thought,2,MedGemma 1.0-27B,ollama,medgemma:27b,311792005,retrieval_failure
Coronary Heart Disease,chain_of_thought,2,MedGemma 1.0-27B,ollama,medgemma:27b,1163420005,retrieval_failure
Coronary Heart Disease,chain_of_thought,2,MedGemma 1.0-27B,ollama,medgemma:27b,285991000119100,retrieval_failure
Coronary Heart Disease,chain_of_thought,2,MedGemma 1.0-27B,ollama,medgemma:27b,62695002,retrieval_failure
Coronary Heart Disease,chain_of_thought,2,MedGemma 1.0-27B,ollama,medgemma:27b,44841000087109,retrieval_failure
Coronary Heart Disease,chain_of_thought,2,MedGemma 1.0-27B,ollama,medgemma:27b,868225002,retrieval_failure
Coronary Heart Disease,chain_of_thought,2,MedGemma 1.0-27B,ollama,medgemma:27b,304914007,retrieval_failure
Coronary Heart Disease,chain_of_thought,2,MedGemma 1.0-27B,ollama,medgemma:27b,76593002,retrieval_failure
Coronary Heart Disease,chain_of_thought,2,MedGemma 1.0-27B,ollama,medgemma:27b,92517006,retrieval_failure
Coronary Heart Disease,chain_of_thought,2,MedGemma 1.0-27B,ollama,medgemma:27b,726499301000119105,retrieval_failure
Coronary Heart Disease,chain_of_thought,2,MedGemma 1.0-27B,ollama,medgemma:27b,371810009,retrieval_failure
Coronary Heart Disease,chain_of_thought,2,MedGemma 1.0-27B,ollama,medgemma:27b,868219001,retrieval_failure
Coronary Heart Disease,chain_of_thought,2,MedGemma 1.0-27B,ollama,medgemma:27b,703213009,retrieval_failure
Coronary Heart Disease,chain_of_thought,2,MedGemma 1.0-27B,ollama,medgemma:27b,1293192009,generation_failure
Coronary Heart Disease,chain_of_thought,2,MedGemma 1.0-27B,ollama,medgemma:27b,35421000087100,retrieval_failure
Coronary Heart Disease,chain_of_thought,2,MedGemma 1.0-27B,ollama,medgemma:27b,44811000087108,retrieval_failure
Coronary Heart Disease,chain_of_thought,2,MedGemma 1.0-27B,ollama,medgemma:27b,1089471000000109,retrieval_failure
Coronary Heart Disease,chain_of_thought,2,MedGemma 1.0-27B,ollama,medgemma:27b,285151000119108,retrieval_failure
Coronary Heart Disease,chain_of_thought,2,MedGemma 1.0-27B,ollama,medgemma:27b,1641000119107,retrieval_failure
Coronary Heart Disease,chain_of_thought,2,MedGemma 1.0-27B,ollama,medgemma:27b,67682002,retrieval_failure
Coronary Heart Disease,chain_of_thought,2,MedGemma 1.0-27B,ollama,medgemma:27b,194809007,retrieval_failure
Coronary Heart Disease,chain_of_thought,2,MedGemma 1.0-27B,ollama,medgemma:27b,413838009,generation_failure
Coronary Heart Disease,chain_of_thought,2,MedGemma 1.0-27B,ollama,medgemma:27b,868223009,retrieval_failure
Coronary Heart Disease,chain_of_thought,2,MedGemma 1.0-27B,ollama,medgemma:27b,399211009,retrieval_failure
Coronary Heart Disease,chain_of_thought,2,MedGemma 1.0-27B,ollama,medgemma:27b,1255266003,retrieval_failure
Coronary Heart Disease,chain_of_thought,2,MedGemma 1.0-27B,ollama,medgemma:27b,429673002,retrieval_failure
Coronary Heart Disease,chain_of_thought,2,MedGemma 1.0-27B,ollama,medgemma:27b,1255257002,retrieval_failure
Coronary Heart Disease,chain_of_thought,2,MedGemma 1.0-27B,ollama,medgemma:27b,776219771000119107,retrieval_failure
Coronary Heart Disease,chain_of_thought,2,MedGemma 1.0-27B,ollama,medgemma:27b,11018701000119109,retrieval_failure
Coronary Heart Disease,chain_of_thought,2,MedGemma 1.0-27B,ollama,medgemma:27b,413439005,retrieval_failure
Coronary Heart Disease,chain_of_thought,2,MedGemma 1.0-27B,ollama,medgemma:27b,4557003,retrieval_failure
Coronary Heart Disease,chain_of_thought,2,MedGemma 1.0-27B,ollama,medgemma:27b,15960661000119107,retrieval_failure
Coronary Heart Disease,chain_of_thought,2,MedGemma 1.0-27B,ollama,medgemma:27b,703252002,retrieval_failure
Coronary Heart Disease,chain_of_thought,2,MedGemma 1.0-27B,ollama,medgemma:27b,64627002,retrieval_failure
Coronary Heart Disease,chain_of_thought,2,MedGemma 1.0-27B,ollama,medgemma:27b,15960381000119109,retrieval_failure
Coronary Heart Disease,chain_of_thought,2,MedGemma 1.0-27B,ollama,medgemma:27b,15960581000119102,retrieval_failure
Coronary Heart Disease,chain_of_thought,2,MedGemma 1.0-27B,ollama,medgemma:27b,371808007,retrieval_failure
Coronary Heart Disease,chain_of_thought,2,MedGemma 1.0-27B,ollama,medgemma:27b,387785661000119105,retrieval_failure
Coronary Heart Disease,chain_of_thought,2,MedGemma 1.0-27B,ollama,medgemma:27b,1255621004,retrieval_failure
Coronary Heart Disease,chain_of_thought,2,MedGemma 1.0-27B,ollama,medgemma:27b,35521000087104,retrieval_failure
Coronary Heart Disease,chain_of_thought,2,MedGemma 1.0-27B,ollama,medgemma:27b,15960741000119103,retrieval_failure
Coronary Heart Disease,chain_of_thought,2,MedGemma 1.0-27B,ollama,medgemma:27b,896691006,retrieval_failure
Coronary Heart Disease,chain_of_thought,2,MedGemma 1.0-27B,ollama,medgemma:27b,35441000087109,retrieval_failure
Coronary Heart Disease,chain_of_thought,2,MedGemma 1.0-27B,ollama,medgemma:27b,139011000119104,retrieval_failure
Coronary Heart Disease,chain_of_thought,2,MedGemma 1.0-27B,ollama,medgemma:27b,194866002,retrieval_failure
Coronary Heart Disease,chain_of_thought,2,MedGemma 1.0-27B,ollama,medgemma:27b,46109009,retrieval_failure
Coronary Heart Disease,chain_of_thought,2,MedGemma 1.0-27B,ollama,medgemma:27b,233836002,retrieval_failure
Coronary Heart Disease,chain_of_thought,2,MedGemma 1.0-27B,ollama,medgemma:27b,703253007,retrieval_failure
Coronary Heart Disease,chain_of_thought,2,MedGemma 1.0-27B,ollama,medgemma:27b,698378009,retrieval_failure
Coronary Heart Disease,chain_of_thought,2,MedGemma 1.0-27B,ollama,medgemma:27b,285951000119105,retrieval_failure
Coronary Heart Disease,chain_of_thought,2,MedGemma 1.0-27B,ollama,medgemma:27b,233840006,retrieval_failure
Coronary Heart Disease,chain_of_thought,2,MedGemma 1.0-27B,ollama,medgemma:27b,281093002,retrieval_failure
Coronary Heart Disease,chain_of_thought,2,MedGemma 1.0-27B,ollama,medgemma:27b,791000119109,retrieval_failure
Coronary Heart Disease,chain_of_thought,2,MedGemma 1.0-27B,ollama,medgemma:27b,194863005,retrieval_failure
Coronary Heart Disease,chain_of_thought,2,MedGemma 1.0-27B,ollama,medgemma:27b,15960141000119102,retrieval_failure
Coronary Heart Disease,chain_of_thought,2,MedGemma 1.0-27B,ollama,medgemma:27b,736978009,retrieval_failure
Coronary Heart Disease,chain_of_thought,2,MedGemma 1.0-27B,ollama,medgemma:27b,401303003,retrieval_failure
Coronary Heart Disease,chain_of_thought,2,MedGemma 1.0-27B,ollama,medgemma:27b,35541000087108,retrieval_failure
Coronary Heart Disease,chain_of_thought,2,MedGemma 1.0-27B,ollama,medgemma:27b,1089441000000103,retrieval_failure
Coronary Heart Disease,chain_of_thought,2,MedGemma 1.0-27B,ollama,medgemma:27b,16891191000119108,retrieval_failure
Coronary Heart Disease,chain_of_thought,2,MedGemma 1.0-27B,ollama,medgemma:27b,868214006,retrieval_failure
Coronary Heart Disease,chain_of_thought,2,MedGemma 1.0-27B,ollama,medgemma:27b,1163440003,retrieval_failure
Coronary Heart Disease,chain_of_thought,2,MedGemma 1.0-27B,ollama,medgemma:27b,44791000087107,retrieval_failure
Coronary Heart Disease,chain_of_thought,2,MedGemma 1.0-27B,ollama,medgemma:27b,442421004,retrieval_failure
Coronary Heart Disease,chain_of_thought,2,MedGemma 1.0-27B,ollama,medgemma:27b,194802003,retrieval_failure
Coronary Heart Disease,chain_of_thought,2,MedGemma 1.0-27B,ollama,medgemma:27b,35451000087107,retrieval_failure
Coronary Heart Disease,chain_of_thought,2,MedGemma 1.0-27B,ollama,medgemma:27b,281091000,retrieval_failure
Coronary Heart Disease,chain_of_thought,2,MedGemma 1.0-27B,ollama,medgemma:27b,15712921000119103,retrieval_failure
Coronary Heart Disease,chain_of_thought,2,MedGemma 1.0-27B,ollama,medgemma:27b,194821006,retrieval_failure
Coronary Heart Disease,chain_of_thought,2,MedGemma 1.0-27B,ollama,medgemma:27b,896689003,retrieval_failure
Coronary Heart Disease,chain_of_thought,2,MedGemma 1.0-27B,ollama,medgemma:27b,233970002,generation_failure
Coronary Heart Disease,chain_of_thought,2,MedGemma 1.0-27B,ollama,medgemma:27b,1254663008,retrieval_failure
Coronary Heart Disease,chain_of_thought,2,MedGemma 1.0-27B,ollama,medgemma:27b,307140009,retrieval_failure
Coronary Heart Disease,chain_of_thought,2,MedGemma 1.0-27B,ollama,medgemma:27b,371806006,retrieval_failure
Coronary Heart Disease,chain_of_thought,2,MedGemma 1.0-27B,ollama,medgemma:27b,840679006,retrieval_failure
Coronary Heart Disease,chain_of_thought,2,MedGemma 1.0-27B,ollama,medgemma:27b,1254660006,retrieval_failure
Coronary Heart Disease,chain_of_thought,2,MedGemma 1.0-27B,ollama,medgemma:27b,401314000,retrieval_failure
Coronary Heart Disease,chain_of_thought,2,MedGemma 1.0-27B,ollama,medgemma:27b,233817007,generation_failure
Coronary Heart Disease,chain_of_thought,2,MedGemma 1.0-27B,ollama,medgemma:27b,233828006,retrieval_failure
Coronary Heart Disease,chain_of_thought,2,MedGemma 1.0-27B,ollama,medgemma:27b,703328007,retrieval_failure
Coronary Heart Disease,chain_of_thought,2,MedGemma 1.0-27B,ollama,medgemma:27b,15713121000119105,retrieval_failure
Coronary Heart Disease,chain_of_thought,2,MedGemma 1.0-27B,ollama,medgemma:27b,32574007,retrieval_failure
Coronary Heart Disease,chain_of_thought,2,MedGemma 1.0-27B,ollama,medgemma:27b,16837681000119104,retrieval_failure
Coronary Heart Disease,chain_of_thought,2,MedGemma 1.0-27B,ollama,medgemma:27b,697976003,retrieval_failure
Coronary Heart Disease,chain_of_thought,2,MedGemma 1.0-27B,ollama,medgemma:27b,836295007,retrieval_failure
Coronary Heart Disease,chain_of_thought,2,MedGemma 1.0-27B,ollama,medgemma:27b,1269257006,retrieval_failure
Coronary Heart Disease,chain_of_thought,2,MedGemma 1.0-27B,ollama,medgemma:27b,129574000,retrieval_failure
Coronary Heart Disease,chain_of_thought,2,MedGemma 1.0-27B,ollama,medgemma:27b,876857001,retrieval_failure
Coronary Heart Disease,chain_of_thought,2,MedGemma 1.0-27B,ollama,medgemma:27b,1255569006,retrieval_failure
Coronary Heart Disease,chain_of_thought,2,MedGemma 1.0-27B,ollama,medgemma:27b,85284003,retrieval_failure
Coronary Heart Disease,chain_of_thought,2,MedGemma 1.0-27B,ollama,medgemma:27b,1255623001,retrieval_failure
Coronary Heart Disease,chain_of_thought,2,MedGemma 1.0-27B,ollama,medgemma:27b,19057007,retrieval_failure
Coronary Heart Disease,chain_of_thought,2,MedGemma 1.0-27B,ollama,medgemma:27b,413844008,retrieval_failure
Coronary Heart Disease,chain_of_thought,2,MedGemma 1.0-27B,ollama,medgemma:27b,15713041000119103,retrieval_failure
Coronary Heart Disease,chain_of_thought,2,MedGemma 1.0-27B,ollama,medgemma:27b,194849004,retrieval_failure
Coronary Heart Disease,chain_of_thought,2,MedGemma 1.0-27B,ollama,medgemma:27b,371811008,retrieval_failure
Coronary Heart Disease,chain_of_thought,2,MedGemma 1.0-27B,ollama,medgemma:27b,1204152002,retrieval_failure
Coronary Heart Disease,chain_of_thought,2,MedGemma 1.0-27B,ollama,medgemma:27b,35551000087106,retrieval_failure
Coronary Heart Disease,chain_of_thought,2,MedGemma 1.0-27B,ollama,medgemma:27b,282006,retrieval_failure
Coronary Heart Disease,chain_of_thought,2,MedGemma 1.0-27B,ollama,medgemma:27b,12238151000119107,retrieval_failure
Coronary Heart Disease,chain_of_thought,2,MedGemma 1.0-27B,ollama,medgemma:27b,1255265004,retrieval_failure
Coronary Heart Disease,chain_of_thought,2,MedGemma 1.0-27B,ollama,medgemma:27b,161503005,retrieval_failure
Coronary Heart Disease,chain_of_thought,2,MedGemma 1.0-27B,ollama,medgemma:27b,66189004,retrieval_failure
Coronary Heart Disease,chain_of_thought,2,MedGemma 1.0-27B,ollama,medgemma:27b,371807002,retrieval_failure
Coronary Heart Disease,chain_of_thought,2,MedGemma 1.0-27B,ollama,medgemma:27b,827163002,retrieval_failure
Coronary Heart Disease,chain_of_thought,2,MedGemma 1.0-27B,ollama,medgemma:27b,233827001,retrieval_failure
Coronary Heart Disease,chain_of_thought,2,MedGemma 1.0-27B,ollama,medgemma:27b,89323001,retrieval_failure
Coronary Heart Disease,chain_of_thought,2,MedGemma 1.0-27B,ollama,medgemma:27b,846668006,retrieval_failure
Coronary Heart Disease,chain_of_thought,2,MedGemma 1.0-27B,ollama,medgemma:27b,868217004,retrieval_failure
Coronary Heart Disease,chain_of_thought,2,MedGemma 1.0-27B,ollama,medgemma:27b,1089431000000107,retrieval_failure
Coronary Heart Disease,chain_of_thought,2,MedGemma 1.0-27B,ollama,medgemma:27b,15712961000119108,retrieval_failure
Coronary Heart Disease,chain_of_thought,2,MedGemma 1.0-27B,ollama,medgemma:27b,35928006,retrieval_failure
Coronary Heart Disease,chain_of_thought,2,MedGemma 1.0-27B,ollama,medgemma:27b,426856002,retrieval_failure
Coronary Heart Disease,chain_of_thought,2,MedGemma 1.0-27B,ollama,medgemma:27b,713405002,retrieval_failure
Coronary Heart Disease,chain_of_thought,2,MedGemma 1.0-27B,ollama,medgemma:27b,1254661005,retrieval_failure
Coronary Heart Disease,chain_of_thought,2,MedGemma 1.0-27B,ollama,medgemma:27b,724431008,retrieval_failure
Coronary Heart Disease,chain_of_thought,2,MedGemma 1.0-27B,ollama,medgemma:27b,444856008,retrieval_failure
Coronary Heart Disease,chain_of_thought,2,MedGemma 1.0-27B,ollama,medgemma:27b,703360004,retrieval_failure
Coronary Heart Disease,chain_of_thought,2,MedGemma 1.0-27B,ollama,medgemma:27b,35411000087108,retrieval_failure
Coronary Heart Disease,chain_of_thought,2,MedGemma 1.0-27B,ollama,medgemma:27b,103011000119106,generation_failure
Coronary Heart Disease,chain_of_thought,2,MedGemma 1.0-27B,ollama,medgemma:27b,35571000087100,retrieval_failure
Coronary Heart Disease,chain_of_thought,2,MedGemma 1.0-27B,ollama,medgemma:27b,840315000,retrieval_failure
Coronary Heart Disease,chain_of_thought,2,MedGemma 1.0-27B,ollama,medgemma:27b,194858006,retrieval_failure
Coronary Heart Disease,chain_of_thought,2,MedGemma 1.0-27B,ollama,medgemma:27b,35461000087105,retrieval_failure
Coronary Heart Disease,chain_of_thought,2,MedGemma 1.0-27B,ollama,medgemma:27b,65547006,retrieval_failure
Coronary Heart Disease,chain_of_thought,2,MedGemma 1.0-27B,ollama,medgemma:27b,23311000119105,retrieval_failure
Coronary Heart Disease,chain_of_thought,2,MedGemma 1.0-27B,ollama,medgemma:27b,1755008,retrieval_failure
Coronary Heart Disease,chain_of_thought,2,MedGemma 1.0-27B,ollama,medgemma:27b,233831007,retrieval_failure
Coronary Heart Disease,chain_of_thought,2,MedGemma 1.0-27B,ollama,medgemma:27b,61236006,retrieval_failure
Coronary Heart Disease,chain_of_thought,2,MedGemma 1.0-27B,ollama,medgemma:27b,194843003,generation_failure
Coronary Heart Disease,chain_of_thought,2,MedGemma 1.0-27B,ollama,medgemma:27b,1204155000,retrieval_failure
Coronary Heart Disease,chain_of_thought,2,MedGemma 1.0-27B,ollama,medgemma:27b,442224005,retrieval_failure
Coronary Heart Disease,chain_of_thought,2,MedGemma 1.0-27B,ollama,medgemma:27b,79009004,retrieval_failure
Coronary Heart Disease,chain_of_thought,2,MedGemma 1.0-27B,ollama,medgemma:27b,472100003,retrieval_failure
Coronary Heart Disease,chain_of_thought,2,MedGemma 1.0-27B,ollama,medgemma:27b,44771000087108,retrieval_failure
Coronary Heart Disease,chain_of_thought,2,MedGemma 1.0-27B,ollama,medgemma:27b,703210007,retrieval_failure
Coronary Heart Disease,chain_of_thought,2,MedGemma 1.0-27B,ollama,medgemma:27b,723860000,retrieval_failure
Coronary Heart Disease,chain_of_thought,2,MedGemma 1.0-27B,ollama,medgemma:27b,233825009,retrieval_failure
Coronary Heart Disease,chain_of_thought,2,MedGemma 1.0-27B,ollama,medgemma:27b,57054005,retrieval_failure
Coronary Heart Disease,chain_of_thought,2,MedGemma 1.0-27B,ollama,medgemma:27b,15960341000119104,retrieval_failure
Coronary Heart Disease,chain_of_thought,2,MedGemma 1.0-27B,ollama,medgemma:27b,15990001,retrieval_failure
Coronary Heart Disease,chain_of_thought,2,MedGemma 1.0-27B,ollama,medgemma:27b,35561000087109,retrieval_failure
Coronary Heart Disease,chain_of_thought,2,MedGemma 1.0-27B,ollama,medgemma:27b,285981000119103,retrieval_failure
Coronary Heart Disease,chain_of_thought,2,MedGemma 1.0-27B,ollama,medgemma:27b,22298006,generation_failure
Coronary Heart Disease,chain_of_thought,2,MedGemma 1.0-27B,ollama,medgemma:27b,233846000,retrieval_failure
Coronary Heart Disease,chain_of_thought,2,MedGemma 1.0-27B,ollama,medgemma:27b,78741000119103,retrieval_failure
Coronary Heart Disease,chain_of_thought,2,MedGemma 1.0-27B,ollama,medgemma:27b,444855007,retrieval_failure
Coronary Heart Disease,chain_of_thought,2,MedGemma 1.0-27B,ollama,medgemma:27b,161502000,retrieval_failure
Coronary Heart Disease,chain_of_thought,2,MedGemma 1.0-27B,ollama,medgemma:27b,59063002,retrieval_failure
Coronary Heart Disease,chain_of_thought,2,MedGemma 1.0-27B,ollama,medgemma:27b,827164008,retrieval_failure
Coronary Heart Disease,chain_of_thought,2,MedGemma 1.0-27B,ollama,medgemma:27b,876858006,retrieval_failure
Coronary Heart Disease,chain_of_thought,2,MedGemma 1.0-27B,ollama,medgemma:27b,10971000087107,retrieval_failure
Coronary Heart Disease,chain_of_thought,2,MedGemma 1.0-27B,ollama,medgemma:27b,868220007,retrieval_failure
Coronary Heart Disease,chain_of_thought,2,MedGemma 1.0-27B,ollama,medgemma:27b,281092007,retrieval_failure
Coronary Heart Disease,chain_of_thought,2,MedGemma 1.0-27B,ollama,medgemma:27b,703212004,retrieval_failure
Coronary Heart Disease,chain_of_thought,2,MedGemma 1.0-27B,ollama,medgemma:27b,117051000119103,retrieval_failure
Coronary Heart Disease,chain_of_thought,2,MedGemma 1.0-27B,ollama,medgemma:27b,35491000087102,retrieval_failure
Coronary Heart Disease,chain_of_thought,2,MedGemma 1.0-27B,ollama,medgemma:27b,59021001,retrieval_failure
Coronary Heart Disease,chain_of_thought,2,MedGemma 1.0-27B,ollama,medgemma:27b,1222625002,retrieval_failure
Coronary Heart Disease,chain_of_thought,2,MedGemma 1.0-27B,ollama,medgemma:27b,16891151000119103,retrieval_failure
Coronary Heart Disease,chain_of_thought,2,MedGemma 1.0-27B,ollama,medgemma:27b,1254657004,retrieval_failure
Coronary Heart Disease,chain_of_thought,2,MedGemma 1.0-27B,ollama,medgemma:27b,703211006,retrieval_failure
Coronary Heart Disease,chain_of_thought,2,MedGemma 1.0-27B,ollama,medgemma:27b,123641001,retrieval_failure
Coronary Heart Disease,chain_of_thought,2,MedGemma 1.0-27B,ollama,medgemma:27b,698593009,retrieval_failure
Coronary Heart Disease,chain_of_thought,2,MedGemma 1.0-27B,ollama,medgemma:27b,25106000,retrieval_failure
Coronary Heart Disease,chain_of_thought,2,MedGemma 1.0-27B,ollama,medgemma:27b,233819005,retrieval_failure
Coronary Heart Disease,chain_of_thought,2,MedGemma 1.0-27B,ollama,medgemma:27b,225566008,retrieval_failure
Coronary Heart Disease,chain_of_thought,2,MedGemma 1.0-27B,ollama,medgemma:27b,233843008,retrieval_failure
Coronary Heart Disease,chain_of_thought,2,MedGemma 1.0-27B,ollama,medgemma:27b,233826005,retrieval_failure
Coronary Heart Disease,chain_of_thought,2,MedGemma 1.0-27B,ollama,medgemma:27b,35431000087103,retrieval_failure
Coronary Heart Disease,chain_of_thought,2,MedGemma 1.0-27B,ollama,medgemma:27b,10273003,retrieval_failure
Coronary Heart Disease,chain_of_thought,2,MedGemma 1.0-27B,ollama,medgemma:27b,12238111000119106,retrieval_failure
Coronary Heart Disease,chain_of_thought,2,MedGemma 1.0-27B,ollama,medgemma:27b,1208873007,retrieval_failure
Coronary Heart Disease,chain_of_thought,2,MedGemma 1.0-27B,ollama,medgemma:27b,233821000,retrieval_failure
Coronary Heart Disease,chain_of_thought,2,MedGemma 1.0-27B,ollama,medgemma:27b,876859003,retrieval_failure
Coronary Heart Disease,chain_of_thought,2,MedGemma 1.0-27B,ollama,medgemma:27b,30277009,retrieval_failure
Coronary Heart Disease,chain_of_thought,2,MedGemma 1.0-27B,ollama,medgemma:27b,840609007,retrieval_failure
Coronary Heart Disease,chain_of_thought,2,MedGemma 1.0-27B,ollama,medgemma:27b,315026000,retrieval_failure
Coronary Heart Disease,chain_of_thought,2,MedGemma 1.0-27B,ollama,medgemma:27b,233839009,retrieval_failure
Coronary Heart Disease,chain_of_thought,2,MedGemma 1.0-27B,ollama,medgemma:27b,1208872002,retrieval_failure
Coronary Heart Disease,chain_of_thought,2,MedGemma 1.0-27B,ollama,medgemma:27b,846683001,retrieval_failure
Coronary Heart Disease,chain_of_thought,2,MedGemma 1.0-27B,ollama,medgemma:27b,61490001,retrieval_failure
Coronary Heart Disease,chain_of_thought,2,MedGemma 1.0-27B,ollama,medgemma:27b,703209002,retrieval_failure
Coronary Heart Disease,chain_of_thought,2,MedGemma 1.0-27B,ollama,medgemma:27b,15713001000119100,retrieval_failure
Coronary Heart Disease,chain_of_thought,2,MedGemma 1.0-27B,ollama,medgemma:27b,428752002,retrieval_failure
Coronary Heart Disease,chain_of_thought,2,MedGemma 1.0-27B,ollama,medgemma:27b,123642008,retrieval_failure
Coronary Heart Disease,chain_of_thought,2,MedGemma 1.0-27B,ollama,medgemma:27b,54329005,retrieval_failure
Coronary Heart Disease,chain_of_thought,2,MedGemma 1.0-27B,ollama,medgemma:27b,1089451000000100,retrieval_failure
Coronary Heart Disease,chain_of_thought,2,MedGemma 1.0-27B,ollama,medgemma:27b,233832000,retrieval_failure
Coronary Heart Disease,chain_of_thought,2,MedGemma 1.0-27B,ollama,medgemma:27b,285721000119104,retrieval_failure
Coronary Heart Disease,chain_of_thought,2,MedGemma 1.0-27B,ollama,medgemma:27b,703165004,retrieval_failure
Coronary Heart Disease,chain_of_thought,2,MedGemma 1.0-27B,ollama,medgemma:27b,876856005,retrieval_failure
Coronary Heart Disease,chain_of_thought,2,MedGemma 1.0-27B,ollama,medgemma:27b,194868001,retrieval_failure
Coronary Heart Disease,chain_of_thought,2,MedGemma 1.0-27B,ollama,medgemma:27b,44781000087105,retrieval_failure
Coronary Heart Disease,chain_of_thought,2,MedGemma 1.0-27B,ollama,medgemma:27b,896690007,retrieval_failure
Coronary Heart Disease,chain_of_thought,2,MedGemma 1.0-27B,ollama,medgemma:27b,840313007,retrieval_failure
Coronary Heart Disease,chain_of_thought,2,MedGemma 1.0-27B,ollama,medgemma:27b,194828000,retrieval_failure
Coronary Heart Disease,chain_of_thought,2,MedGemma 1.0-27B,ollama,medgemma:27b,63739005,generation_failure
Coronary Heart Disease,chain_of_thought,2,MedGemma 1.0-27B,ollama,medgemma:27b,1255256006,retrieval_failure
Coronary Heart Disease,chain_of_thought,2,MedGemma 1.0-27B,ollama,medgemma:27b,314207007,retrieval_failure
Coronary Heart Disease,chain_of_thought,2,MedGemma 1.0-27B,ollama,medgemma:27b,70998009,retrieval_failure
Coronary Heart Disease,chain_of_thought,2,MedGemma 1.0-27B,ollama,medgemma:27b,840608004,retrieval_failure
Coronary Heart Disease,chain_of_thought,2,MedGemma 1.0-27B,ollama,medgemma:27b,712866001,retrieval_failure
Coronary Heart Disease,chain_of_thought,2,MedGemma 1.0-27B,ollama,medgemma:27b,194867006,retrieval_failure
Coronary Heart Disease,chain_of_thought,2,MedGemma 1.0-27B,ollama,medgemma:27b,1254662003,retrieval_failure
Coronary Heart Disease,chain_of_thought,2,MedGemma 1.0-27B,ollama,medgemma:27b,44821000087100,retrieval_failure
Coronary Heart Disease,chain_of_thought,2,MedGemma 1.0-27B,ollama,medgemma:27b,1254666000,retrieval_failure
Coronary Heart Disease,chain_of_thought,2,MedGemma 1.0-27B,ollama,medgemma:27b,868226001,retrieval_failure
Coronary Heart Disease,chain_of_thought,2,MedGemma 1.0-27B,ollama,medgemma:27b,1208867006,retrieval_failure
Coronary Heart Disease,chain_of_thought,2,MedGemma 1.0-27B,ollama,medgemma:27b,308065005,retrieval_failure
Coronary Heart Disease,chain_of_thought,2,MedGemma 1.0-27B,ollama,medgemma:27b,35471000087101,retrieval_failure
Coronary Heart Disease,chain_of_thought,2,MedGemma 1.0-27B,ollama,medgemma:27b,428196007,retrieval_failure
Coronary Heart Disease,chain_of_thought,2,MedGemma 1.0-27B,ollama,medgemma:27b,371805005,generation_failure
Coronary Heart Disease,chain_of_thought,2,MedGemma 1.0-27B,ollama,medgemma:27b,703214003,generation_failure
Coronary Heart Disease,chain_of_thought,2,MedGemma 1.0-27B,ollama,medgemma:27b,233841005,retrieval_failure
Coronary Heart Disease,chain_of_thought,2,MedGemma 1.0-27B,ollama,medgemma:27b,371068009,retrieval_failure
Coronary Heart Disease,chain_of_thought,2,MedGemma 1.0-27B,ollama,medgemma:27b,879955009,retrieval_failure
Coronary Heart Disease,chain_of_thought,2,MedGemma 1.0-27B,ollama,medgemma:27b,723859005,retrieval_failure
Coronary Heart Disease,chain_of_thought,2,MedGemma 1.0-27B,ollama,medgemma:27b,233842003,retrieval_failure
Coronary Heart Disease,chain_of_thought,2,MedGemma 1.0-27B,ollama,medgemma:27b,840680009,retrieval_failure
Coronary Heart Disease,chain_of_thought,2,MedGemma 1.0-27B,ollama,medgemma:27b,15713201000119105,retrieval_failure
Coronary Heart Disease,chain_of_thought,2,MedGemma 1.0-27B,ollama,medgemma:27b,233829003,retrieval_failure
Coronary Heart Disease,chain_of_thought,2,MedGemma 1.0-27B,ollama,medgemma:27b,371812001,retrieval_failure
Coronary Heart Disease,chain_of_thought,2,MedGemma 1.0-27B,ollama,medgemma:27b,194823009,generation_failure
Coronary Heart Disease,chain_of_thought,3,MedGemma 1.0-27B,ollama,medgemma:27b,896697005,retrieval_failure
Coronary Heart Disease,chain_of_thought,3,MedGemma 1.0-27B,ollama,medgemma:27b,15712841000119100,retrieval_failure
Coronary Heart Disease,chain_of_thought,3,MedGemma 1.0-27B,ollama,medgemma:27b,703326006,retrieval_failure
Coronary Heart Disease,chain_of_thought,3,MedGemma 1.0-27B,ollama,medgemma:27b,233847009,retrieval_failure
Coronary Heart Disease,chain_of_thought,3,MedGemma 1.0-27B,ollama,medgemma:27b,1255624007,retrieval_failure
Coronary Heart Disease,chain_of_thought,3,MedGemma 1.0-27B,ollama,medgemma:27b,846667001,retrieval_failure
Coronary Heart Disease,chain_of_thought,3,MedGemma 1.0-27B,ollama,medgemma:27b,42531007,retrieval_failure
Coronary Heart Disease,chain_of_thought,3,MedGemma 1.0-27B,ollama,medgemma:27b,300995000,retrieval_failure
Coronary Heart Disease,chain_of_thought,3,MedGemma 1.0-27B,ollama,medgemma:27b,719678003,generation_failure
Coronary Heart Disease,chain_of_thought,3,MedGemma 1.0-27B,ollama,medgemma:27b,233834004,retrieval_failure
Coronary Heart Disease,chain_of_thought,3,MedGemma 1.0-27B,ollama,medgemma:27b,429559004,retrieval_failure
Coronary Heart Disease,chain_of_thought,3,MedGemma 1.0-27B,ollama,medgemma:27b,427919004,retrieval_failure
Coronary Heart Disease,chain_of_thought,3,MedGemma 1.0-27B,ollama,medgemma:27b,840309000,retrieval_failure
Coronary Heart Disease,chain_of_thought,3,MedGemma 1.0-27B,ollama,medgemma:27b,44801000087106,retrieval_failure
Coronary Heart Disease,chain_of_thought,3,MedGemma 1.0-27B,ollama,medgemma:27b,429391004,retrieval_failure
Coronary Heart Disease,chain_of_thought,3,MedGemma 1.0-27B,ollama,medgemma:27b,414545008,generation_failure
Coronary Heart Disease,chain_of_thought,3,MedGemma 1.0-27B,ollama,medgemma:27b,44851000087107,retrieval_failure
Coronary Heart Disease,chain_of_thought,3,MedGemma 1.0-27B,ollama,medgemma:27b,314116003,retrieval_failure
Coronary Heart Disease,chain_of_thought,3,MedGemma 1.0-27B,ollama,medgemma:27b,723861001,retrieval_failure
Coronary Heart Disease,chain_of_thought,3,MedGemma 1.0-27B,ollama,medgemma:27b,840312002,retrieval_failure
Coronary Heart Disease,chain_of_thought,3,MedGemma 1.0-27B,ollama,medgemma:27b,35481000087104,retrieval_failure
Coronary Heart Disease,chain_of_thought,3,MedGemma 1.0-27B,ollama,medgemma:27b,443502000,generation_failure
Coronary Heart Disease,chain_of_thought,3,MedGemma 1.0-27B,ollama,medgemma:27b,21470009,retrieval_failure
Coronary Heart Disease,chain_of_thought,3,MedGemma 1.0-27B,ollama,medgemma:27b,233823002,retrieval_failure
Coronary Heart Disease,chain_of_thought,3,MedGemma 1.0-27B,ollama,medgemma:27b,1204154001,retrieval_failure
Coronary Heart Disease,chain_of_thought,3,MedGemma 1.0-27B,ollama,medgemma:27b,44761000087104,retrieval_failure
Coronary Heart Disease,chain_of_thought,3,MedGemma 1.0-27B,ollama,medgemma:27b,42866003,retrieval_failure
Coronary Heart Disease,chain_of_thought,3,MedGemma 1.0-27B,ollama,medgemma:27b,35401000087106,retrieval_failure
Coronary Heart Disease,chain_of_thought,3,MedGemma 1.0-27B,ollama,medgemma:27b,233844002,generation_failure
Coronary Heart Disease,chain_of_thought,3,MedGemma 1.0-27B,ollama,medgemma:27b,846684007,retrieval_failure
Coronary Heart Disease,chain_of_thought,3,MedGemma 1.0-27B,ollama,medgemma:27b,461000119108,retrieval_failure
Coronary Heart Disease,chain_of_thought,3,MedGemma 1.0-27B,ollama,medgemma:27b,1204151009,retrieval_failure
Coronary Heart Disease,chain_of_thought,3,MedGemma 1.0-27B,ollama,medgemma:27b,394659003,generation_failure
Coronary Heart Disease,chain_of_thought,3,MedGemma 1.0-27B,ollama,medgemma:27b,868221006,retrieval_failure
Coronary Heart Disease,chain_of_thought,3,MedGemma 1.0-27B,ollama,medgemma:27b,703330009,retrieval_failure
Coronary Heart Disease,chain_of_thought,3,MedGemma 1.0-27B,ollama,medgemma:27b,15960981000119105,retrieval_failure
Coronary Heart Disease,chain_of_thought,3,MedGemma 1.0-27B,ollama,medgemma:27b,868216008,retrieval_failure
Coronary Heart Disease,chain_of_thought,3,MedGemma 1.0-27B,ollama,medgemma:27b,71023004,retrieval_failure
Coronary Heart Disease,chain_of_thought,3,MedGemma 1.0-27B,ollama,medgemma:27b,70422006,retrieval_failure
Coronary Heart Disease,chain_of_thought,3,MedGemma 1.0-27B,ollama,medgemma:27b,82522008,retrieval_failure
Coronary Heart Disease,chain_of_thought,3,MedGemma 1.0-27B,ollama,medgemma:27b,15960541000119107,retrieval_failure
Coronary Heart Disease,chain_of_thought,3,MedGemma 1.0-27B,ollama,medgemma:27b,233833005,retrieval_failure
Coronary Heart Disease,chain_of_thought,3,MedGemma 1.0-27B,ollama,medgemma:27b,868215007,retrieval_failure
Coronary Heart Disease,chain_of_thought,3,MedGemma 1.0-27B,ollama,medgemma:27b,399261000,retrieval_failure
Coronary Heart Disease,chain_of_thought,3,MedGemma 1.0-27B,ollama,medgemma:27b,194861007,retrieval_failure
Coronary Heart Disease,chain_of_thought,3,MedGemma 1.0-27B,ollama,medgemma:27b,233838001,retrieval_failure
Coronary Heart Disease,chain_of_thought,3,MedGemma 1.0-27B,ollama,medgemma:27b,251024009,generation_failure
Coronary Heart Disease,chain_of_thought,3,MedGemma 1.0-27B,ollama,medgemma:27b,836293000,retrieval_failure
Coronary Heart Disease,chain_of_thought,3,MedGemma 1.0-27B,ollama,medgemma:27b,44831000087103,retrieval_failure
Coronary Heart Disease,chain_of_thought,3,MedGemma 1.0-27B,ollama,medgemma:27b,868222004,retrieval_failure
Coronary Heart Disease,chain_of_thought,3,MedGemma 1.0-27B,ollama,medgemma:27b,723858002,retrieval_failure
Coronary Heart Disease,chain_of_thought,3,MedGemma 1.0-27B,ollama,medgemma:27b,41334000,retrieval_failure
Coronary Heart Disease,chain_of_thought,3,MedGemma 1.0-27B,ollama,medgemma:27b,35511000087107,retrieval_failure
Coronary Heart Disease,chain_of_thought,3,MedGemma 1.0-27B,ollama,medgemma:27b,233837006,retrieval_failure
Coronary Heart Disease,chain_of_thought,3,MedGemma 1.0-27B,ollama,medgemma:27b,429245005,retrieval_failure
Coronary Heart Disease,chain_of_thought,3,MedGemma 1.0-27B,ollama,medgemma:27b,35501000087105,retrieval_failure
Coronary Heart Disease,chain_of_thought,3,MedGemma 1.0-27B,ollama,medgemma:27b,413444003,retrieval_failure
Coronary Heart Disease,chain_of_thought,3,MedGemma 1.0-27B,ollama,medgemma:27b,233830008,retrieval_failure
Coronary Heart Disease,chain_of_thought,3,MedGemma 1.0-27B,ollama,medgemma:27b,16415081000119104,retrieval_failure
Coronary Heart Disease,chain_of_thought,3,MedGemma 1.0-27B,ollama,medgemma:27b,194857001,retrieval_failure
Coronary Heart Disease,chain_of_thought,3,MedGemma 1.0-27B,ollama,medgemma:27b,35581000087103,retrieval_failure
Coronary Heart Disease,chain_of_thought,3,MedGemma 1.0-27B,ollama,medgemma:27b,73795002,retrieval_failure
Coronary Heart Disease,chain_of_thought,3,MedGemma 1.0-27B,ollama,medgemma:27b,408546009,retrieval_failure
Coronary Heart Disease,chain_of_thought,3,MedGemma 1.0-27B,ollama,medgemma:27b,130541000119100,retrieval_failure
Coronary Heart Disease,chain_of_thought,3,MedGemma 1.0-27B,ollama,medgemma:27b,15713161000119100,retrieval_failure
Coronary Heart Disease,chain_of_thought,3,MedGemma 1.0-27B,ollama,medgemma:27b,194865003,retrieval_failure
Coronary Heart Disease,chain_of_thought,3,MedGemma 1.0-27B,ollama,medgemma:27b,1077002,retrieval_failure
Coronary Heart Disease,chain_of_thought,3,MedGemma 1.0-27B,ollama,medgemma:27b,698377004,retrieval_failure
Coronary Heart Disease,chain_of_thought,3,MedGemma 1.0-27B,ollama,medgemma:27b,1255622006,retrieval_failure
Coronary Heart Disease,chain_of_thought,3,MedGemma 1.0-27B,ollama,medgemma:27b,52035003,retrieval_failure
Coronary Heart Disease,chain_of_thought,3,MedGemma 1.0-27B,ollama,medgemma:27b,1254658009,retrieval_failure
Coronary Heart Disease,chain_of_thought,3,MedGemma 1.0-27B,ollama,medgemma:27b,1255258007,retrieval_failure
Coronary Heart Disease,chain_of_thought,3,MedGemma 1.0-27B,ollama,medgemma:27b,840316004,retrieval_failure
Coronary Heart Disease,chain_of_thought,3,MedGemma 1.0-27B,ollama,medgemma:27b,233885007,retrieval_failure
Coronary Heart Disease,chain_of_thought,3,MedGemma 1.0-27B,ollama,medgemma:27b,311793000,retrieval_failure
Coronary Heart Disease,chain_of_thought,3,MedGemma 1.0-27B,ollama,medgemma:27b,194862000,retrieval_failure
Coronary Heart Disease,chain_of_thought,3,MedGemma 1.0-27B,ollama,medgemma:27b,703251009,retrieval_failure
Coronary Heart Disease,chain_of_thought,3,MedGemma 1.0-27B,ollama,medgemma:27b,723862008,retrieval_failure
Coronary Heart Disease,chain_of_thought,3,MedGemma 1.0-27B,ollama,medgemma:27b,17531000119105,retrieval_failure
Coronary Heart Disease,chain_of_thought,3,MedGemma 1.0-27B,ollama,medgemma:27b,840310005,retrieval_failure
Coronary Heart Disease,chain_of_thought,3,MedGemma 1.0-27B,ollama,medgemma:27b,896696001,retrieval_failure
Coronary Heart Disease,chain_of_thought,3,MedGemma 1.0-27B,ollama,medgemma:27b,442240008,retrieval_failure
Coronary Heart Disease,chain_of_thought,3,MedGemma 1.0-27B,ollama,medgemma:27b,15960461000119105,retrieval_failure
Coronary Heart Disease,chain_of_thought,3,MedGemma 1.0-27B,ollama,medgemma:27b,703164000,retrieval_failure
Coronary Heart Disease,chain_of_thought,3,MedGemma 1.0-27B,ollama,medgemma:27b,414795007,retrieval_failure
Coronary Heart Disease,chain_of_thought,3,MedGemma 1.0-27B,ollama,medgemma:27b,394710008,retrieval_failure
Coronary Heart Disease,chain_of_thought,3,MedGemma 1.0-27B,ollama,medgemma:27b,868224003,retrieval_failure
Coronary Heart Disease,chain_of_thought,3,MedGemma 1.0-27B,ollama,medgemma:27b,58612006,retrieval_failure
Coronary Heart Disease,chain_of_thought,3,MedGemma 1.0-27B,ollama,medgemma:27b,836294006,retrieval_failure
Coronary Heart Disease,chain_of_thought,3,MedGemma 1.0-27B,ollama,medgemma:27b,70211005,retrieval_failure
Coronary Heart Disease,chain_of_thought,3,MedGemma 1.0-27B,ollama,medgemma:27b,285141000119106,retrieval_failure
Coronary Heart Disease,chain_of_thought,3,MedGemma 1.0-27B,ollama,medgemma:27b,371809004,retrieval_failure
Coronary Heart Disease,chain_of_thought,3,MedGemma 1.0-27B,ollama,medgemma:27b,1254659001,retrieval_failure
Coronary Heart Disease,chain_of_thought,3,MedGemma 1.0-27B,ollama,medgemma:27b,1204222000,retrieval_failure
Coronary Heart Disease,chain_of_thought,3,MedGemma 1.0-27B,ollama,medgemma:27b,311796008,retrieval_failure
Coronary Heart Disease,chain_of_thought,3,MedGemma 1.0-27B,ollama,medgemma:27b,810681000000101,generation_failure
Coronary Heart Disease,chain_of_thought,3,MedGemma 1.0-27B,ollama,medgemma:27b,315025001,retrieval_failure
Coronary Heart Disease,chain_of_thought,3,MedGemma 1.0-27B,ollama,medgemma:27b,194856005,retrieval_failure
Coronary Heart Disease,chain_of_thought,3,MedGemma 1.0-27B,ollama,medgemma:27b,15712881000119105,retrieval_failure
Coronary Heart Disease,chain_of_thought,3,MedGemma 1.0-27B,ollama,medgemma:27b,15713081000119108,retrieval_failure
Coronary Heart Disease,chain_of_thought,3,MedGemma 1.0-27B,ollama,medgemma:27b,233835003,retrieval_failure
Coronary Heart Disease,chain_of_thought,3,MedGemma 1.0-27B,ollama,medgemma:27b,15960061000119102,retrieval_failure
Coronary Heart Disease,chain_of_thought,3,MedGemma 1.0-27B,ollama,medgemma:27b,371803003,generation_failure
Coronary Heart Disease,chain_of_thought,3,MedGemma 1.0-27B,ollama,medgemma:27b,418044006,retrieval_failure
Coronary Heart Disease,chain_of_thought,3,MedGemma 1.0-27B,ollama,medgemma:27b,194842008,generation_failure
Coronary Heart Disease,chain_of_thought,3,MedGemma 1.0-27B,ollama,medgemma:27b,311792005,retrieval_failure
Coronary Heart Disease,chain_of_thought,3,MedGemma 1.0-27B,ollama,medgemma:27b,1163420005,retrieval_failure
Coronary Heart Disease,chain_of_thought,3,MedGemma 1.0-27B,ollama,medgemma:27b,285991000119100,retrieval_failure
Coronary Heart Disease,chain_of_thought,3,MedGemma 1.0-27B,ollama,medgemma:27b,62695002,retrieval_failure
Coronary Heart Disease,chain_of_thought,3,MedGemma 1.0-27B,ollama,medgemma:27b,44841000087109,retrieval_failure
Coronary Heart Disease,chain_of_thought,3,MedGemma 1.0-27B,ollama,medgemma:27b,868225002,retrieval_failure
Coronary Heart Disease,chain_of_thought,3,MedGemma 1.0-27B,ollama,medgemma:27b,304914007,retrieval_failure
Coronary Heart Disease,chain_of_thought,3,MedGemma 1.0-27B,ollama,medgemma:27b,76593002,retrieval_failure
Coronary Heart Disease,chain_of_thought,3,MedGemma 1.0-27B,ollama,medgemma:27b,92517006,retrieval_failure
Coronary Heart Disease,chain_of_thought,3,MedGemma 1.0-27B,ollama,medgemma:27b,726499301000119105,retrieval_failure
Coronary Heart Disease,chain_of_thought,3,MedGemma 1.0-27B,ollama,medgemma:27b,371810009,retrieval_failure
Coronary Heart Disease,chain_of_thought,3,MedGemma 1.0-27B,ollama,medgemma:27b,868219001,retrieval_failure
Coronary Heart Disease,chain_of_thought,3,MedGemma 1.0-27B,ollama,medgemma:27b,703213009,retrieval_failure
Coronary Heart Disease,chain_of_thought,3,MedGemma 1.0-27B,ollama,medgemma:27b,1293192009,generation_failure
Coronary Heart Disease,chain_of_thought,3,MedGemma 1.0-27B,ollama,medgemma:27b,35421000087100,retrieval_failure
Coronary Heart Disease,chain_of_thought,3,MedGemma 1.0-27B,ollama,medgemma:27b,44811000087108,retrieval_failure
Coronary Heart Disease,chain_of_thought,3,MedGemma 1.0-27B,ollama,medgemma:27b,1089471000000109,retrieval_failure
Coronary Heart Disease,chain_of_thought,3,MedGemma 1.0-27B,ollama,medgemma:27b,285151000119108,retrieval_failure
Coronary Heart Disease,chain_of_thought,3,MedGemma 1.0-27B,ollama,medgemma:27b,1641000119107,retrieval_failure
Coronary Heart Disease,chain_of_thought,3,MedGemma 1.0-27B,ollama,medgemma:27b,67682002,retrieval_failure
Coronary Heart Disease,chain_of_thought,3,MedGemma 1.0-27B,ollama,medgemma:27b,194809007,retrieval_failure
Coronary Heart Disease,chain_of_thought,3,MedGemma 1.0-27B,ollama,medgemma:27b,413838009,generation_failure
Coronary Heart Disease,chain_of_thought,3,MedGemma 1.0-27B,ollama,medgemma:27b,868223009,retrieval_failure
Coronary Heart Disease,chain_of_thought,3,MedGemma 1.0-27B,ollama,medgemma:27b,399211009,retrieval_failure
Coronary Heart Disease,chain_of_thought,3,MedGemma 1.0-27B,ollama,medgemma:27b,1255266003,retrieval_failure
Coronary Heart Disease,chain_of_thought,3,MedGemma 1.0-27B,ollama,medgemma:27b,429673002,retrieval_failure
Coronary Heart Disease,chain_of_thought,3,MedGemma 1.0-27B,ollama,medgemma:27b,1255257002,retrieval_failure
Coronary Heart Disease,chain_of_thought,3,MedGemma 1.0-27B,ollama,medgemma:27b,776219771000119107,retrieval_failure
Coronary Heart Disease,chain_of_thought,3,MedGemma 1.0-27B,ollama,medgemma:27b,11018701000119109,retrieval_failure
Coronary Heart Disease,chain_of_thought,3,MedGemma 1.0-27B,ollama,medgemma:27b,413439005,retrieval_failure
Coronary Heart Disease,chain_of_thought,3,MedGemma 1.0-27B,ollama,medgemma:27b,4557003,retrieval_failure
Coronary Heart Disease,chain_of_thought,3,MedGemma 1.0-27B,ollama,medgemma:27b,15960661000119107,retrieval_failure
Coronary Heart Disease,chain_of_thought,3,MedGemma 1.0-27B,ollama,medgemma:27b,703252002,retrieval_failure
Coronary Heart Disease,chain_of_thought,3,MedGemma 1.0-27B,ollama,medgemma:27b,64627002,retrieval_failure
Coronary Heart Disease,chain_of_thought,3,MedGemma 1.0-27B,ollama,medgemma:27b,15960381000119109,retrieval_failure
Coronary Heart Disease,chain_of_thought,3,MedGemma 1.0-27B,ollama,medgemma:27b,15960581000119102,retrieval_failure
Coronary Heart Disease,chain_of_thought,3,MedGemma 1.0-27B,ollama,medgemma:27b,371808007,retrieval_failure
Coronary Heart Disease,chain_of_thought,3,MedGemma 1.0-27B,ollama,medgemma:27b,387785661000119105,retrieval_failure
Coronary Heart Disease,chain_of_thought,3,MedGemma 1.0-27B,ollama,medgemma:27b,1255621004,retrieval_failure
Coronary Heart Disease,chain_of_thought,3,MedGemma 1.0-27B,ollama,medgemma:27b,35521000087104,retrieval_failure
Coronary Heart Disease,chain_of_thought,3,MedGemma 1.0-27B,ollama,medgemma:27b,15960741000119103,retrieval_failure
Coronary Heart Disease,chain_of_thought,3,MedGemma 1.0-27B,ollama,medgemma:27b,896691006,retrieval_failure
Coronary Heart Disease,chain_of_thought,3,MedGemma 1.0-27B,ollama,medgemma:27b,35441000087109,retrieval_failure
Coronary Heart Disease,chain_of_thought,3,MedGemma 1.0-27B,ollama,medgemma:27b,139011000119104,retrieval_failure
Coronary Heart Disease,chain_of_thought,3,MedGemma 1.0-27B,ollama,medgemma:27b,194866002,retrieval_failure
Coronary Heart Disease,chain_of_thought,3,MedGemma 1.0-27B,ollama,medgemma:27b,46109009,retrieval_failure
Coronary Heart Disease,chain_of_thought,3,MedGemma 1.0-27B,ollama,medgemma:27b,233836002,retrieval_failure
Coronary Heart Disease,chain_of_thought,3,MedGemma 1.0-27B,ollama,medgemma:27b,703253007,retrieval_failure
Coronary Heart Disease,chain_of_thought,3,MedGemma 1.0-27B,ollama,medgemma:27b,698378009,retrieval_failure
Coronary Heart Disease,chain_of_thought,3,MedGemma 1.0-27B,ollama,medgemma:27b,285951000119105,retrieval_failure
Coronary Heart Disease,chain_of_thought,3,MedGemma 1.0-27B,ollama,medgemma:27b,233840006,retrieval_failure
Coronary Heart Disease,chain_of_thought,3,MedGemma 1.0-27B,ollama,medgemma:27b,281093002,retrieval_failure
Coronary Heart Disease,chain_of_thought,3,MedGemma 1.0-27B,ollama,medgemma:27b,791000119109,retrieval_failure
Coronary Heart Disease,chain_of_thought,3,MedGemma 1.0-27B,ollama,medgemma:27b,194863005,retrieval_failure
Coronary Heart Disease,chain_of_thought,3,MedGemma 1.0-27B,ollama,medgemma:27b,15960141000119102,retrieval_failure
Coronary Heart Disease,chain_of_thought,3,MedGemma 1.0-27B,ollama,medgemma:27b,736978009,retrieval_failure
Coronary Heart Disease,chain_of_thought,3,MedGemma 1.0-27B,ollama,medgemma:27b,401303003,retrieval_failure
Coronary Heart Disease,chain_of_thought,3,MedGemma 1.0-27B,ollama,medgemma:27b,35541000087108,retrieval_failure
Coronary Heart Disease,chain_of_thought,3,MedGemma 1.0-27B,ollama,medgemma:27b,1089441000000103,retrieval_failure
Coronary Heart Disease,chain_of_thought,3,MedGemma 1.0-27B,ollama,medgemma:27b,16891191000119108,retrieval_failure
Coronary Heart Disease,chain_of_thought,3,MedGemma 1.0-27B,ollama,medgemma:27b,868214006,retrieval_failure
Coronary Heart Disease,chain_of_thought,3,MedGemma 1.0-27B,ollama,medgemma:27b,1163440003,retrieval_failure
Coronary Heart Disease,chain_of_thought,3,MedGemma 1.0-27B,ollama,medgemma:27b,44791000087107,retrieval_failure
Coronary Heart Disease,chain_of_thought,3,MedGemma 1.0-27B,ollama,medgemma:27b,442421004,retrieval_failure
Coronary Heart Disease,chain_of_thought,3,MedGemma 1.0-27B,ollama,medgemma:27b,194802003,retrieval_failure
Coronary Heart Disease,chain_of_thought,3,MedGemma 1.0-27B,ollama,medgemma:27b,35451000087107,retrieval_failure
Coronary Heart Disease,chain_of_thought,3,MedGemma 1.0-27B,ollama,medgemma:27b,281091000,retrieval_failure
Coronary Heart Disease,chain_of_thought,3,MedGemma 1.0-27B,ollama,medgemma:27b,15712921000119103,retrieval_failure
Coronary Heart Disease,chain_of_thought,3,MedGemma 1.0-27B,ollama,medgemma:27b,194821006,retrieval_failure
Coronary Heart Disease,chain_of_thought,3,MedGemma 1.0-27B,ollama,medgemma:27b,896689003,retrieval_failure
Coronary Heart Disease,chain_of_thought,3,MedGemma 1.0-27B,ollama,medgemma:27b,233970002,generation_failure
Coronary Heart Disease,chain_of_thought,3,MedGemma 1.0-27B,ollama,medgemma:27b,1254663008,retrieval_failure
Coronary Heart Disease,chain_of_thought,3,MedGemma 1.0-27B,ollama,medgemma:27b,307140009,retrieval_failure
Coronary Heart Disease,chain_of_thought,3,MedGemma 1.0-27B,ollama,medgemma:27b,371806006,retrieval_failure
Coronary Heart Disease,chain_of_thought,3,MedGemma 1.0-27B,ollama,medgemma:27b,840679006,retrieval_failure
Coronary Heart Disease,chain_of_thought,3,MedGemma 1.0-27B,ollama,medgemma:27b,1254660006,retrieval_failure
Coronary Heart Disease,chain_of_thought,3,MedGemma 1.0-27B,ollama,medgemma:27b,401314000,retrieval_failure
Coronary Heart Disease,chain_of_thought,3,MedGemma 1.0-27B,ollama,medgemma:27b,233817007,generation_failure
Coronary Heart Disease,chain_of_thought,3,MedGemma 1.0-27B,ollama,medgemma:27b,233828006,retrieval_failure
Coronary Heart Disease,chain_of_thought,3,MedGemma 1.0-27B,ollama,medgemma:27b,703328007,retrieval_failure
Coronary Heart Disease,chain_of_thought,3,MedGemma 1.0-27B,ollama,medgemma:27b,15713121000119105,retrieval_failure
Coronary Heart Disease,chain_of_thought,3,MedGemma 1.0-27B,ollama,medgemma:27b,32574007,retrieval_failure
Coronary Heart Disease,chain_of_thought,3,MedGemma 1.0-27B,ollama,medgemma:27b,16837681000119104,retrieval_failure
Coronary Heart Disease,chain_of_thought,3,MedGemma 1.0-27B,ollama,medgemma:27b,697976003,retrieval_failure
Coronary Heart Disease,chain_of_thought,3,MedGemma 1.0-27B,ollama,medgemma:27b,836295007,retrieval_failure
Coronary Heart Disease,chain_of_thought,3,MedGemma 1.0-27B,ollama,medgemma:27b,1269257006,retrieval_failure
Coronary Heart Disease,chain_of_thought,3,MedGemma 1.0-27B,ollama,medgemma:27b,129574000,retrieval_failure
Coronary Heart Disease,chain_of_thought,3,MedGemma 1.0-27B,ollama,medgemma:27b,876857001,retrieval_failure
Coronary Heart Disease,chain_of_thought,3,MedGemma 1.0-27B,ollama,medgemma:27b,1255569006,retrieval_failure
Coronary Heart Disease,chain_of_thought,3,MedGemma 1.0-27B,ollama,medgemma:27b,85284003,retrieval_failure
Coronary Heart Disease,chain_of_thought,3,MedGemma 1.0-27B,ollama,medgemma:27b,1255623001,retrieval_failure
Coronary Heart Disease,chain_of_thought,3,MedGemma 1.0-27B,ollama,medgemma:27b,19057007,retrieval_failure
Coronary Heart Disease,chain_of_thought,3,MedGemma 1.0-27B,ollama,medgemma:27b,413844008,retrieval_failure
Coronary Heart Disease,chain_of_thought,3,MedGemma 1.0-27B,ollama,medgemma:27b,15713041000119103,retrieval_failure
Coronary Heart Disease,chain_of_thought,3,MedGemma 1.0-27B,ollama,medgemma:27b,194849004,retrieval_failure
Coronary Heart Disease,chain_of_thought,3,MedGemma 1.0-27B,ollama,medgemma:27b,371811008,retrieval_failure
Coronary Heart Disease,chain_of_thought,3,MedGemma 1.0-27B,ollama,medgemma:27b,1204152002,retrieval_failure
Coronary Heart Disease,chain_of_thought,3,MedGemma 1.0-27B,ollama,medgemma:27b,35551000087106,retrieval_failure
Coronary Heart Disease,chain_of_thought,3,MedGemma 1.0-27B,ollama,medgemma:27b,282006,retrieval_failure
Coronary Heart Disease,chain_of_thought,3,MedGemma 1.0-27B,ollama,medgemma:27b,12238151000119107,retrieval_failure
Coronary Heart Disease,chain_of_thought,3,MedGemma 1.0-27B,ollama,medgemma:27b,1255265004,retrieval_failure
Coronary Heart Disease,chain_of_thought,3,MedGemma 1.0-27B,ollama,medgemma:27b,161503005,retrieval_failure
Coronary Heart Disease,chain_of_thought,3,MedGemma 1.0-27B,ollama,medgemma:27b,66189004,retrieval_failure
Coronary Heart Disease,chain_of_thought,3,MedGemma 1.0-27B,ollama,medgemma:27b,371807002,retrieval_failure
Coronary Heart Disease,chain_of_thought,3,MedGemma 1.0-27B,ollama,medgemma:27b,827163002,retrieval_failure
Coronary Heart Disease,chain_of_thought,3,MedGemma 1.0-27B,ollama,medgemma:27b,233827001,retrieval_failure
Coronary Heart Disease,chain_of_thought,3,MedGemma 1.0-27B,ollama,medgemma:27b,89323001,retrieval_failure
Coronary Heart Disease,chain_of_thought,3,MedGemma 1.0-27B,ollama,medgemma:27b,846668006,retrieval_failure
Coronary Heart Disease,chain_of_thought,3,MedGemma 1.0-27B,ollama,medgemma:27b,868217004,retrieval_failure
Coronary Heart Disease,chain_of_thought,3,MedGemma 1.0-27B,ollama,medgemma:27b,1089431000000107,retrieval_failure
Coronary Heart Disease,chain_of_thought,3,MedGemma 1.0-27B,ollama,medgemma:27b,15712961000119108,retrieval_failure
Coronary Heart Disease,chain_of_thought,3,MedGemma 1.0-27B,ollama,medgemma:27b,35928006,retrieval_failure
Coronary Heart Disease,chain_of_thought,3,MedGemma 1.0-27B,ollama,medgemma:27b,426856002,retrieval_failure
Coronary Heart Disease,chain_of_thought,3,MedGemma 1.0-27B,ollama,medgemma:27b,792842004,generation_failure
Coronary Heart Disease,chain_of_thought,3,MedGemma 1.0-27B,ollama,medgemma:27b,713405002,retrieval_failure
Coronary Heart Disease,chain_of_thought,3,MedGemma 1.0-27B,ollama,medgemma:27b,1254661005,retrieval_failure
Coronary Heart Disease,chain_of_thought,3,MedGemma 1.0-27B,ollama,medgemma:27b,724431008,retrieval_failure
Coronary Heart Disease,chain_of_thought,3,MedGemma 1.0-27B,ollama,medgemma:27b,444856008,retrieval_failure
Coronary Heart Disease,chain_of_thought,3,MedGemma 1.0-27B,ollama,medgemma:27b,703360004,retrieval_failure
Coronary Heart Disease,chain_of_thought,3,MedGemma 1.0-27B,ollama,medgemma:27b,35411000087108,retrieval_failure
Coronary Heart Disease,chain_of_thought,3,MedGemma 1.0-27B,ollama,medgemma:27b,103011000119106,generation_failure
Coronary Heart Disease,chain_of_thought,3,MedGemma 1.0-27B,ollama,medgemma:27b,35571000087100,retrieval_failure
Coronary Heart Disease,chain_of_thought,3,MedGemma 1.0-27B,ollama,medgemma:27b,840315000,retrieval_failure
Coronary Heart Disease,chain_of_thought,3,MedGemma 1.0-27B,ollama,medgemma:27b,194858006,retrieval_failure
Coronary Heart Disease,chain_of_thought,3,MedGemma 1.0-27B,ollama,medgemma:27b,35461000087105,retrieval_failure
Coronary Heart Disease,chain_of_thought,3,MedGemma 1.0-27B,ollama,medgemma:27b,65547006,retrieval_failure
Coronary Heart Disease,chain_of_thought,3,MedGemma 1.0-27B,ollama,medgemma:27b,23311000119105,retrieval_failure
Coronary Heart Disease,chain_of_thought,3,MedGemma 1.0-27B,ollama,medgemma:27b,1755008,retrieval_failure
Coronary Heart Disease,chain_of_thought,3,MedGemma 1.0-27B,ollama,medgemma:27b,233831007,retrieval_failure
Coronary Heart Disease,chain_of_thought,3,MedGemma 1.0-27B,ollama,medgemma:27b,61236006,retrieval_failure
Coronary Heart Disease,chain_of_thought,3,MedGemma 1.0-27B,ollama,medgemma:27b,194843003,generation_failure
Coronary Heart Disease,chain_of_thought,3,MedGemma 1.0-27B,ollama,medgemma:27b,1204155000,retrieval_failure
Coronary Heart Disease,chain_of_thought,3,MedGemma 1.0-27B,ollama,medgemma:27b,442224005,retrieval_failure
Coronary Heart Disease,chain_of_thought,3,MedGemma 1.0-27B,ollama,medgemma:27b,79009004,retrieval_failure
Coronary Heart Disease,chain_of_thought,3,MedGemma 1.0-27B,ollama,medgemma:27b,472100003,retrieval_failure
Coronary Heart Disease,chain_of_thought,3,MedGemma 1.0-27B,ollama,medgemma:27b,44771000087108,retrieval_failure
Coronary Heart Disease,chain_of_thought,3,MedGemma 1.0-27B,ollama,medgemma:27b,703210007,retrieval_failure
Coronary Heart Disease,chain_of_thought,3,MedGemma 1.0-27B,ollama,medgemma:27b,723860000,retrieval_failure
Coronary Heart Disease,chain_of_thought,3,MedGemma 1.0-27B,ollama,medgemma:27b,233825009,retrieval_failure
Coronary Heart Disease,chain_of_thought,3,MedGemma 1.0-27B,ollama,medgemma:27b,57054005,retrieval_failure
Coronary Heart Disease,chain_of_thought,3,MedGemma 1.0-27B,ollama,medgemma:27b,15960341000119104,retrieval_failure
Coronary Heart Disease,chain_of_thought,3,MedGemma 1.0-27B,ollama,medgemma:27b,15990001,retrieval_failure
Coronary Heart Disease,chain_of_thought,3,MedGemma 1.0-27B,ollama,medgemma:27b,35561000087109,retrieval_failure
Coronary Heart Disease,chain_of_thought,3,MedGemma 1.0-27B,ollama,medgemma:27b,285981000119103,retrieval_failure
Coronary Heart Disease,chain_of_thought,3,MedGemma 1.0-27B,ollama,medgemma:27b,22298006,generation_failure
Coronary Heart Disease,chain_of_thought,3,MedGemma 1.0-27B,ollama,medgemma:27b,233846000,retrieval_failure
Coronary Heart Disease,chain_of_thought,3,MedGemma 1.0-27B,ollama,medgemma:27b,78741000119103,retrieval_failure
Coronary Heart Disease,chain_of_thought,3,MedGemma 1.0-27B,ollama,medgemma:27b,444855007,retrieval_failure
Coronary Heart Disease,chain_of_thought,3,MedGemma 1.0-27B,ollama,medgemma:27b,161502000,retrieval_failure
Coronary Heart Disease,chain_of_thought,3,MedGemma 1.0-27B,ollama,medgemma:27b,59063002,retrieval_failure
Coronary Heart Disease,chain_of_thought,3,MedGemma 1.0-27B,ollama,medgemma:27b,827164008,retrieval_failure
Coronary Heart Disease,chain_of_thought,3,MedGemma 1.0-27B,ollama,medgemma:27b,876858006,retrieval_failure
Coronary Heart Disease,chain_of_thought,3,MedGemma 1.0-27B,ollama,medgemma:27b,10971000087107,retrieval_failure
Coronary Heart Disease,chain_of_thought,3,MedGemma 1.0-27B,ollama,medgemma:27b,868220007,retrieval_failure
Coronary Heart Disease,chain_of_thought,3,MedGemma 1.0-27B,ollama,medgemma:27b,281092007,retrieval_failure
Coronary Heart Disease,chain_of_thought,3,MedGemma 1.0-27B,ollama,medgemma:27b,703212004,retrieval_failure
Coronary Heart Disease,chain_of_thought,3,MedGemma 1.0-27B,ollama,medgemma:27b,117051000119103,retrieval_failure
Coronary Heart Disease,chain_of_thought,3,MedGemma 1.0-27B,ollama,medgemma:27b,35491000087102,retrieval_failure
Coronary Heart Disease,chain_of_thought,3,MedGemma 1.0-27B,ollama,medgemma:27b,59021001,retrieval_failure
Coronary Heart Disease,chain_of_thought,3,MedGemma 1.0-27B,ollama,medgemma:27b,1222625002,retrieval_failure
Coronary Heart Disease,chain_of_thought,3,MedGemma 1.0-27B,ollama,medgemma:27b,16891151000119103,retrieval_failure
Coronary Heart Disease,chain_of_thought,3,MedGemma 1.0-27B,ollama,medgemma:27b,1254657004,retrieval_failure
Coronary Heart Disease,chain_of_thought,3,MedGemma 1.0-27B,ollama,medgemma:27b,703211006,retrieval_failure
Coronary Heart Disease,chain_of_thought,3,MedGemma 1.0-27B,ollama,medgemma:27b,123641001,retrieval_failure
Coronary Heart Disease,chain_of_thought,3,MedGemma 1.0-27B,ollama,medgemma:27b,698593009,retrieval_failure
Coronary Heart Disease,chain_of_thought,3,MedGemma 1.0-27B,ollama,medgemma:27b,25106000,retrieval_failure
Coronary Heart Disease,chain_of_thought,3,MedGemma 1.0-27B,ollama,medgemma:27b,233819005,retrieval_failure
Coronary Heart Disease,chain_of_thought,3,MedGemma 1.0-27B,ollama,medgemma:27b,225566008,retrieval_failure
Coronary Heart Disease,chain_of_thought,3,MedGemma 1.0-27B,ollama,medgemma:27b,233843008,retrieval_failure
Coronary Heart Disease,chain_of_thought,3,MedGemma 1.0-27B,ollama,medgemma:27b,233826005,retrieval_failure
Coronary Heart Disease,chain_of_thought,3,MedGemma 1.0-27B,ollama,medgemma:27b,35431000087103,retrieval_failure
Coronary Heart Disease,chain_of_thought,3,MedGemma 1.0-27B,ollama,medgemma:27b,10273003,retrieval_failure
Coronary Heart Disease,chain_of_thought,3,MedGemma 1.0-27B,ollama,medgemma:27b,12238111000119106,retrieval_failure
Coronary Heart Disease,chain_of_thought,3,MedGemma 1.0-27B,ollama,medgemma:27b,1208873007,retrieval_failure
Coronary Heart Disease,chain_of_thought,3,MedGemma 1.0-27B,ollama,medgemma:27b,233821000,retrieval_failure
Coronary Heart Disease,chain_of_thought,3,MedGemma 1.0-27B,ollama,medgemma:27b,876859003,retrieval_failure
Coronary Heart Disease,chain_of_thought,3,MedGemma 1.0-27B,ollama,medgemma:27b,30277009,retrieval_failure
Coronary Heart Disease,chain_of_thought,3,MedGemma 1.0-27B,ollama,medgemma:27b,840609007,retrieval_failure
Coronary Heart Disease,chain_of_thought,3,MedGemma 1.0-27B,ollama,medgemma:27b,315026000,retrieval_failure
Coronary Heart Disease,chain_of_thought,3,MedGemma 1.0-27B,ollama,medgemma:27b,233839009,retrieval_failure
Coronary Heart Disease,chain_of_thought,3,MedGemma 1.0-27B,ollama,medgemma:27b,1208872002,retrieval_failure
Coronary Heart Disease,chain_of_thought,3,MedGemma 1.0-27B,ollama,medgemma:27b,846683001,retrieval_failure
Coronary Heart Disease,chain_of_thought,3,MedGemma 1.0-27B,ollama,medgemma:27b,61490001,retrieval_failure
Coronary Heart Disease,chain_of_thought,3,MedGemma 1.0-27B,ollama,medgemma:27b,703209002,retrieval_failure
Coronary Heart Disease,chain_of_thought,3,MedGemma 1.0-27B,ollama,medgemma:27b,15713001000119100,retrieval_failure
Coronary Heart Disease,chain_of_thought,3,MedGemma 1.0-27B,ollama,medgemma:27b,428752002,retrieval_failure
Coronary Heart Disease,chain_of_thought,3,MedGemma 1.0-27B,ollama,medgemma:27b,123642008,retrieval_failure
Coronary Heart Disease,chain_of_thought,3,MedGemma 1.0-27B,ollama,medgemma:27b,54329005,retrieval_failure
Coronary Heart Disease,chain_of_thought,3,MedGemma 1.0-27B,ollama,medgemma:27b,1089451000000100,retrieval_failure
Coronary Heart Disease,chain_of_thought,3,MedGemma 1.0-27B,ollama,medgemma:27b,233832000,retrieval_failure
Coronary Heart Disease,chain_of_thought,3,MedGemma 1.0-27B,ollama,medgemma:27b,285721000119104,retrieval_failure
Coronary Heart Disease,chain_of_thought,3,MedGemma 1.0-27B,ollama,medgemma:27b,703165004,retrieval_failure
Coronary Heart Disease,chain_of_thought,3,MedGemma 1.0-27B,ollama,medgemma:27b,876856005,retrieval_failure
Coronary Heart Disease,chain_of_thought,3,MedGemma 1.0-27B,ollama,medgemma:27b,194868001,retrieval_failure
Coronary Heart Disease,chain_of_thought,3,MedGemma 1.0-27B,ollama,medgemma:27b,44781000087105,retrieval_failure
Coronary Heart Disease,chain_of_thought,3,MedGemma 1.0-27B,ollama,medgemma:27b,896690007,retrieval_failure
Coronary Heart Disease,chain_of_thought,3,MedGemma 1.0-27B,ollama,medgemma:27b,840313007,retrieval_failure
Coronary Heart Disease,chain_of_thought,3,MedGemma 1.0-27B,ollama,medgemma:27b,194828000,retrieval_failure
Coronary Heart Disease,chain_of_thought,3,MedGemma 1.0-27B,ollama,medgemma:27b,63739005,generation_failure
Coronary Heart Disease,chain_of_thought,3,MedGemma 1.0-27B,ollama,medgemma:27b,1255256006,retrieval_failure
Coronary Heart Disease,chain_of_thought,3,MedGemma 1.0-27B,ollama,medgemma:27b,314207007,retrieval_failure
Coronary Heart Disease,chain_of_thought,3,MedGemma 1.0-27B,ollama,medgemma:27b,70998009,retrieval_failure
Coronary Heart Disease,chain_of_thought,3,MedGemma 1.0-27B,ollama,medgemma:27b,840608004,retrieval_failure
Coronary Heart Disease,chain_of_thought,3,MedGemma 1.0-27B,ollama,medgemma:27b,712866001,retrieval_failure
Coronary Heart Disease,chain_of_thought,3,MedGemma 1.0-27B,ollama,medgemma:27b,194867006,retrieval_failure
Coronary Heart Disease,chain_of_thought,3,MedGemma 1.0-27B,ollama,medgemma:27b,1254662003,retrieval_failure
Coronary Heart Disease,chain_of_thought,3,MedGemma 1.0-27B,ollama,medgemma:27b,44821000087100,retrieval_failure
Coronary Heart Disease,chain_of_thought,3,MedGemma 1.0-27B,ollama,medgemma:27b,1254666000,retrieval_failure
Coronary Heart Disease,chain_of_thought,3,MedGemma 1.0-27B,ollama,medgemma:27b,868226001,retrieval_failure
Coronary Heart Disease,chain_of_thought,3,MedGemma 1.0-27B,ollama,medgemma:27b,1208867006,retrieval_failure
Coronary Heart Disease,chain_of_thought,3,MedGemma 1.0-27B,ollama,medgemma:27b,308065005,retrieval_failure
Coronary Heart Disease,chain_of_thought,3,MedGemma 1.0-27B,ollama,medgemma:27b,35471000087101,retrieval_failure
Coronary Heart Disease,chain_of_thought,3,MedGemma 1.0-27B,ollama,medgemma:27b,428196007,retrieval_failure
Coronary Heart Disease,chain_of_thought,3,MedGemma 1.0-27B,ollama,medgemma:27b,371805005,generation_failure
Coronary Heart Disease,chain_of_thought,3,MedGemma 1.0-27B,ollama,medgemma:27b,703214003,generation_failure
Coronary Heart Disease,chain_of_thought,3,MedGemma 1.0-27B,ollama,medgemma:27b,233841005,retrieval_failure
Coronary Heart Disease,chain_of_thought,3,MedGemma 1.0-27B,ollama,medgemma:27b,371068009,retrieval_failure
Coronary Heart Disease,chain_of_thought,3,MedGemma 1.0-27B,ollama,medgemma:27b,879955009,retrieval_failure
Coronary Heart Disease,chain_of_thought,3,MedGemma 1.0-27B,ollama,medgemma:27b,723859005,retrieval_failure
Coronary Heart Disease,chain_of_thought,3,MedGemma 1.0-27B,ollama,medgemma:27b,233842003,retrieval_failure
Coronary Heart Disease,chain_of_thought,3,MedGemma 1.0-27B,ollama,medgemma:27b,840680009,retrieval_failure
Coronary Heart Disease,chain_of_thought,3,MedGemma 1.0-27B,ollama,medgemma:27b,15713201000119105,retrieval_failure
Coronary Heart Disease,chain_of_thought,3,MedGemma 1.0-27B,ollama,medgemma:27b,233829003,retrieval_failure
Coronary Heart Disease,chain_of_thought,3,MedGemma 1.0-27B,ollama,medgemma:27b,371812001,retrieval_failure
Coronary Heart Disease,chain_of_thought,3,MedGemma 1.0-27B,ollama,medgemma:27b,194823009,generation_failure
